cell_id,lat,lon,dist_to_known_occurrence_km,dist_to_belt_axis_km,lithology_gondite_index,ferrous_oxide_index,magnetic_anomaly_norm,structural_lineament_density,ndvi,slope_deg,soil_mn_anomaly,prospectivity_label
0,20.75,78.75,43.274958137020775,30.4383206195937,0.042829315996952826,0.0948797050922904,0.14696975893215825,0.4827862874474548,0.44948670344372665,1.1913534573842175,0.08947757142800522,0
1,20.75,78.77208,41.65347052361396,28.92051106606973,0.0,0.0,0.05535590050216881,0.0,0.5548674005462849,5.726162780787567,0.0,0
2,20.75,78.79416,40.09766694709449,27.510491907733986,0.10025705676824218,0.0,0.0,0.0,0.6817990620058381,8.260688056480632,0.0,0
3,20.75,78.81623,38.61548741083538,26.22565495247397,0.12550708845815486,0.0,0.0,0.0873170255948966,0.6014720428612137,0.0,0.0,0
4,20.75,78.83831,37.215729591020576,25.085242667024954,0.0,0.0,0.35599723713565085,0.19521065110600003,0.552132289321825,1.848848447422729,0.014685429440128813,0
5,20.75,78.86039,35.908033636638706,24.109758025292432,0.0,0.09015672627662714,0.12754118755620095,0.05907132818695428,0.5512858532070902,4.303574947752088,0.0,0
6,20.75,78.88247,34.70280855715938,23.319907283536534,0.035854776277063724,0.14276394999616482,0.06957823114969514,0.0,0.3310174758863413,3.664442467130805,0.0,0
7,20.75,78.90455,33.61107937737737,22.73504632482405,0.0,0.2510365356938126,0.0,0.07158408038385802,0.42234226413012677,6.162813359233034,0.014201829614710315,0
8,20.75,78.92662,32.64423511938962,22.371258337034398,0.02201167862726495,0.07495422449085279,0.009689836622954612,0.21985830162831377,0.7061129719731909,3.9549761813122513,0.0,0
9,20.75,78.9487,31.81366391688482,22.239394789262594,0.0,0.16370645191797953,0.03540381772545145,0.3722134236221071,0.4782287956626994,2.3831428804727204,0.0,0
10,20.75,78.97078,31.13027519605541,22.34356226150146,0.1296667436010729,0.0,0.08276101106878392,0.384386080318434,0.7085424572177892,1.0988571884729192,0.16304058586114972,0
11,20.75,78.99286,30.603930356060708,22.680508841684407,0.1161557882358461,0.0,0.14993371117438115,0.17990458637963277,0.6644733801387739,0.6339066706391998,0.0,0
12,20.75,79.01494,30.242830072582834,23.240111889999238,0.02871225330987102,0.08986488888398614,0.0,0.07986954235793814,0.6717945763497208,1.7492942988549813,0.02776069904480751,0
13,20.75,79.03701,30.052931419051752,24.006805953232167,0.1535638196068103,0.0,0.0,0.17539071852817475,0.5952722611900343,2.1556235749023944,0.11657112216514229,0
14,20.75,79.05909,30.037481613677635,24.961515877160913,0.07170473629820426,0.05451787120350359,0.020254389130402044,0.009669173857224184,0.4876196500091311,4.559742848135672,0.025645171541958008,0
15,20.75,79.08117,30.1967484219414,26.08360458619741,0.0,0.0,0.0,0.0,0.5275345948662822,3.0886219281909355,0.19711441507913968,0
16,20.75,79.10325,30.527997435062428,27.40568621753285,0.054632793569444706,0.0,0.0,0.17341800569346505,0.6384199559043462,1.7360097370466834,0.0,0
17,20.75,79.12532,31.025720583476602,28.740360769251193,0.0,0.10886851926148992,0.0,0.2035781798010258,0.251278192290228,0.7450765473343481,0.0,0
18,20.75,79.1474,31.682072938275518,30.075009875493752,0.11206827208175398,0.1479673897259357,0.10086957778032027,0.39046487354278847,0.7231105606250656,1.4915673940530227,0.0,0
19,20.75,79.16948,32.48744142657685,31.409633523904247,0.0,0.0,0.39869609453147975,0.13240414716820825,0.4790930308432151,1.8080337115777196,0.526576641299336,0
20,20.75,79.19156,33.431058180768076,32.744231702123464,0.0,0.11164636770541068,0.0,0.0,0.537159524897705,1.291558589229858,0.08129835184417074,0
21,20.75,79.21364,34.50158179583016,34.078804397794734,0.0,0.0,0.45634623194153684,0.05309196391508739,0.5384908560992767,4.954159760917436,0.11123928974308799,0
22,20.75,79.23571,35.19922224211821,35.41335159855753,0.149438316242648,0.00574246088439879,0.0,0.18736722594804495,0.5438569056313624,6.732858914045773,0.10456596964910903,0
23,20.75,79.25779,35.8812841704408,36.74787329205378,0.0,0.22933583848778952,0.07073611823100935,0.0,0.3655845072099573,0.09393381469334283,0.012635944106581113,0
24,20.75,79.27987,36.694237914828484,38.08236946592107,0.0,0.13141653556549393,0.0,0.31646588367269596,0.5707999215699737,6.040851822059642,0.16792962555161736,0
25,20.75,79.30195,37.62960101602396,39.41684010779802,0.0,0.12921296724874626,0.200228903656949,0.04386820199933453,0.6328332078564751,4.915183332456618,0.0,0
26,20.75,79.32403,38.67849378958919,40.75128520532241,0.06499995711194347,0.3069873338446949,0.009000717938894778,0.03213447050136416,0.26345954890302015,3.564886475413694,0.04432708041372821,0
27,20.75,79.3461,39.83194851191456,42.085704746131555,0.04475223684095393,0.0,0.0,0.2773563549221778,0.36762823746623396,7.0531569929304805,0.06852279378203131,0
28,20.75,79.36818,41.08115860326932,43.42009871786302,0.05024760833910321,0.0,0.0,0.2800369780797378,0.6752085923094988,2.629580944847037,0.16298937209656966,0
29,20.75,79.39026,42.41766483099205,44.75446710814871,0.05227470761782213,0.0,0.015117195022684543,0.31717799545670927,0.6492014873577387,4.1072510767444905,0.0,0
30,20.75,79.41234,43.83348278118903,46.08880990462768,0.2574590091751923,0.0,0.1694422842491947,0.4068263894457358,0.5916894170497438,3.375413494711585,0.0,0
31,20.75,79.43442,45.32118002570255,47.423127094930834,0.0,0.0,0.0,0.20119635536953434,0.45439441541583825,3.174642298996977,0.0,0
32,20.75,79.45649,46.87391306246491,48.757418666692715,0.0,0.0,0.23499901756999553,0.13440625971794473,0.6501048217404155,4.23334090050208,0.08357233558365211,0
33,20.75,79.47857,48.48543400464932,50.09168460754609,0.0,0.0,0.22669776218696217,0.4379630748264207,0.3815320251395093,3.1551373434067003,0.08585424183302297,0
34,20.75,79.50065,48.0987045003287,51.42592490512189,0.07410705611309591,0.1258098811870053,0.0,0.030739209465815404,0.5307069561525346,4.241600873970159,0.0,0
35,20.75,79.52273,46.75125641797518,52.760139547052376,0.1356284129167151,0.05673518803605813,0.3191855092747425,0.21448162484065147,0.3670083733951987,1.2840715760800907,0.30628532549880755,0
36,20.75,79.54481,45.47956669917536,54.094328520963764,0.0,0.0,0.009264063581790613,0.18369377401191814,0.5272176083858936,1.3617685597679308,0.04582102311226635,0
37,20.75,79.56688,44.29016152925019,55.42849181449218,0.0,0.0946502372369019,0.010203628944883792,0.24613908841561527,0.4056207687365765,1.2657015504710947,0.019875169133165296,0
38,20.75,79.58896,43.189839570299675,56.76262941525991,0.0,0.11594467017930764,0.02010720595607002,0.16438546582612126,0.6556639502831262,2.067938502512331,0.0,0
39,20.75,79.61104,42.18557206475645,58.09674131089864,0.07813348183723225,0.0,0.014236405622208768,0.05929150248083789,0.61046863424074,5.648690855140474,0.14888306677306135,0
40,20.75,79.63312,41.28436937726169,59.43082748903467,0.08924041809435287,0.0,0.0,0.31352556451630154,0.4699139396463239,1.8104689303657115,0.06232435670092169,0
41,20.75,79.65519,40.49311345000356,60.764887937293175,0.06521847820231547,0.0,0.0,0.3364971506983363,0.7024074454503533,4.706918762451262,0.3023828768573706,0
42,20.75,79.67727,39.818359303793876,62.09892264330184,0.0,0.0,0.0,0.38351681773939494,0.41585350007324895,3.6992314383803713,0.0,0
43,20.75,79.69935,39.26611335767516,63.43293159468375,0.02788497830674074,0.0,0.3259017904450753,0.003120130353700727,0.5447725313306584,1.8601252536308241,0.0,0
44,20.75,79.72143,38.84160140129549,64.76691477906499,0.014022809398020426,0.011988274595596036,0.3179021731788465,0.2968456787767654,0.4636162825153084,6.410618612864203,0.0,0
45,20.75,79.74351,38.54904359218118,66.1008721840659,0.026259054865914785,0.0,0.171110695966788,0.2548224889343161,0.6536078892035008,4.919704050783623,0.08854760186062965,0
46,20.75,79.76558,38.391456679980074,67.4348037973108,0.10458460275985175,0.0,0.0,0.10725478361296581,0.6397491588172703,3.009647381456211,0.0,0
47,20.75,79.78766,38.37050367226627,68.76870960642299,0.02684199406965467,0.0,0.0,0.10539590931555462,0.731939966388575,2.793362937963324,0.2033765625421323,0
48,20.75,79.80974,38.486407731304155,70.1025895990202,0.08147805713746735,0.027467045340314907,0.0,0.4040876296118129,0.5612902627639454,3.2474168017351577,0.0,0
49,20.75,79.83182,38.73794044386559,71.43644376272515,0.008116237623830052,0.0681941206391057,0.38922699999074634,0.1088756489573745,0.1353423419601686,0.0,0.173116259141025,0
50,20.75,79.8539,39.122485874653464,72.77027208515642,0.03469973180203592,0.06444887861654369,0.0,0.0,0.4893838025033257,0.8578724460895315,0.0,0
51,20.75,79.87597,39.63617278488429,74.1040745539331,0.07575891391458688,0.00203879069656148,0.0,0.23842872839531318,0.768865920482648,4.204930071627407,0.18929693176434942,0
52,20.75,79.89805,40.274059953382384,75.43785115667193,0.0,0.0,0.20656147901802527,0.24783027790917173,0.50425758773865,0.0,0.21907155370045536,0
53,20.75,79.92013,41.03035505980389,76.77160188099187,0.0,0.0,0.30056111793192924,0.2124186132214595,0.28133056582322613,1.0579529598652557,0.0,0
54,20.75,79.94221,41.898646582959316,78.10532671450846,0.0,0.0,0.33223638181866083,0.07296966853026195,0.612720976307454,1.9809168542739068,0.07833430183656592,0
55,20.75,79.96429,42.87213023883416,79.43902564483615,0.0,0.0,0.20799905402531552,0.2049799473821551,0.6232106084835122,10.550823110632297,0.04283773847858925,0
56,20.75,79.98636,43.943815628213905,80.77269865959124,0.0,0.01202000333706891,0.24057506109164556,0.01401548381390147,0.44806023518257626,4.752855944680535,0.08267558763874074,0
57,20.75,80.00844,45.10670378086691,82.10634574638839,0.17939409745225737,0.22810484090552172,0.01080627001640222,0.03437625178219432,0.5153464582303826,5.854070959161458,0.2055116686797432,0
58,20.75,80.03052,46.353931130808974,83.43996689283946,0.0,0.12994973152626213,0.0,0.19552810478498978,0.4312902972881606,0.9074641637425955,0.15571508706257858,0
59,20.75,80.0526,47.678879451190696,84.77356208655546,0.11619413349641991,0.0,0.005713688489962366,0.05639560832896704,0.623088976725217,3.942075707991808,0.08225889206930455,0
60,20.75,80.07468,49.075254119975334,86.1071313151526,0.0,0.1085532720325402,0.12442120886572851,0.05903274185430959,0.5578678382630172,0.0,0.10608893781440878,0
61,20.75,80.09675,50.53713478599908,87.44067456623819,0.0,0.10245530040360445,0.0,0.1923148397545396,0.3867475198867233,2.1409448140312577,0.0,0
62,20.75,80.11883,52.059003248987636,88.77419182742311,0.01953074305311767,0.0,0.0,0.2295431686883114,0.5486297548196603,4.314419631551775,0.0,0
63,20.75,80.14091,53.63575341768979,90.1076830863173,0.0703469802243219,0.1358228822147134,0.0,0.29143144851449626,0.447350361104775,0.0,0.0,0
64,20.75,80.16299,55.26268782314179,91.4411483305295,0.08534743016038103,0.0,0.0,0.12257428707126095,0.7545284992832146,4.022504184683871,0.0,0
65,20.75,80.18506,56.93550454845812,92.77458754766698,0.09520186086619038,0.0,0.3676552483488061,0.0652524948530436,0.6751025504951224,4.23808592815795,0.17868947991214504,0
66,20.75,80.20714,58.65027774339747,94.10800072533527,0.0,0.07283470333082082,0.37488797690505843,0.0,0.5328695213038966,1.433750452474304,0.0,0
67,20.75,80.22922,60.4034342174002,95.44138785114451,0.0,0.03471574633779962,0.0,0.264676603701513,0.5613404921135039,0.8297307911146352,0.0,0
68,20.75,80.2513,62.19172800195609,96.77474891269615,0.1029572046540015,0.0,0.056314544544351086,0.23336924024682731,0.6919223704305688,1.1405638295983247,0.0,0
69,20.75,80.27338,64.0122142646757,98.10808389759666,0.0,0.0,0.0,0.42630261985785206,0.5256898931454167,2.098098697963219,0.0929741103466241,0
70,20.75,80.29545,65.86222354656772,99.4413927934511,0.0,0.0,0.1285200100442828,0.2866303970766162,0.6561715354939208,2.17653067131117,0.0,0
71,20.75,80.31753,67.13719853455466,100.77467558786056,0.0,0.09762176480825054,0.3519338315608964,0.0,0.7568312945200835,4.325106165223906,0.12541500484640125,0
72,20.75,80.33961,68.4482442393601,102.1079322684285,0.0,0.0,0.0,0.0,0.48127428961586327,1.6106598428545715,0.0,0
73,20.75,80.36169,69.8099298081713,103.44116282275488,0.05965932184604442,0.02663244074804581,0.09277911868901667,0.09109990892610884,0.7804585439432008,7.165619744424742,0.061074977384156834,0
74,20.75,80.38377,71.21935063302769,104.7743672384425,0.017091114400711753,0.05714323474130661,0.10780635145779145,0.1944231756318664,0.7397149650786681,7.146752246637281,0.06911093252959881,0
75,20.75,80.40584,72.67372943482184,106.10754550308974,0.08285826336569264,0.0,0.10552276374487286,0.061294186773450623,0.584797134010401,3.614191584065933,0.12638415437188744,0
76,20.75,80.42792,74.17042154361252,107.44069760429633,0.0,0.0,0.32856464632123833,0.17879946490066528,0.48785146388843015,2.1040101702922893,0.0,0
77,20.75,80.45,75.7069174274972,108.77382352966161,0.01902477631635513,0.0,0.40720448396973774,0.0,0.5830549528402863,1.6135193655549367,0.12476691039874915,0
78,20.76884,78.75,41.8472931711414,28.942114291961204,0.08310795725855415,0.09709087284443602,0.0,0.2527075937109458,0.5155827969247944,4.184684836615939,0.2410539347281413,0
79,20.76884,78.77208,40.16843017993884,27.341577129386607,0.0,0.0,0.13517335752933998,0.1235376719177941,0.4387644590522839,4.709854706842188,0.0,0
80,20.76884,78.79416,38.55295043031329,25.845753825584957,0.06827851211267907,0.031142309000573992,0.017569257210681876,0.194419388266664,0.6241945800267008,2.986786540306057,0.008283968886927482,0
81,20.76884,78.81623,37.00915507597838,24.473852043726374,0.0,0.07116097043665551,0.0,0.1470427104204572,0.4062875942341688,2.5711411954946897,0.0,0
82,20.76884,78.83831,35.54638523100038,23.24782076578914,0.0,0.11015394987679743,0.05541094410665881,0.0,0.5020676738356512,4.596993783153579,0.0,0
83,20.76884,78.86039,34.17504673801323,22.191849887164175,0.0,0.0,0.13590144762169273,0.17497862999110836,0.5037717808884385,3.9440053922835596,0.0,0
84,20.76884,78.88247,32.90657245760635,21.33121018437626,0.0,0.007150189055392326,0.045402711456739096,0.19334020071612695,0.3580334949248093,2.353694965819834,0.0,0
85,20.76884,78.90455,31.753292407001712,20.690291216176906,0.0902337442421259,0.28633725862435855,0.0,0.2536085891054501,0.6411799626158785,4.197206268991061,0.060486922052237456,0
86,20.76884,78.92662,30.728179644822468,20.28992533160297,0.0,0.294426982893669,0.0,0.15672484325001085,0.5168390980420303,2.370694187909376,0.1449050359919766,0
87,20.76884,78.9487,29.844444188443727,20.144460436912897,0.03632463158123003,0.178556969511105,0.0,0.2273964798051763,0.7304550796184801,2.005469772960137,0.04238205085885993,0
88,20.76884,78.97078,29.11496270980787,20.259387940357747,0.09185421963511542,0.07438299297065087,0.0,0.07288057603440345,0.5141868036815537,3.93466330470135,0.10795117209596862,0
89,20.76884,78.99286,28.55156106285404,20.630356520072766,0.08570000374729114,0.0,0.06716020737451867,0.1405303471066559,0.49136114236388573,2.4151987317616124,0.0,0
90,20.76884,79.01494,28.164207891008253,21.24395719471617,0.10884041123692585,0.13320188259926358,0.0883995813075591,0.04685074357382682,0.42152008076565084,1.9436120326253457,0.16928949014137054,0
91,20.76884,79.03701,27.960220940016182,22.079971029670805,0.013404838480704446,0.0,0.20086118681028065,0.0,0.5535708660798205,6.492916728592961,0.0,0
92,20.76884,79.05909,27.943616194077126,23.114277397400215,0.0,0.10428213964287358,0.0,0.3507349820742357,0.5543564830740605,2.670290593983027,0.2445093740065176,0
93,20.76884,79.08117,28.11472566303244,24.36161167491741,0.00767820112689436,0.0,0.0,0.10770039710829936,0.6520022497974141,8.39346344094651,0.21577925047770866,0
94,20.76884,79.10325,28.470164982844693,25.69629725611659,0.0,0.0,0.31543256215605864,0.0,0.5576436940627195,5.1471890325365415,0.12021395918780846,0
95,20.76884,79.12532,29.00315794444706,27.030957400455097,0.0,0.035317278360253175,0.0,0.25921059096646304,0.8415573262894477,1.312716171251009,0.3568108428504798,0
96,20.76884,79.1474,29.70414833536592,28.365592095578155,0.0,0.047063264347503776,0.009636746353016687,0.12721283478578524,0.6124547143310981,6.4003765530746906,0.0,0
97,20.76884,79.16948,30.561578266015765,29.700201329131858,0.0,0.08546006124990924,0.0,0.22689161617838735,0.4106156395425554,1.4687303811159804,0.12482130683059305,0
98,20.76884,79.19156,31.562700820996977,31.034785088760252,0.05364348546166344,0.0,0.22918139374589397,0.29686260686978505,0.39895471865542154,8.416897667005625,0.021701833981486784,0
99,20.76884,79.21364,32.60836933599354,32.369343362109035,0.0,0.0,0.23649108728031723,0.0,0.6239991615449875,3.8348545644931997,0.03911662909513185,0
100,20.76884,79.23571,33.1852839224764,33.703876136820654,0.0,0.263853212279155,0.2245589312293623,0.04945278539955422,0.40664156436793597,4.623422474890445,0.0,0
101,20.76884,79.25779,33.90779123333272,35.0383834005391,0.15881702220463603,0.401568799458626,0.006994807934201134,0.24903135690218858,0.6325756234143063,3.263906017628339,0.06321261952025094,0
102,20.76884,79.27987,34.76681552514293,36.37286514090462,0.0,0.0743640708960774,0.0,0.032093989681435585,0.6747805971465497,3.8494457394692123,0.05568571306852446,0
103,20.76884,79.30195,35.752517872276805,37.707321345559116,0.09036675756569972,0.0,0.3862448164187403,0.18240558610253482,0.6782472784280323,2.5406719826702933,0.0,0
104,20.76884,79.32403,36.854735412871804,39.04175200214273,0.0,0.0,0.17224567744160543,0.0,0.42788385740238477,0.7104651505027841,0.0,0
105,20.76884,79.3461,38.06334752332637,40.37615709829574,0.0,0.08312118387858293,0.0,0.1324921928181236,0.6786544744468557,3.9845214659722883,0.0,0
106,20.76884,79.36818,39.368556482053656,41.7105366216578,0.0,0.21597858691693422,0.28538670779435305,0.3148749353040199,0.5948797197724531,5.751876647333914,0.0,0
107,20.76884,79.39026,40.76108395072932,43.0448905598635,0.0,0.0,0.0,0.20815558312609966,0.46467384698382963,0.0,0.1537369557529586,0
108,20.76884,79.41234,42.23229331499748,44.37921890055512,0.10145035001060049,0.0,0.282510778780838,0.37512705870621077,0.5275083890586949,7.070203884783245,0.15693311633131646,0
109,20.76884,79.43442,43.77425200488993,45.71352163136597,0.0,0.03218708906472605,0.29593653244060997,0.12700649707793613,0.6158434775388292,4.618976187598287,0.12299485037247623,0
110,20.76884,79.45649,45.37974859075966,47.047798739933555,0.0525239949114788,0.1390394396584539,0.0,0.10911005765758815,0.45569701357720305,1.9123394618750824,0.15366361291466538,0
111,20.76884,79.47857,47.04227807680126,48.38205021389274,0.028843040173727796,0.0,0.11650601103439595,0.0987795521953042,0.5921816194190248,1.8592237785101868,0.15575542690768468,0
112,20.76884,79.50065,46.443867064460065,49.716276040877396,0.0,0.0,0.15661023250364184,0.0,0.7522973145440861,7.882729945528322,0.0,0
113,20.76884,79.52273,45.04712422873094,51.05047620852218,0.0,0.09982447688069865,0.5232036853262213,0.0,0.684858106762127,5.47164449290454,0.05432928554842246,0
114,20.76884,79.54481,43.72606894748442,52.384650704456575,0.008817078123056998,0.1803389841277086,0.0,0.1345407258443359,0.5613412842617417,5.9908277318098815,0.1738873828378384,0
115,20.76884,79.56688,42.48776180369946,53.71879951631909,0.0,0.0,0.2868619560529411,0.3073382008472547,0.5826118282341447,2.3702563263470577,0.0,0
116,20.76884,79.58896,41.33963952147366,55.05292263173498,0.028024692138568175,0.06511939517708869,0.0039045181735196553,0.41267415765836546,0.4744675936790883,4.464187013905894,0.0,0
117,20.76884,79.61104,40.28941282094488,56.38702003833774,0.002705160681282982,0.0,0.0,0.3689605363110068,0.4783719620502375,3.9254959723989966,0.0,0
118,20.76884,79.63312,39.344921829709975,57.72109172375719,0.1922798424977719,0.0,0.0,0.27247010341686834,0.3345086289603321,2.5606635219976526,0.0,0
119,20.76884,79.65519,38.51394633349341,59.05513767562092,0.0,0.16443308434025813,0.001220610330585944,0.048817401869539506,0.5848293007596553,3.2967900467939018,0.0,0
120,20.76884,79.67727,37.80397269947062,60.38915788155933,0.0,0.06219000014625063,0.0,0.0,0.6451827625572214,5.897102057965272,0.0,0
121,20.76884,79.69935,37.22192557971949,61.72315232919844,0.021547142831241428,0.07863864668763924,0.0633550646970756,0.15355217662168835,0.5396775063851567,7.168395926321135,0.24198572679763947,0
122,20.76884,79.72143,36.7738798470646,63.057121006166426,0.026426877618259167,0.24050905580708754,0.19256030405310298,0.17126291651395442,0.4267388522289116,2.35426355650113,0.0,0
123,20.76884,79.74351,36.464775303341284,64.39106390008659,0.16312434735649087,0.0,0.04869630442918891,0.15937502196668274,0.558799188542276,0.0,0.0,0
124,20.76884,79.76558,36.2981616757882,65.72498099858598,0.1002308345742287,0.0,0.0,0.016642091256932966,0.7373753225860735,7.27940461838692,0.026612075121887898,0
125,20.76884,79.78766,36.276002378866934,67.05887228929025,0.04283852674113421,0.025412939358462904,0.0,0.11990368231126047,0.6752439693122587,7.311238417907337,0.0,0
126,20.76884,79.80974,36.398561243589796,68.3927377598204,0.17560755599011066,0.0,0.00016029429437607252,0.351328778651204,0.5454096998313014,4.045515150792891,0.0,0
127,20.76884,79.83182,36.66438703849079,69.72657739780188,0.0,0.12542123111615208,0.044482854607562544,0.04659915979428042,0.8361964706846453,7.66472728755087,0.0,0
128,20.76884,79.8539,37.070397855137266,71.060391190855,0.0,0.0,0.22291220173617446,0.33251447296877895,0.9,3.8551512543438156,0.17075181811247034,0
129,20.76884,79.87597,37.61205419444345,72.39417912660248,0.0,0.0,0.0552452710665274,0.0,0.482401086740175,0.639336651157592,0.0,0
130,20.76884,79.89805,38.283598928318916,73.72794119266345,0.0,0.01060062358541687,0.0,0.1486897731182363,0.5152373111580576,0.0,0.0,0
131,20.76884,79.92013,39.07833638613793,75.06167737665952,0.0,0.027318118127672743,0.0,0.1213789547841892,0.646769594338425,0.0,0.07470360722482355,0
132,20.76884,79.94221,39.98892225319317,76.39538766620925,0.07622106698493966,0.1496010850219574,0.03376070277736464,0.32981210042078396,0.4219283114759207,3.013700369667123,0.0,0
133,20.76884,79.96429,41.00763990198859,77.72907204892917,0.0,0.0629440876986641,0.22528729799037434,0.06140597115386143,0.6686636145975852,1.789358768785084,0.2483591646427146,0
134,20.76884,79.98636,42.12664543044125,79.06273051243824,0.0,0.07381619207713278,0.2599465642746007,0.0,0.5640269098716021,1.4963528358748415,0.0,0
135,20.76884,80.00844,43.338171118333236,80.39636304435443,0.0,0.05127225094729046,0.3552397553968847,0.17029672264485812,0.6018834706294772,2.7232305118979525,0.0,0
136,20.76884,80.03052,44.63468371511276,81.72996963229201,0.03762287560693413,0.0,0.02636200057984283,0.0,0.46932114062599745,5.231749660315465,0.12585032533007426,0
137,20.76884,80.0526,46.008999081257826,83.06355026386495,0.10057616013273467,0.0,0.15284808595523205,0.0,0.4396280351983322,1.5786615925903889,0.0,0
138,20.76884,80.07468,47.454357985904714,84.39710492669158,0.23960848527937662,0.04622596865822206,0.0,0.0,0.27196135479233796,1.1407385066348745,0.05401466721387926,0
139,20.76884,80.09675,48.964469505687845,85.73063360838191,0.34966411909558287,0.0,0.08608513909905495,0.1589367041614532,0.7578121955980375,1.750028910591889,0.0,0
140,20.76884,80.11883,50.53352887001809,87.06413629655007,0.04972963097832864,0.2703787588481849,0.0,0.24288966218819968,0.6817585183827294,5.3949724436440185,0.16428944102550103,0
141,20.76884,80.14091,52.156216188928525,88.39761297880844,0.0,0.21475477045323316,0.0,0.2742564205372295,0.6442366996994463,2.8184417167166758,0.0,0
142,20.76884,80.16299,53.827681652505206,89.7310636427687,0.0,0.10125869765815276,0.6060126262028326,0.08073086942587557,0.5987402600259228,3.728181076622411,0.02829168522145023,0
143,20.76884,80.18506,55.543521778071145,91.06448827604027,0.03212563165378043,0.06055825600863889,0.06074374961379555,0.2771518403061333,0.22738903288831075,7.0382242290261505,0.0,0
144,20.76884,80.20714,57.29975027757564,92.39788686623136,0.0,0.0,0.0,0.17923174486229884,0.444831594651878,10.392823469488226,0.06606397652778236,0
145,20.76884,80.22922,59.09276621899119,93.73125940095538,0.0,0.0,0.08157505836131902,0.2097538765322957,0.5141381043260307,4.665277207403874,0.0,0
146,20.76884,80.2513,60.91932140277849,95.0646058678162,0.0,0.0,0.0,0.0,0.3986037205588867,4.4077600761331635,0.04196968127098064,0
147,20.76884,80.27338,62.77648827392407,96.39792625442327,0.0,0.016225581464131177,0.0,0.024745875140985335,0.3129012099926684,0.0,0.2805182005622244,0
148,20.76884,80.29545,64.12044479809751,97.73122054838379,0.12791771202379243,0.036714354963040964,0.42063482452317724,0.17372678103551054,0.41316463192692576,3.9583134883793494,0.0,0
149,20.76884,80.31753,65.41149516070057,99.06448873730155,0.018845895619779333,0.0751269252653318,0.21336787574167979,0.29588582844710015,0.5568763282227459,3.1613370009245187,0.06443991304392853,0
150,20.76884,80.33961,66.75627378263991,100.3977308087832,0.0,0.1474137605105477,0.06911160889432058,0.0,0.5569129126536833,5.319974152213418,0.36583487196118275,0
151,20.76884,80.36169,68.15160018860031,101.73094675043122,0.0,0.0,0.0,0.1151411016242826,0.6770508630101533,1.9813091354662489,0.06237672577283464,0
152,20.76884,80.38377,69.59443406147993,103.06413654985107,0.0,0.0,0.0,0.171537877195595,0.8388433232060852,3.521960060847766,0.0,0
153,20.76884,80.40584,71.08188248606079,104.39730019464416,0.0,0.23213762083287245,0.30849832445918535,0.19196359322070405,0.6460051807848463,4.573686568262028,0.0,0
154,20.76884,80.42792,72.61120368473506,105.730437672412,0.0,0.12335751924291335,0.06131698500115175,0.20000008833019414,0.5254219344316515,7.936281852965527,0.0,0
155,20.76884,80.45,74.17980787583414,107.06354897075748,0.21215160743212352,0.0,0.0,0.11112313084926803,0.8020448571799978,7.065868022452779,0.14751409831988635,0
156,20.78768,78.75,40.47774297179929,27.524142536836504,0.025812669536387764,0.0,0.4846968708030393,0.19605499743442836,0.32829385387551,6.714521559563206,0.0,0
157,20.78768,78.77208,38.739795505886846,25.836128795915595,0.13141584321017377,0.0,0.03731085450681572,0.05965424602387229,0.2586479514116389,5.400453064240379,0.17017379582197925,0
158,20.78768,78.79416,37.06231083694947,24.24781750973875,0.0,0.01718994102799136,0.06962124249790236,0.1132469663430693,0.42544341438613054,2.486917765264861,0.09786671716027905,0
159,20.78768,78.81623,35.4538723513335,22.780073142248565,0.0,0.09023253806433681,0.21860824688544367,0.14852452393320506,0.6631632510676949,5.60512984031233,0.09718639179758502,0
160,20.78768,78.83831,33.92430247525666,21.45765102711738,0.0,0.422857367200443,0.0947568114000192,0.34629439378375476,0.5728977756439225,1.8215812373754927,0.0,0
161,20.78768,78.86039,32.48474392333882,20.308959126307386,0.0,0.05032776158539691,0.1515594788069473,0.0,0.39114403378543083,3.40623002747637,0.08084834061395692,0
162,20.78768,78.88247,31.147679440181726,19.36493823505745,0.2950732923803611,0.12854373747748496,0.0,0.5319860012757631,0.4470937890991046,8.670377753787808,0.21874992595220716,0
163,20.78768,78.90455,29.92684982204266,18.656683104665028,0.0,0.0,0.0,0.12696337340400865,0.37482819057133465,5.53106247698086,0.0,0
164,20.78768,78.92662,28.837021456155735,18.211721394815857,0.14867957672306556,0.0,0.06027365941725296,0.15421517838170723,0.37455299784403684,4.779932562281395,0.0,0
165,20.78768,78.9487,27.893553633302623,18.049535956366867,0.0,0.22349990858918742,0.2913410562761648,0.35489810154382967,0.765233712388549,5.136180244442277,0.0569490911103868,0
166,20.78768,78.97078,27.11173039066798,18.17769734625553,0.16012294559366053,0.09099540465573931,0.0,0.23359467333719197,0.5277382959727318,3.9502522213549773,0.015985213624578186,0
167,20.78768,78.99286,26.505859328131418,18.590201553253195,0.0913169471323323,0.0,0.0,0.07648318283823455,0.7953289668138175,0.0,0.23021380399879324,0
168,20.78768,79.01494,26.088202252115885,19.268795678243677,0.021500948264143987,0.1314319932890954,0.2511716708248686,0.20023774813928286,0.4228115437904106,0.7704526522167332,0.1169666611563576,0
169,20.78768,79.03701,25.867877362962837,20.186662914558216,0.029689741061872894,0.32811972220648283,0.0,0.20009429196471246,0.6160743169834374,5.560111954968461,0.06540652430263443,0
170,20.78768,79.05909,25.849930879850262,21.31761839494409,0.0,0.0,0.0,0.22857347802297023,0.5791003499392174,1.449067383188055,0.13125028924950238,0
171,20.78768,79.08117,26.034781321303676,22.652314994528968,0.07645690665361862,0.2589503654975982,0.0,0.2816236189268093,0.6705458458109157,3.44664448936167,0.12269803980976174,0
172,20.78768,79.10325,26.418172059193886,23.98698616586277,0.0,0.0,0.0,0.20936428399829296,0.5831887482611012,0.4349038441114179,0.0069400534302398245,0
173,20.78768,79.12532,26.99164418141575,25.32163189659655,0.0,0.16151121016557715,0.0,0.0,0.6856867794363206,1.6714600952436933,0.0,0
174,20.78768,79.1474,27.743412909554454,26.656252174378807,0.0,0.008275555784983268,0.0,0.0530395093834686,0.6256247809767543,3.4544488607483688,0.15870223015496115,0
175,20.78768,79.16948,28.659450918205117,27.9908469868583,0.030128468780767234,0.0,0.050439408286538805,0.04665716521811114,0.3955369747566738,5.80340847853004,0.0,0
176,20.78768,79.19156,29.724574947817626,29.325416321680844,0.19703067714773367,0.0782231449696019,0.04824474331442642,0.2805855133308025,0.6511691758474207,6.269307041112602,0.0,0
177,20.78768,79.21364,30.567403861581216,30.659960166496,0.025235116625600726,0.18990819362399172,0.23468469131065292,0.0835405873969449,0.5343401440098315,1.3883082058981657,0.0,0
178,20.78768,79.23571,31.182025935436457,31.994478508947694,0.0,0.06311267693002556,0.3706382285793857,0.0,0.44015263590845854,4.0546756999412805,0.11716270679831647,0
179,20.78768,79.25779,31.949771600066132,33.328971336683765,0.0381678684354321,0.09770527549150794,0.30489691400375724,0.4242069825876515,0.6461831814701938,0.0,0.1972796311111057,0
180,20.78768,79.27987,32.859909760890396,34.66343863734625,0.15981746174612613,0.0,0.18496463625125786,0.24457377642494393,0.6781815339793699,3.3378994289062445,0.0,0
181,20.78768,79.30195,33.900973922791444,35.997880398580314,0.02880552815612383,0.0,0.0,0.16312393722876256,0.48159748782552836,5.643506170343251,0.0,0
182,20.78768,79.32403,35.06130337338098,37.332296608027576,0.0,0.11316647735010574,0.0,0.3230371114990877,0.5003412048550263,2.967835884617468,0.0,0
183,20.78768,79.3461,36.32947222240386,38.66668725333248,0.13434396703749427,0.28203584706813545,0.004658164809552301,0.23692807106439887,0.3553338961155261,6.543356701148963,0.17207394586814848,0
184,20.78768,79.36818,37.69459781393069,40.001052322136054,0.052723183232852404,0.18247779484212792,0.11796030380815764,0.4404523499431322,0.29696443246108706,5.281670485326992,0.22673015411633468,0
185,20.78768,79.39026,39.14653815490965,41.335391802077936,0.18530941497221998,0.0,0.1650361586249788,0.12825291836528208,0.5157834053303667,3.7185621150537926,0.0,0
186,20.78768,79.41234,40.67599765617911,42.66970568080073,0.022803707106591197,0.0,0.1251082876115972,0.0,0.6606602208783272,2.4293306171873517,0.0,0
187,20.78768,79.43442,42.27456338600788,44.0039939459402,0.0,0.0,0.0,0.08155796757692674,0.46956858396551243,1.6784805377883691,0.18445215274302215,0
188,20.78768,79.45649,43.93469266376566,45.33825658513831,0.0,0.0,0.157644023708078,0.09430755536672593,0.749759004401795,0.0,0.007217660148248303,0
189,20.78768,79.47857,45.64966935873277,46.6724935860311,0.19852988733169935,0.007810222023814022,0.2523733264307343,0.21580954950799855,0.5211903760068135,0.0,0.007834072539702534,0
190,20.78768,79.50065,44.825863035676775,48.00670493625635,0.20717497445535735,0.06357588726995256,0.17626302885839387,0.33569961910017343,0.5217448201525936,5.630249295488479,0.15419612514656583,0
191,20.78768,79.52273,43.377236320341794,49.34089062344976,0.0,0.0,0.0,0.16962665627759416,0.509382189592009,6.973033064646696,0.0,0
192,20.78768,79.54481,42.00386931443019,50.675050635245604,0.0,0.12480474664595906,0.0,0.0,0.6872407015125852,0.2215837553380866,0.0,0
193,20.78768,79.56688,40.71337886857427,52.00918495928357,0.17554528386901952,0.09658054758038762,0.0,0.351613818585504,0.4155265259200742,3.205117867710042,0.0,0
194,20.78768,79.58896,39.513885880190564,53.343293583191986,0.0,0.0,0.0,0.0,0.5316695699135977,0.0,0.07826257577372178,0
195,20.78768,79.61104,38.41391563716116,54.677376494607635,0.0,0.0,0.05215605313512019,0.12938366591444694,0.4730363849831403,0.48105407872249906,0.14064674334722557,0
196,20.78768,79.63312,37.42224515178888,56.01143368116152,0.07728747400413279,0.0,0.10484817431153533,0.10654098797866865,0.4709893478388883,3.6933970599968586,0.2613205016015386,0
197,20.78768,79.65519,36.54769119443985,57.34546513048541,0.0,0.0,0.0,0.1531890909308003,0.5544691068619303,1.6667706852459792,0.06456321289025913,0
198,20.78768,79.67727,35.798838167412875,58.67947083021085,0.0,0.0014420137596741402,0.0,0.5137988393287081,0.533622086077972,0.0,0.0,0
199,20.78768,79.69935,35.183713287622766,60.01345076796769,0.0,0.027251165089947335,0.04999028090321507,0.06397910623172648,0.6966659823726302,7.48048499435173,0.1418206941766638,0
200,20.78768,79.72143,34.70942713700968,61.34740493138739,0.04054521411916473,0.06086494484202616,0.0,0.05835964419818595,0.547876891207851,2.8820798784527137,0.0,0
201,20.78768,79.74351,34.3818086956845,62.6813333080947,0.1689268618326018,0.0393162817484075,0.08832328326746197,0.26845643069390684,0.6270515845871207,0.1370483046937867,0.22714003531216523,0
202,20.78768,79.76558,34.20507260855844,64.01523588572009,0.010893438815305197,0.0,0.0,0.014323618704194113,0.573517092947151,3.3402204085942264,0.03386019363213068,0
203,20.78768,79.78766,34.18155937518971,65.34911265189096,0.0772912706413905,0.0460078712439354,0.0,0.336256140985157,0.7458550070508639,2.7960668680459784,0.0,0
204,20.78768,79.80974,34.31158400170054,66.68296359423222,0.0,0.1605262544410514,0.012203359641480381,0.22450708901292893,0.5070092414804844,4.102197309321683,0.0,0
205,20.78768,79.83182,34.59341524258955,68.0167887003708,0.0,0.0,0.0799403014759342,0.03195701813309387,0.5074332826640853,2.121077504794747,0.10034608685739503,0
206,20.78768,79.8539,35.02338854640851,69.3505879579305,0.0,0.05097630094103186,0.0,0.1238005922564402,0.6537220208617128,3.8211246625460014,0.0,0
207,20.78768,79.87597,35.596135991388195,70.68436135453703,0.0,0.0,0.0,0.0,0.5052293337290248,5.456947931751454,0.0,0
208,20.78768,79.89805,36.304900965477756,72.01810887781127,0.0,0.0,0.09462300056095976,0.17861341118906407,0.6193036484988663,0.0,0.0,0
209,20.78768,79.92013,37.141897556443254,73.35183051537769,0.0,0.08375637386548063,0.0,0.15214236702646006,0.8768981810593959,1.2001375502617018,0.0,0
210,20.78768,79.94221,38.098675256391054,74.68552625485808,0.10991223226758247,0.0,0.0,0.1233192311180362,0.41259720065317385,5.184321352187022,0.0,0
211,20.78768,79.96429,39.16645681375151,76.01919608387166,0.0,0.06184411118844879,0.0,0.4956183385458824,0.764141404727567,1.5683303705071168,0.06697971355151236,0
212,20.78768,79.98636,40.33642772585323,77.35283999003956,0.003678296873702544,0.004567964279921635,0.0,0.2389915892745547,0.4808504241793975,2.789317170687919,0.0,0
213,20.78768,80.00844,41.59996684549596,78.68645796098225,0.0,0.0,0.0,0.15675388104104693,0.7370800622057,1.7784157581177187,0.0,0
214,20.78768,80.03052,42.948816712101724,80.02004998431761,0.0,0.0,0.0,0.14574901417292885,0.6458907188833489,1.9403733877572829,0.0,0
215,20.78768,80.0526,44.3751985436667,81.35361604766204,0.12033223153167025,0.0,0.33323924318156856,0.3485727085826857,0.6339231153741358,1.719436814374994,0.0,0
216,20.78768,80.07468,45.871880336916625,82.68715613863574,0.06457488735399165,0.0,0.0,0.21626448094867431,0.5287695033177209,0.0,0.0,0
217,20.78768,80.09675,47.432207770365764,84.02067024485189,0.16048860156212671,0.06127539255501964,0.0,0.050592493931828686,0.5148557905477025,4.194706095410165,0.1606224435765341,0
218,20.78768,80.11883,49.05010731903366,85.35415835392826,0.0,0.037056848332094154,0.42656805399196746,0.1276241955341222,0.4488626185099226,5.762672966807464,0.0,0
219,20.78768,80.14091,50.72006984218622,86.6876204534787,0.0,0.13595449470192808,0.08170510261556944,0.23179209384504085,0.5508360085856225,2.541714704854096,0.047175337454079945,0
220,20.78768,80.16299,52.4371214043404,88.02105653111761,0.0,0.0,0.0,0.017360178677005258,0.5242203713840895,5.469112704294444,0.0,0
221,20.78768,80.18506,54.196786563233125,89.35446657445824,0.029099955602268614,0.30326588403151605,0.0,0.13249120866268205,0.5767186698567572,1.7236237676141173,0.0,0
222,20.78768,80.20714,55.99504798692824,90.68785057111097,0.021189075783115803,0.0,0.08590281081482608,0.16592289574251246,0.3524905857845402,1.5700773677767779,0.0,0
223,20.78768,80.22922,57.828305121700886,92.02120850869078,0.0,0.0,0.3391761038714324,0.17002624511647005,0.5531572767725067,4.068138358372272,0.05112377666730362,0
224,20.78768,80.2513,59.69333373495471,93.35454037480515,0.010858948688592576,0.0,0.0,0.2436817132054413,0.7267618618455021,4.111455550473773,0.06908882296060166,0
225,20.78768,80.27338,61.11286325230763,94.68784615706653,0.027387539660876602,0.0,0.0,0.2123184073418758,0.6821592520408101,2.707070012818336,0.0,0
226,20.78768,80.29545,62.38181211421302,96.02112584308448,0.30209699664370854,0.24522212127092471,0.0,0.3623328479106397,0.553214143722256,4.759338377090773,0.1840838742462033,0
227,20.78768,80.31753,63.70794083735709,97.35437942046609,0.22522144314939657,0.21937217014221214,0.02062666314289745,0.21116474578323155,0.9,0.0,0.0,0
228,20.78768,80.33961,65.08775446234749,98.68760687681862,0.0,0.09612038812003168,0.0,0.0824699292729895,0.4691666484607798,2.2098282696850218,0.06217746159818861,0
229,20.78768,80.36169,66.51791221093846,100.0208081997504,0.0,0.0,0.0,0.03136582356547156,0.5378628499052214,5.508660545268644,0.0,0
230,20.78768,80.38377,67.99523743612195,101.35398337686705,0.0,0.28980364673888837,0.0,0.01211278675672145,0.3469255050652813,5.501643972963629,0.0,0
231,20.78768,80.40584,69.5167230559118,102.6871323957738,0.0,0.0,0.21482729542881923,0.054244597815859885,0.4934891975356327,5.173766581036741,0.0,0
232,20.78768,80.42792,71.07953328644086,104.02025524407496,0.037872629994817934,0.0,0.0,0.29269772485039913,0.8002925455217076,5.654007861205866,0.0,0
233,20.78768,80.45,72.68100242261036,105.35335190937563,0.14470245818050403,0.22996193964054573,0.07938752443775923,0.5124513137523669,0.4988315374968791,2.031468766509943,0.0,0
234,20.80652,78.75,39.172403459320925,26.197112249992458,0.0,0.11492520073497739,0.0,0.07832504254216831,0.3358114621076477,0.0,0.0,0
235,20.80652,78.77208,37.37403543656542,24.417761855533815,0.0,0.3640556243293256,0.02719662730747981,0.31292981191772473,0.6716855615232056,2.9241423031970353,0.050326741591571536,0
236,20.80652,78.79416,35.6325355213133,22.730775493241012,0.0,0.05448378050932082,0.0,0.14690300292719158,0.6039623726805148,5.373651487660004,0.07129565955454371,0
237,20.80652,78.81623,33.95665448446019,21.15825780186643,0.009891390253126537,0.0,0.0,0.3677315137665816,0.6655935573951298,5.936070803311857,0.433007542385637,0
238,20.80652,78.83831,32.356589982848135,19.72760125797039,0.0,0.0,0.4444696091683518,0.13857588582137328,0.5075029736629858,2.636976908371489,0.1486589635675158,0
239,20.80652,78.86039,30.84414343613083,18.471797156124197,0.0,0.0,0.18936951797254142,0.26119402514564494,0.40783192976582655,1.638970470517958,0.18833144802477247,0
240,20.80652,78.88247,29.43282508623359,17.428682981380287,0.0,0.0,0.0,0.0,0.5228115465287213,2.039719426330355,0.0,0
241,20.80652,78.90455,28.137856024794807,16.63830979892517,0.051159568252962716,0.21503482930376622,0.6445884874957073,0.005858269036047609,0.6258403042110307,3.0034351215706634,0.0,0
242,20.80652,78.92662,26.975997350700336,16.137855439416196,0.0,0.12995270606987705,0.0,0.3435641699637205,0.5376435231012964,0.0,0.0,0
243,20.80652,78.9487,25.96512406954716,15.954625236282688,0.0,0.03841300103080595,0.24016877769430076,0.20762265233844027,0.6016736773432979,3.158229043711298,0.2863105972047687,0
244,20.80652,78.97078,25.123468059376762,16.09945396018461,0.3238508634546447,0.0,0.0,0.17654794830413195,0.4718078246353555,4.628882801154988,0.3964322177230226,0
245,20.80652,78.99286,24.468497543353923,16.563738474558985,0.0,0.06948498003374265,0.0,0.14053449201524054,0.6061255321223384,4.174263988317145,0.0,0
246,20.80652,79.01494,24.01549172216376,17.321810224588198,0.0,0.19258306389727656,0.0,0.0,0.5459243667345222,3.454643658829535,0.0,0
247,20.80652,79.03701,23.77599755279687,18.33726939707479,0.26749528644571496,0.09614324823010248,0.062064187094447686,0.2885098617682157,0.44737518077453065,2.381141716189173,0.08780803094256744,0
248,20.80652,79.05909,23.75647328972754,19.608414072833614,0.38668794823652874,0.05020410913477503,0.021840782259129936,0.19850029192679208,0.5657781571928596,2.5293856764222133,0.0,0
249,20.80652,79.08117,23.95745673646685,20.94309626005604,0.0,0.0,0.0,0.36123930187234543,0.49217390592019694,2.434959119967776,0.0,0
250,20.80652,79.10325,24.37349359020132,22.277753015289264,0.0,0.15587903238347758,0.22792828858976324,0.0,0.6329609713356128,5.591483674371368,0.10224567045485516,0
251,20.80652,79.12532,24.993847089251407,23.612384326186103,0.06052459976297504,0.0,0.0,0.17704332289827265,0.6691380154274952,3.650457098658068,0.43503719617997705,0
252,20.80652,79.1474,25.803785386801803,24.946990180398632,0.2230851538837842,0.07349684289418876,0.07270796842595681,0.1754285719334445,0.6175032905496939,11.796680167553067,0.20917153971976538,0
253,20.80652,79.16948,26.78611642091759,26.28157056557797,0.0,0.42153621958297,0.1702484343447855,0.17672725575237797,0.31879933343700606,2.6212426695591873,0.2993924218130096,0
254,20.80652,79.19156,27.92265154357632,27.616125469372903,0.0,0.0,0.0,0.11393855805612665,0.41302697997793614,4.556905149359853,0.0,0
255,20.80652,79.21364,28.534268161459245,28.950654879435067,0.10130618697476873,0.0,0.0,0.06278385568865708,0.45915875407947754,2.554682085249703,0.17216661665094185,0
256,20.80652,79.23571,29.191647156656103,30.285158783411035,0.058597135723443036,0.004915510700951625,0.014735344865175996,0.0726373428300067,0.436974091516924,2.4417814755612968,0.0,0
257,20.80652,79.25779,30.010254091549704,31.619637168951957,0.0,0.0,0.1294457672120586,0.11329128124427817,0.47265613518487803,7.330353703790641,0.2683639772961306,0
258,20.80652,79.27987,30.977309750101984,32.954090023702214,0.0,0.17020890334851016,0.2871119952544454,0.3467305617950379,0.6783897545709943,5.824856101787486,0.21727254620495817,0
259,20.80652,79.30195,32.07939165171626,34.28851733530964,0.0,0.07927855607519584,0.0,0.09777400963947336,0.6468587238692731,0.0,0.09668357945228066,0
260,20.80652,79.32403,33.30309741591338,35.62291909141884,0.0,0.02746099385992385,0.0,0.33534602743699715,0.4898837236536582,0.5133263831755626,0.0,0
261,20.80652,79.3461,34.635538166551314,36.95729527967632,0.0,0.1301578250895689,0.0,0.1036727751788424,0.6322287746492603,2.793979380927417,0.0,0
262,20.80652,79.36818,36.06466396359635,38.291645887725785,0.029552222700880204,0.004856679352026247,0.06713268982206881,0.17317201782885078,0.595547451086769,1.7832922629858898,0.0,0
263,20.80652,79.39026,37.579445761489175,39.62597090321017,0.0,0.5106057936179348,0.0,0.204821401105789,0.5450187541490921,0.0,0.12198857926152133,0
264,20.80652,79.41234,39.1699473164501,40.96027031377442,0.057669040838229886,0.025751366967712314,0.0,0.09255080569316076,0.7104591678874872,3.3960893320618277,0.06463169711194552,0
265,20.80652,79.43442,40.82732016177737,42.294544107057284,0.12239409620280715,0.0325372808961613,0.0,0.021746271743523865,0.45719677390936225,0.0,0.22721118627325523,0
266,20.80652,79.45649,42.54374968999176,43.62879227070282,0.019346611993488597,0.0,0.11067533485071994,0.27109395971679934,0.557219759877274,3.400178795415516,0.2577348651284699,0
267,20.80652,79.47857,44.31237376104996,44.963014792349725,0.04276727323093389,0.0,0.0,0.1787442174921391,0.40275553662716435,4.958830564827853,0.0,0
268,20.80652,79.50065,43.24882659201487,46.29721165963906,0.0068241913264529995,0.1843622194403442,0.0,0.0,0.4094417693454867,5.321614986563958,0.07603445248639576,0
269,20.80652,79.52273,41.74570235599857,47.63138286020892,0.0003668455969854961,0.0,0.08674917043290362,0.11622643589907422,0.3593026243333124,2.670051582464852,0.0740904141382607,0
270,20.80652,79.54481,40.31697883641097,48.965528381696544,0.0,0.0,0.0,0.1883785208965047,0.41173856966326267,6.967152323409229,0.0,0
271,20.80652,79.56688,38.970839812759024,50.29964821174368,0.03820797132577206,0.0056793873840254635,0.0,0.1959851076857437,0.5613319258140248,3.8958816579977382,0.15069256105821915,0
272,20.80652,79.58896,37.71612900166684,51.63374233798169,0.0,0.2197728563651251,0.0,0.05003662755346367,0.5072797841446758,5.228163217016574,0.07857036836272371,0
273,20.80652,79.61104,36.56226029388969,52.96781074804967,0.2513267727836034,0.00719444905601676,0.24168926295228244,0.3735796026032547,0.511766615401362,1.1107341026501096,0.0,0
274,20.80652,79.63312,35.519062911654935,54.301853429581975,0.1889199430768784,0.0,0.0,0.0,0.5075800395355381,6.97782342978418,0.0,0
275,20.80652,79.65519,34.59654961509534,55.6358703702127,0.04639554596255558,0.0,0.0,0.3966211174543916,0.7975575725830849,3.0109110570597,0.0,0
276,20.80652,79.67727,33.804602119667564,56.96986155757641,0.0,0.07272284307661006,0.0,0.40035464280334887,0.39008000096306006,7.115643350410975,0.0,0
277,20.80652,79.69935,33.15257861386205,58.30382697930502,0.0,0.106163555096992,0.0,0.0941255817621156,0.375030104025971,6.545027671711355,0.0,0
278,20.80652,79.72143,32.648863363620244,59.63776662303267,0.14298537962281693,0.0,0.0,0.13083684524097547,0.4307742215196805,3.681782919494494,0.0,0
279,20.80652,79.74351,32.30039559606694,60.9716804763874,0.03156851904479752,0.1818810426922566,0.021674068163049436,0.29052898720833203,0.5390162860878825,4.065067546860123,0.07588995109889801,0
280,20.80652,79.76558,32.11222974749921,62.305568527002066,0.05764812364299272,0.12285957008913803,0.0,0.06455014206164866,0.6211202872138903,2.541030964335869,0.2247314640426221,0
281,20.80652,79.78766,32.087186075561064,63.63943076250707,0.0,0.18150445522989417,0.0,0.17130847321462322,0.6356506054952961,0.8777686276281766,0.008148438620725746,0
282,20.80652,79.80974,32.22564488675866,64.9732671705294,0.11131243662095203,0.09367607058066586,0.0,0.11886165129154204,0.6813194133526979,4.554106439658517,0.1514986586806306,0
283,20.80652,79.83182,32.525518190284174,66.30707773869862,0.054546309005155176,0.10487271005483606,0.0,0.22163954864019236,0.5339619433780942,4.420192782608709,0.024917174419347956,0
284,20.80652,79.8539,32.98240357245306,67.64086245464192,0.0,0.08356535424697345,0.014116735736608158,0.04897099619902209,0.49369528832098625,0.0,0.0,0
285,20.80652,79.87597,33.589894662059656,68.97462130598731,0.0,0.13916968122336593,0.06310142817440915,0.05158817939365233,0.7779436778950812,2.788999824508738,0.32117796998276876,0
286,20.80652,79.89805,34.3399995159443,70.30835428035874,0.03165420990779895,0.0,0.0,0.0,0.15955706782813273,5.2604808241181775,0.0,0
287,20.80652,79.92013,35.22360819804263,71.64206136538267,0.006302537710918165,0.0,0.15331183546840238,0.016728759407494423,0.5582220278895125,6.814058103762781,0.0016789974803062629,0
288,20.80652,79.94221,36.23095424418057,72.97574254868297,0.0,0.0,0.15391157071315484,0.0,0.6097239418048299,4.8885318739670875,0.0,0
289,20.80652,79.96429,37.35202776627504,74.30939781788423,0.0,0.0,0.19583665344325307,0.07437337972789096,0.8119200293339621,0.0,0.2530871192626673,0
290,20.80652,79.98636,38.57691500559884,75.6430271606078,0.0,0.06217007344224716,0.060697191718424144,0.032690615044431263,0.31719807991733984,0.26045851249484286,0.034566374350808296,0
291,20.80652,80.00844,39.896055230665645,76.97663056447766,0.018310182136684155,0.052000573327578646,0.1279823887615187,0.0,0.49092175598889254,2.102144312558605,0.4088841289954621,0
292,20.80652,80.03052,41.30041805048249,78.31020801711462,0.17658118319610075,0.17877554865371173,0.43744359888253276,0.23659974789982144,0.35972964160260135,6.638408602062517,0.005766327859856659,0
293,20.80652,80.0526,42.781611630621484,79.64375950613686,0.0,0.18378810120596334,0.0,0.05781632429090584,0.2980812076715098,1.4228929155535404,0.0,0
294,20.80652,80.07468,44.33193553534915,80.97728501916818,0.0,0.0,0.0,0.2444766828148323,0.5212427577644186,5.753473283717428,0.0,0
295,20.80652,80.09675,45.94439217545037,82.31078454382418,0.02118259247626895,0.038188384104039096,0.0,0.1865119390345582,0.6665386190615985,1.3808153989961838,0.17706465839620475,0
296,20.80652,80.11883,47.612669355263364,83.64425806772562,0.03552016108364924,0.0,0.3512739312521318,0.16176430954886967,0.7187641758187193,4.3856342732457,0.0,0
297,20.80652,80.14091,49.33110415988541,84.97770557848845,0.0,0.0,0.3538592583810849,0.2419539212393331,0.4754840634757784,0.5566398564158699,0.0,0
298,20.80652,80.16299,51.094636046346004,86.31112706373003,0.0,0.05149390173981249,0.0,0.2713938365560318,0.643273616813365,2.496700788417393,0.19649744617070405,0
299,20.80652,80.18506,52.898754852988034,87.64452251106607,0.03935991102453536,0.0,0.0,0.2670047853891488,0.5222897277448283,0.05834088147416239,0.16853867392181113,0
300,20.80652,80.20714,54.73944766743241,88.9778919081102,0.20728238841462374,0.3858035960147087,0.0,0.1532798636982154,0.6278985089814232,6.752516503756023,0.0,0
301,20.80652,80.22922,56.61314711941645,90.31123524247981,0.0,0.09062905114319054,0.24487846179818912,0.07806407891504163,0.7116105672885477,1.1937786608406573,0.0,0
302,20.80652,80.2513,58.11584418403739,91.64455250178538,0.10365959420971226,0.0,0.0,0.36336381284329816,0.5227953086687365,0.0,0.0,0
303,20.80652,80.27338,59.36024401213102,92.97784367364116,0.0,0.30838167119759075,0.0,0.26281522602838847,0.7007663118908479,0.0,0.0,0
304,20.80652,80.29545,60.66570110618229,94.31110874566033,0.0,0.0,0.433515860132399,0.0,0.38016805326430936,2.778127782741222,0.12219170903315626,0
305,20.80652,80.31753,62.02836050390247,95.64434770545239,0.0,0.02120484578505905,0.06248477707652162,0.10380588615755637,0.6419049969615498,1.8092410527323657,0.13984667795114042,0
306,20.80652,80.33961,63.444536520299835,96.97756054062724,0.0,0.0,0.090890483625307,0.0,0.694709144183491,4.686869828354912,0.05715357834356233,0
307,20.80652,80.36169,64.91072646125679,98.31074723879628,0.15600542792897026,0.2643199119090099,0.0,0.16809967047078206,0.6802252836282332,2.3888595708631595,0.029955965942855694,0
308,20.80652,80.38377,66.42361846181946,99.64390778756719,0.06991869034882592,0.0,0.09316153573668313,0.09455207369438481,0.38409390363977525,6.031652085169025,0.0,0
309,20.80652,80.40584,67.98009451285526,100.97704217454795,0.2078774417442724,0.023918311875574305,0.0,0.0851760511476535,0.5211840586665945,1.9980385813316708,0.2349012341437273,0
310,20.80652,80.42792,69.57722965866216,102.31015038734613,0.14128946599106437,0.19260586340454927,0.0,0.28132421790143125,0.5923026780432917,5.6689571472220575,0.0,0
311,20.80652,80.45,71.212288239839,103.64323241356922,0.052690432952850697,0.09362291795553239,0.021033482278370545,0.06590133281163335,0.6120259404156626,0.5234415081087507,0.0,0
312,20.82536,78.75,37.93790315525893,24.97552368301364,0.22483937212345603,0.002379218328754037,0.0,0.0,0.5658637167648889,0.0,0.025725950743016236,0
313,20.82536,78.77208,36.07829111872949,23.102520826642586,0.07394997694372082,0.19167776235057393,0.0,0.3572861542873947,0.7495967558446877,1.5502464338377626,0.0,0
314,20.82536,78.79416,34.271242991627545,21.3119096382357,0.12802626074200926,0.42371735669094096,0.0,0.389434421845566,0.3679482643130956,0.9082881502797093,0.0,0
315,20.82536,78.81623,32.525521005126116,19.626254262857508,0.002378316260913456,0.07250900670370704,0.0,0.02199694631716942,0.515480268281366,0.7910262002512489,0.0,0
316,20.82536,78.83831,30.851537297953353,18.074942924778636,0.057154569095257304,0.04512100402116023,0.0,0.07010452000541909,0.3125426186177911,5.283412902701511,0.08664916278806314,0
317,20.82536,78.86039,29.261606401161924,16.695466736911744,0.0,0.05881599999700093,0.0,0.547407094349763,0.6354507655951827,3.720780298227073,0.0,0
318,20.82536,78.88247,27.770168977757137,15.533673125941778,0.19384926101731637,0.24625771581064834,0.0,0.3544899243671725,0.6256925715590953,4.9706290004512255,0.0,0
319,20.82536,78.90455,26.39392700769423,14.64147315339299,0.0,0.0,0.035540480788143904,0.16939023658503435,0.9,6.140592729265515,0.06947572147824979,0
320,20.82536,78.92662,25.15179723381753,14.070245769896808,0.1897253172415297,0.0,0.0,0.18683091033259724,0.69066704548988,0.5020681200140693,0.0,0
321,20.82536,78.9487,24.064555883627726,13.859734516377458,0.07638751679563617,0.0,0.0,0.3667451889363292,0.5927671934568285,6.4113060436684375,0.0014888001364821964,0
322,20.82536,78.97078,23.154032505294456,14.02619017160399,0.23709925615104915,0.0,0.024385866698487718,0.5831594630497513,0.5814675178324831,1.7605962364090901,0.03541993489247354,0
323,20.82536,78.99286,22.44174723690478,14.556686626231452,0.17848384926113098,0.0,0.0,0.126732995187638,0.5009250351528066,3.285975936854954,0.0,0
324,20.82536,79.01494,21.947009906999355,15.413681746784082,0.2950937219508134,0.03056265704409917,0.0,0.34523426035739047,0.5631106202816882,0.0,0.0,0
325,20.82536,79.03701,21.684715725838593,16.564594579401273,0.15093628333928177,0.3178981127357513,0.0,0.3218701612817808,0.5832867262775141,6.130535582065943,0.022855420646966728,0
326,20.82536,79.05909,21.663309442911885,17.899287771395798,0.0,0.11577671378305497,0.1521310122311167,0.0,0.2695263067051107,0.0,0.0,0
327,20.82536,79.08117,21.883497974553098,19.233955540009354,0.0324977909756325,0.0,0.0,0.08762689923754238,0.5723553603609582,0.9416793172367419,0.0,0
328,20.82536,79.10325,22.338138209743352,20.56859787289856,0.0,0.0,0.02643286301235966,0.07289450255259533,0.5593091759052216,0.9838893350717894,0.0922250005010319,0
329,20.82536,79.12532,23.013339194143157,21.903214757719205,0.0,0.23851541965693823,0.0,0.21033759920564138,0.7912439947474593,3.454636751925584,0.0,0
330,20.82536,79.1474,23.890407480486186,23.237806182125734,0.202143971859003,0.19585931053771086,0.0,0.38839695948997766,0.5278353024888387,3.266518109711511,0.0,0
331,20.82536,79.16948,24.948061729433185,24.572372133771033,0.09315321994911789,0.01755810321691622,0.2390313506765111,0.056910010023710725,0.43969592178850003,5.697753852368386,0.26568622118171203,0
332,20.82536,79.19156,25.988295708195103,25.906912600308058,0.0,0.0,0.11341918467200826,0.21351067305094207,0.5849646206149083,3.2340673827566784,0.19399217450072623,0
333,20.82536,79.21364,26.510763715360824,27.241427569390517,0.0,0.18928188867691254,0.23246052292531347,0.002441588187980695,0.5579981757000704,5.947226475400066,0.19190647947934053,0
334,20.82536,79.23571,27.216973304479747,28.575917028667966,0.012476767481410408,0.0,0.0717521021220984,0.300043757957629,0.5295730232687267,4.3623520519878145,0.0,0
335,20.82536,79.25779,28.093071073704145,29.910380965793603,0.0,0.06933871621069469,0.08406806788039785,0.0,0.3690898021996635,0.8660327816936353,0.0,0
336,20.82536,79.27987,29.12372935149278,31.244819368414497,0.0,0.3691740522274982,0.0,0.0,0.5265977745058901,1.5448868942373442,0.0,0
337,20.82536,79.30195,30.293176487432,32.57923222418176,0.04182479329719931,0.03750150235141465,0.0,0.4029070751976513,0.46762981256314873,7.168581453503792,0.0,0
338,20.82536,79.32403,31.586000571668638,33.91361952074235,0.14214698568081824,0.0,0.0,0.20555808118298327,0.5186580221629756,6.399166299355394,0.0,0
339,20.82536,79.3461,32.987698935605756,35.24798124574578,0.07586111606466536,0.06890652110857037,0.24672040587184946,0.0725523631831425,0.6516824195188361,5.321810686397631,0.0,0
340,20.82536,79.36818,34.484997996811025,36.58231738683779,0.0,0.0,0.0,0.06394513166066611,0.4549298427519272,5.638784892129837,0.0805626014042889,0
341,20.82536,79.39026,36.06599295068893,37.916627931664024,0.03832496286292788,0.0,0.054107498765878274,0.26645881834796803,0.518537124740212,4.342548898196883,0.0,0
342,20.82536,79.41234,37.72016120045043,39.2509128678727,0.010085892422697636,0.11407580694542403,0.04599210220524405,0.31825134105379316,0.6253965148120832,3.9861434779499607,0.2756466513147144,0
343,20.82536,79.43442,39.43829642532331,40.58517218310492,0.050821210218046343,0.18045835839197266,0.23215012147674832,0.0,0.5120041743676321,3.2282979096209297,0.013733739166987257,0
344,20.82536,79.45649,41.21239906673703,41.91940586500744,0.1948693751209168,0.0,0.0,0.2011347426404197,0.9,7.5024013445492965,0.0,0
345,20.82536,79.47857,43.035548027035084,43.25361390122195,0.0,0.0,0.16587719808885246,0.0769462291244158,0.5846878437804464,1.865515836913163,0.0,0
346,20.82536,79.50065,41.71740406568974,44.58779627939155,0.0,0.0,0.0,0.24852331769716376,0.3759432437831406,3.6882635811802933,0.3353067851882871,0
347,20.82536,79.52273,40.15719741831183,45.92195298715705,0.07138306428164601,0.0,0.0,0.11110840855942054,0.43224967110275136,0.0,0.0,0
348,20.82536,79.54481,38.67001863117999,47.25608401215894,0.0,0.0,0.0,0.011278762301355676,0.4180914416704431,0.0,0.038412440320561556,0
349,20.82536,79.56688,37.264612080831625,48.59018934204138,0.1774179216302666,0.0,0.15811022066721495,0.2869909534849577,0.43409478119181893,7.760115375056321,0.0015733043494109904,0
350,20.82536,79.58896,35.950569179337435,49.92426896443838,0.0444462161329334,0.3033279249393895,0.1358930681366128,0.04531092311050637,0.6246770850200619,4.638715973325919,0.22663534666494892,0
351,20.82536,79.61104,34.738259529143356,51.25832286699208,0.10178497248163698,0.07517810544504071,0.18081117272103434,0.1901577508316229,0.3944769022459125,2.477237335467911,0.0,0
352,20.82536,79.63312,33.63868409362208,52.59235103733853,0.0,0.09209927965603601,0.0,0.16416565852797785,0.5028963743148996,3.2297295750800927,0.21272722293827684,0
353,20.82536,79.65519,32.66323013812363,53.926353463115476,0.09777657671885065,0.14185251338986626,0.0,0.02247753421974722,0.7091200242323831,0.0,0.2017214464644615,0
354,20.82536,79.67727,31.82331351163051,55.26033013195984,0.1283166152577545,0.12387880771136899,0.0,0.29200722602333007,0.4762374511076115,1.9062816098676119,0.0010642408274856526,0
355,20.82536,79.69935,31.12990697046993,56.594281031506235,0.028025450765318635,0.0,0.29152592123241333,0.0,0.6428918412384579,0.0,0.06622180287459047,0
356,20.82536,79.72143,30.592974345054706,57.92820614939174,0.02819223053545966,0.04414522450643752,0.3418373918786789,0.031176931013350163,0.31316338652927345,2.246624346781958,0.0,0
357,20.82536,79.74351,30.220856992323043,59.26210547324657,0.03249252988455968,0.0,0.16204848485153966,0.04580359506946974,0.4968150052616893,4.781265698770442,0.0,0
358,20.82536,79.76558,30.01968458594897,60.59597899070619,0.0,0.07069530149824366,0.06961317768177717,0.0,0.424624470237292,4.1893024946370225,0.09297767843079083,0
359,20.82536,79.78766,29.992897082070737,61.92982668940432,0.0,0.055194726653721375,0.27050241727801044,0.5530812112637022,0.5906187482756384,7.140953691215087,0.03958560794463049,0
360,20.82536,79.80974,30.14095943377503,63.263648556970345,0.0,0.0,0.0,0.04496299915660287,0.40381476296698354,3.7742768120944454,0.04290487748928369,0
361,20.82536,79.83182,30.461322084063312,64.59744458103683,0.046028363653928414,0.0,0.0,0.30611490825835086,0.8385041028956868,0.0,0.07728323808423018,0
362,20.82536,79.8539,30.94863482560283,65.93121474923299,0.11999580390354748,0.023791039884756573,0.0,0.12172705045676607,0.3193355976489721,8.077659890987178,0.0,0
363,20.82536,79.87597,31.59517365672001,67.2649590491896,0.0,0.0,0.0,0.32653623303822077,0.7079763726419481,0.8193067247180603,0.23900672050921884,0
364,20.82536,79.89805,32.39140541609861,68.59867746853381,0.0,0.0,0.0,0.256883848413166,0.6720541809310963,3.4258742257520263,0.0013680160482224303,0
365,20.82536,79.92013,33.326602525546974,69.93236999489457,0.17778333785881956,0.08144641538649917,0.0,0.44211568074110097,0.592606510040776,3.268552273344385,0.08672499604781876,0
366,20.82536,79.94221,34.38942963219644,71.26603661589871,0.0,0.15462699960587684,0.20654188065481005,0.21314355648743422,0.5569722598681678,3.629612361212824,0.0,0
367,20.82536,79.96429,35.568447352372715,72.59967731917288,0.0,0.40466876212759595,0.10998059441691758,0.07605045544018853,0.8091614927577591,3.127777448013336,0.16806261517269963,0
368,20.82536,79.98636,36.85250553518388,73.93329209234116,0.024281194760536758,0.0,0.2868967605385104,0.06791853284396594,0.8955048571408738,3.173193974145884,0.01665757405711516,0
369,20.82536,80.00844,38.23102169897917,75.2668809230308,0.10132978738180892,0.0,0.0,0.24569214249149657,0.5206408602494222,0.0,0.0,0
370,20.82536,80.03052,39.69415590326745,76.60044379886503,0.001373980805432518,0.0,0.38092652025989976,0.030612050552720992,0.5718198749525413,9.727966046626952,0.19318543564491086,0
371,20.82536,80.0526,41.232901186184705,77.93398070746501,0.1594775561900702,0.033422417660078425,0.0,0.1834254385816275,0.47245672020808216,4.695295899319868,0.0,0
372,20.82536,80.07468,42.83911063330218,79.26749163645663,0.1028171078091385,0.0324000913624222,0.0,0.15597152482924964,0.3861411903679311,3.1362363586707196,0.0,0
373,20.82536,80.09675,44.505480439770636,80.60097657345821,0.10101987326008317,0.0,0.0,0.5075363426887305,0.6147156654373865,7.790015005060248,0.0,0
374,20.82536,80.11883,46.225504923491854,81.93443550609378,0.06649515340141908,0.0,0.26172319997017834,0.00802625189190695,0.5848569551417203,0.21399718684283986,0.05982205613508585,0
375,20.82536,80.14091,47.993415649003175,83.26786842198167,0.2793193114851128,0.0,0.04524453795397821,0.3017239495196461,0.3245018537133103,5.258676344483574,0.05052913577707067,0
376,20.82536,80.16299,49.804113351094024,84.601275308742,0.0,0.14822960059772639,0.0,0.23118188054561345,0.6137906086240192,1.5573129860904287,0.0,0
377,20.82536,80.18506,51.6530985049186,85.93465615399346,0.0,0.0,0.0,0.44325344509042547,0.5896030826895489,4.046707320841731,0.0,0
378,20.82536,80.20714,53.53640422650922,87.26801094535143,0.1925110056970176,0.0,0.0,0.135079806103854,0.46579907909712,4.104130274788395,0.0,0
379,20.82536,80.22922,55.13107457827464,88.60133967043697,0.0,0.0,0.22656092934744274,0.28838697408023,0.45666638611867094,0.0,0.05173907850105512,0
380,20.82536,80.2513,56.34806148629372,89.93464231686292,0.012945962573876984,0.0,0.1597562770925773,0.17137029401471202,0.6093124787838102,0.0,0.0,0
381,20.82536,80.27338,57.630485519650186,91.26791887224654,0.15714632981582083,0.0,0.27051258850834276,0.0,0.7752299546282988,7.1250968443548786,0.17720755496482588,0
382,20.82536,80.29545,58.97407790937474,92.60116932420311,0.0,0.0,0.07938125901762869,0.2258729112424947,0.6057646149723122,2.3446762418753435,0.09792237249661623,0
383,20.82536,80.31753,60.374755008663826,93.93439366034514,0.0,0.07675939996421091,0.0,0.10219362023920928,0.6592592649696754,8.204372369096866,0.0030451699190219136,0
384,20.82536,80.33961,61.82863729144783,95.26759186828491,0.0,0.23025384192177284,0.0,0.22014551219166925,0.43348581030024513,6.406553718497033,0.0,0
385,20.82536,80.36169,63.332060622918114,96.60076393563718,0.0,0.11723527551044917,0.09298224522805937,0.0,0.49199665468115017,2.427481776273173,0.0,0
386,20.82536,80.38377,64.88158120020036,97.93390985001194,0.0527564742501215,0.15394760081339223,0.0,0.0,0.6351183234017987,2.198031951827266,0.10081544704862622,0
387,20.82536,80.40584,66.4739754670622,99.2670295990203,0.0629026064224413,0.2313777241187039,0.0,0.19504609161213446,0.359828629528843,7.286028602703961,0.0,0
388,20.82536,80.42792,68.10623616684643,100.60012317027187,0.033152953797583776,0.0911541556106172,0.0,0.0,0.5790058863098454,8.46797766052222,0.048520781540430796,0
389,20.82536,80.45,69.77556553759523,101.93319055137684,0.0,0.0,0.18952038764192036,0.06702299222258257,0.619077444294531,2.254944465888041,0.0,0
390,20.8442,78.75,36.78137552083998,23.875567038173273,0.0,0.17417591728127962,0.09223562062168494,0.23095020366262498,0.544170009599547,7.633286028910005,0.03721801960734227,0
391,20.8442,78.77208,34.8603707889116,21.908986163097882,0.03247466140751647,0.18796937960450488,0.10165215963932218,0.0,0.5941126355728754,6.466954964923158,0.22419442727445477,0
392,20.8442,78.79416,32.98691270966807,20.012113024320563,0.0,0.12445732150412175,0.0,0.12691140392026742,0.5572756396307802,7.100623402650326,0.12593567316682208,0
393,20.8442,78.81623,31.169575924903633,18.206748251855927,0.10322701699237025,0.0,0.0380235901493934,0.14115381124048998,0.4617884539802,4.453335563330068,0.0,0
394,20.8442,78.83831,29.41876294848727,16.522914955392462,0.14791861130414663,0.0,0.0,0.0,0.38358038616541057,2.686972115432004,0.0,0
395,20.8442,78.86039,27.74706943748511,15.001592547226323,0.09865218598932295,0.0,0.0,0.18970824028243743,0.535394442183081,1.9582057257383045,0.07106169104384613,0
396,20.8442,78.88247,26.16966205355743,13.697038504802002,0.1932101273320083,0.17094036401518414,0.0,0.36415642630040446,0.7300792751488092,1.5735913719567192,0.18725267533040443,0
397,20.8442,78.90455,24.704608151462562,12.676354912885358,0.14841330859271806,0.0494036795376066,0.0,0.2290036632697125,0.6901560543051997,10.168934520827829,0.0,0
398,20.8442,78.92662,23.373044721238365,12.012123446243374,0.1986698689857054,0.23977157969451166,0.0,0.1782811544042239,0.497586867879483,5.397637100522676,0.0,0
399,20.8442,78.9487,22.199006285906233,11.764874480540476,0.05618324057649206,0.2708005359246344,0.4891554460644309,0.3816335157313313,0.49379985429264683,2.458752762431978,0.3809467818451022,0
400,20.8442,78.97078,21.208669136779193,11.9604957904653,0.1146759056158018,0.25166154245783556,0.0,0.08079615158483727,0.4826072203935639,7.989121634457522,0.0,0
401,20.8442,78.99286,20.42876696647856,12.578341449997362,0.14651239675045968,0.24931847039596486,0.0,0.3496054036260287,0.48181552931946103,3.9796523151228627,0.40617993207794484,0
402,20.8442,79.01494,19.884076552586322,13.560822743970114,0.20279959383050924,0.0,0.06488232789538417,0.20817292714989394,0.5830109318821898,3.3021094930694224,0.0,0
403,20.8442,79.03701,19.594223350384294,14.855560788269928,0.03683608363046126,0.12185191911350043,0.37657688129519923,0.1320407443083023,0.6904133837438344,10.104207653695102,0.0,0
404,20.8442,79.05909,19.570533591459895,16.190239559135744,0.12985499830373512,0.0,0.06322475121937729,0.19928960931919038,0.8591290803901388,1.0294767943639056,0.0,0
405,20.8442,79.08117,19.813961981790587,17.524892902885657,0.021989068149923623,0.0,0.16223192885411153,0.28505830012557143,0.42646185909432743,4.8951669160563265,0.0,0
406,20.8442,79.10325,20.314908358325933,18.85952080717976,0.029037147457712832,0.0,0.0,0.2287332938659023,0.634395260619222,2.5706837593971663,0.0,0
407,20.8442,79.12532,21.05499991088924,20.19412325967711,0.13408055795887308,0.2358690948522877,0.0,0.12069301107272806,0.6199424485487595,2.0031895392064585,0.0,0
408,20.8442,79.1474,22.010126027731967,21.52870024803312,0.0,0.09372783996148078,0.031062429663750273,0.0,0.49873181524862,0.016932891563558705,0.024478525984010888,0
409,20.8442,79.16948,23.15369042625739,22.863251759904355,0.0,0.33949380160535253,0.0,0.19685361158906317,0.40214067189414265,3.864458375014115,0.0,0
410,20.8442,79.19156,23.93300949449154,24.197777782946137,0.0,0.04239011231538136,0.15516429209036797,0.22681479167875634,0.58484797747701,1.3396160804912163,0.0,0
411,20.8442,79.21364,24.49927710406691,25.53227830481394,0.0,0.40356653776646,0.0,0.0,0.8434125238305616,5.065035712893814,0.23201049039213695,0
412,20.8442,79.23571,25.261687549575335,26.866753313161798,0.0,0.03845775375817847,0.1860950867307555,0.04008335760218319,0.5846981559803105,3.332548982045005,0.15599245099239736,0
413,20.8442,79.25779,26.203125394403255,28.201202795643393,0.09902552195848766,0.012030441256229738,0.01468633837900532,0.10930483293655446,0.43725020071721926,2.5792725315470353,0.0,0
414,20.8442,79.27987,27.305079114508302,29.53562673991175,0.0,0.0,0.0,0.2962552330013995,0.5258710642232619,1.0798511386800143,0.06906646732043413,0
415,20.8442,79.30195,28.54896761316023,30.870025133617677,0.029563259781973224,0.18355981582709224,0.0,0.11546333659742505,0.38865936145701896,7.011317153750944,0.0,0
416,20.8442,79.32403,29.917092072913025,32.204397964411484,0.13537234898468498,0.0,0.0,0.0,0.5512251004044694,5.1640856287697705,0.04327609196103815,0
417,20.8442,79.3461,31.393213962527195,33.53874521994597,0.1630581449249041,0.0,0.24238611777468405,0.1984232605585889,0.6446087742608899,1.4451960769741161,0.0,0
418,20.8442,79.36818,32.96282761616184,34.873066887869264,0.0,0.20839203020763764,0.0,0.2374334534244073,0.4522135543173179,0.0,0.0,0
419,20.8442,79.39026,34.61321656317317,36.20736295583026,0.16482485546622655,0.18815272564770152,0.05715859473788395,0.3348963043879177,0.0935899378322716,0.0,0.005285093325331561,0
420,20.8442,79.41234,36.3333751524543,37.541633411477676,0.012972304283215351,0.18350384406286596,0.0,0.06917062386188576,0.5882943936367657,6.096009518650666,0.0,0
421,20.8442,79.43442,38.1138579718168,38.875878242458896,0.0,0.0,0.0,0.1448637145758917,0.47943409807972504,5.4836034144124355,0.0,0
422,20.8442,79.45649,39.946599566340225,40.21009743641973,0.0,0.0,0.0,0.1765193458234641,0.44464942095267546,5.824336695807752,0.268771431973156,0
423,20.8442,79.47857,41.8247305969381,41.54429098100677,0.0,0.0,0.020375015832819275,0.0,0.443509993060024,2.776278251280725,0.15213532663029183,0
424,20.8442,79.50065,40.23680402411273,42.8784588638652,0.0,0.1264104545186586,0.07466014804966181,0.40342860086892307,0.6057905926787608,5.172393031546141,0.0,0
425,20.8442,79.52273,38.61703184714933,44.212601072638776,0.0,0.24961335966966944,0.06483709219811062,0.4281964004262119,0.4925726663787597,5.73689054228146,0.0,0
426,20.8442,79.54481,37.06831143583884,45.54671759497042,0.09693511775992472,0.05981639322980628,0.0,0.15171739894810318,0.6798474955040495,2.8755994125117024,0.0,0
427,20.8442,79.56688,35.59991702750853,46.880808418505346,0.20689663337404332,0.3167976063670269,0.0,0.24125023520059585,0.6828132990398166,2.1180201897079263,0.32077938741089407,0
428,20.8442,79.58896,34.22219001900052,48.214873530884155,0.0,0.14429872793319046,0.10902670215783818,0.5248096326894908,0.511444796556464,0.504088870809567,0.0,0
429,20.8442,79.61104,32.94650674239766,49.54891291974804,0.04739843358645046,0.0,0.0,0.2514403085484309,0.4762540894724593,4.144568683810874,0.12213432498182497,0
430,20.8442,79.63312,31.785156039978403,50.882926572737986,0.0,0.1332914885189078,0.0,0.2668894652132456,0.5668783990786923,4.485498010462114,0.0,0
431,20.8442,79.65519,30.751094370817697,52.21691447749259,0.05712976746923804,0.2736600483479513,0.38367823492039543,0.14986816607499764,0.5284559279688427,1.9702064990797001,0.0,0
432,20.8442,79.67727,29.857549954878515,53.55087662165238,0.0,0.3204657127176613,0.0,0.14878590635987313,0.3032681169600585,2.272722030578191,0.0,0
433,20.8442,79.69935,29.117462087741053,54.88481299285493,0.0,0.1906819031351541,0.2201006629133231,0.21575270875545327,0.816413399814642,2.455252903660799,0.038804460752151465,0
434,20.8442,79.72143,28.54277024400124,56.21872357873905,0.11148090051297929,0.004926865338735929,0.0,0.08299620634866578,0.6482889562424855,5.0746613412052595,0.014580045569745136,0
435,20.8442,79.74351,28.143608408494252,57.55260836693999,0.0,0.0,0.13575130494528967,0.20608033544646773,0.4832758615998534,0.0,0.0,0
436,20.8442,79.76558,27.92750404185422,58.88646734509323,0.0,0.0930264613435974,0.146617756958784,0.38600900988337217,0.2798027759804694,0.1393031668651803,0.0,0
437,20.8442,79.78766,27.898711380700078,60.22030050083578,0.0,0.2686718853506813,0.0,0.0973189228928369,0.5228268081713195,0.18823901491309414,0.0,0
438,20.8442,79.80974,28.057807084102425,61.5541078218006,0.0,0.07019101644764575,0.0,0.0471582676883409,0.4658205654279459,2.6234542597731156,0.0,0
439,20.8442,79.83182,28.401633876131125,62.88788929562267,0.05137490869155845,0.07344004885192301,0.0,0.19118914754725827,0.5397608109260977,3.8280305318393792,0.0,0
440,20.8442,79.8539,28.923604577053016,64.22164490993308,0.0,0.008848131885246973,0.0,0.0,0.2454457437271334,0.22808830464763163,0.0,0
441,20.8442,79.87597,29.6143009792138,65.55537465236648,0.039457426653497656,0.0,0.10891373585055202,0.058218166169678884,0.4824484084446789,5.3695936099451895,0.06374798798426067,0
442,20.8442,79.89805,30.46224824825226,66.88907851055087,0.043445023948971616,0.0,0.0,0.17513245188998774,0.49116726592909804,6.808215958100157,0.2406658372783417,0
443,20.8442,79.92013,31.45473157273861,68.22275647212082,0.1584909298027348,0.02200596941179016,0.022015999407954668,0.18561153592295418,0.5220240095163127,4.0804674550877795,0.0,0
444,20.8442,79.94221,32.57854403197885,69.55640852470378,0.0,0.27515558962056647,0.0,0.015254189709266286,0.5160540927416062,5.923215248002722,0.005841796150647316,0
445,20.8442,79.96429,33.820596472582224,70.89003465592893,0.0,0.0,0.0,0.08509942034805794,0.5566022412619349,0.623968109227957,0.0,0
446,20.8442,79.98636,35.16836334402938,72.22363485342451,0.1280726094063369,0.008561881560666238,0.0,0.3095641692371598,0.7623953785612069,0.6854098113247078,0.05360047092100354,0
447,20.8442,80.00844,36.61017116983823,73.55720910481865,0.0,0.0,0.0,0.2757205284079113,0.4774502000169695,4.340561814863982,0.0,0
448,20.8442,80.03052,38.13535501545224,74.89075739773821,0.13375488847546158,0.11473673772033967,0.0,0.4612677539702762,0.42209058924096987,2.9023426832298975,0.0,0
449,20.8442,80.0526,39.73431495998025,76.22427971980665,0.04600829238565651,0.21872325261005066,0.0,0.0,0.30790767633417837,0.6795157761991271,0.0761492649138999,0
450,20.8442,80.07468,41.398503357854594,77.55777605865431,0.0,0.2599590608759205,0.0,0.2910023374833164,0.47824283062806366,6.706751909143193,0.08283447023793113,0
451,20.8442,80.09675,43.12036855571706,78.89124640190076,0.04185505560950701,0.03256696846051364,0.0,0.2014296473598703,0.3536735585505214,3.778258557033021,0.0,0
452,20.8442,80.11883,44.89327449522031,80.22469073717161,0.23412306728215496,0.09191774022890724,0.0,0.47251204738601854,0.6843008791604756,4.826865540153969,0.12831390252124286,0
453,20.8442,80.14091,46.711409836033624,81.55810905209,0.24923891267275444,0.0,0.2167130858604653,0.17664165516335428,0.5364620177891074,1.2479900992245039,0.0,0
454,20.8442,80.16299,48.569695522144556,82.89150133427722,0.008326736476302918,0.08449489243158315,0.0,0.27631794211904526,0.6814640826778264,7.368662142444188,0.20274925492852386,0
455,20.8442,80.18506,50.46369620100839,84.22486757135557,0.019223672139547187,0.05024360676299552,0.0,0.16303983581204823,0.7551530893526727,2.5953607647400703,0.23386126356651107,0
456,20.8442,80.20714,52.16061961897102,85.55820775094318,0.12914946023904958,0.00932959623880451,0.0,0.3388151030516068,0.4288583620218025,5.650216920345737,0.2569811660130481,0
457,20.8442,80.22922,53.346817568680265,86.89152186066313,0.0,0.022046597343927322,0.18299139793597904,0.10709532147250735,0.5013421129362687,1.4852248626578055,0.0,0
458,20.8442,80.2513,54.60342946717136,88.22480988813162,0.03996885593522052,0.07231250930498555,0.0,0.10338208740198798,0.7364138318149954,3.438982116387075,0.0643657465203048,0
459,20.8442,80.27338,55.92570903482554,89.55807182096738,0.0,0.0,0.29957946929146606,0.0,0.576472555376234,4.450802842197028,0.0,0
460,20.8442,80.29545,57.309111023659725,90.89130764679025,0.03766924904918879,0.0,0.0,0.22351810459925003,0.6229971725345619,8.188428568522276,0.2082321375879582,0
461,20.8442,80.31753,58.74931771857955,92.22451735321317,0.0,0.27318069826715924,0.10069998031786379,0.0,0.6946056756086485,1.8570286601496386,0.23100338812743493,0
462,20.8442,80.33961,60.242255154303976,93.55770092785481,0.0,0.4336897834065835,0.20734171933167792,0.22747812117278735,0.6755033308367155,3.526938057905057,0.1564882039632165,0
463,20.8442,80.36169,61.784100899446024,94.89085835832834,0.0,0.0,0.0900493737078475,0.06369559818616644,0.6074435929935391,4.539060973160051,0.0,0
464,20.8442,80.38377,63.37128515680666,96.22398963224904,0.0,0.0,0.0,0.08416418287954167,0.7454854311006849,0.0,0.08707952529776755,0
465,20.8442,80.40584,65.00048674963253,97.55709473723037,0.0,0.0,0.0,0.15606963779658134,0.5404404509721534,0.0,0.0,0
466,20.8442,80.42792,66.66862534760008,98.89017366088378,0.0,0.0,0.23401855078784736,0.10761654194670735,0.6227150276640067,0.41097511469272296,0.0022031890257451256,0
467,20.8442,80.45,68.37285106215633,100.22322639082361,0.23246779515894617,0.14332581607823217,0.0,0.0,0.5252515601393016,5.514798930542383,0.0,0
468,20.86304,78.75,35.71039709862744,22.914764775125885,0.15466614646073312,0.10895508616741664,0.19634674583390835,0.038947232619786026,0.6923569678906998,8.168149571735254,0.0,0
469,20.86304,78.77208,33.728706012706375,20.85806109113912,0.0,0.04612241191599786,0.0,0.28040110842943944,0.4511690735789263,1.4868586541395117,0.0,0
470,20.86304,78.79416,31.788874302969546,18.856025040653282,0.08489236500254452,0.10857082402602425,0.03075894196148954,0.49068757141407005,0.31339994100474045,0.9440223369361602,0.3634170551422752,0
471,20.86304,78.81623,29.89905055060111,16.928063969593943,0.010676498071627898,0.0,0.0,0.236098632115518,0.6403190159606513,8.3624205566381,0.0,0
472,20.86304,78.83831,28.06933726747172,15.10257335889802,0.04656997599800455,0.0,0.0,0.38182590000540545,0.40532150174797993,3.210507334189463,0.02586660927493775,0
473,20.86304,78.86039,26.312277436303276,13.421430562575946,0.12902757177815438,0.044529542249533136,0.0,0.2958650726811789,0.3908143957704331,4.059123464458761,0.0,0
474,20.86304,78.88247,24.643416430956865,11.945734783627225,0.21086536878700107,0.0,0.05418103040987683,0.013808092670848371,0.7237995533939959,9.180469989867511,0.0,0
475,20.86304,78.90455,23.081893006458817,10.760346941096358,0.12568392241011292,0.0,0.030675537000706268,0.08972807900289193,0.6810103267444518,9.088939529681124,0.006734348838460572,0
476,20.86304,78.92662,21.650944076757305,9.969366036564406,0.31750458746212323,0.0,0.10814255052867487,0.33448958788874966,0.49663135616111836,8.401408893104108,0.0,0
477,20.86304,78.9487,20.378095067091763,9.670065070385425,0.06251999420981488,0.20149694245514244,0.0,0.2690320752703693,0.1169360956782261,1.6235396243991076,0.0,0
478,20.86304,78.97078,19.294660484755912,9.907106756634546,0.1925832554416596,0.11774749380088909,0.0,0.5264626077859852,0.6166287884176465,2.7214914369002448,0.12862087411325035,0
479,20.86304,78.99286,18.434068303168008,10.644720595152846,0.4813534909435491,0.1713250438164772,0.06456706134679016,0.17360456942139157,0.6334881945823878,8.671243985665896,0.2616709322944578,0
480,20.86304,79.01494,17.828617785205086,11.811915399094708,0.16641446082196107,0.0,0.0,0.22076855646737548,0.612107651599596,6.24898897946558,0.0,0
481,20.86304,79.03701,17.504803266920796,13.146605161073767,0.2837793525088493,0.0,0.24886360744019587,0.1281150273269852,0.6051053961094157,3.066482796303865,0.0,0
482,20.86304,79.05909,17.478285106694855,14.48126950454616,0.10047989181332123,0.1565140118767063,0.010434983610282441,0.23211659973587023,0.5137435225345828,3.9048813751308415,0.24473859597886855,0
483,20.86304,79.08117,17.750395790529833,15.815908417171709,0.14134163134482494,0.0,0.0,0.23855293405814726,0.48215393382912475,7.441116283437347,0.0,0
484,20.86304,79.10325,18.307824517959503,17.15052188661257,0.05054531506429451,0.2329570203504261,0.12110699047932905,0.17583490386032,0.385677897350548,8.310368809742066,0.0657791793316631,0
485,20.86304,79.12532,19.125640210709893,18.48510990053047,0.025471222366925953,0.0,0.009437460349718513,0.06483821846213317,0.4441103603014262,4.138572520271502,0.6952715319013822,0
486,20.86304,79.1474,20.172198065830923,19.819672446584093,0.0,0.1607647809039871,0.0,0.15636319747028804,0.588074909688596,2.2090642202227837,0.10336127903704222,0
487,20.86304,79.16948,21.413986593184433,21.15420951243238,0.08106731473252107,0.0,0.0,0.293103897362155,0.5916729558067007,3.141639154054872,0.01255361725602422,0
488,20.86304,79.19156,21.885251373312983,22.488721085733324,0.0,0.18601372388572437,0.22650316416184155,0.39163225831045634,0.6553644176171387,7.231661885677912,0.14242103609269952,0
489,20.86304,79.21364,22.503031286043097,23.82320715414538,0.09873357585363358,0.528733510850514,0.03014871612989528,0.0,0.3483984507773044,7.078943453285527,0.1254088501049048,0
490,20.86304,79.23571,23.330665007787573,25.157667705324645,0.14533619099082962,0.0,0.0,0.0,0.31361297367840535,4.054933155719015,0.0,0
491,20.86304,79.25779,24.346760870541665,26.492102726927474,0.05607408514540281,0.12208027625819212,0.07998566626531772,0.2668622166214906,0.4933838599680159,2.097424616426356,0.0,0
492,20.86304,79.27987,25.528825309549852,27.82651220661048,0.0,0.0,0.0,0.09372655500787211,0.40436815568452533,6.223955535574877,0.09550190614139602,0
493,20.86304,79.30195,26.85495110738427,29.160896132025936,0.06222519591848245,0.07572323670131663,0.0,0.0012668975802595794,0.5737620785151131,7.572095775171004,0.11934288980970685,0
494,20.86304,79.32403,28.30489702244159,30.495254490828035,0.0,0.0,0.0,0.12066679714931951,0.36482974398984425,0.0,0.0,0
495,20.86304,79.3461,29.860631433030274,31.829587270671365,0.11723269494634432,0.0258721866498067,0.20349515715372493,0.21441276605320983,0.7138532422555142,2.657681441430074,0.26336934825022884,0
496,20.86304,79.36818,31.50648726287109,33.16389445920671,0.0,0.0,0.0,0.0,0.43386318025977477,6.231395732175319,0.2312439769897711,0
497,20.86304,79.39026,33.22907587837448,34.49817604408625,0.0,0.12842238099142028,0.0,0.0372068468581634,0.7721876573166478,3.3863238261435535,0.12397556871293122,0
498,20.86304,79.41234,35.01707497374183,35.832432012961085,0.0,0.0,0.02539955191762281,0.08999128017245803,0.622818263451404,1.8976140473374195,0.0,0
499,20.86304,79.43442,36.86096723208535,37.166662353481286,0.0,0.20113697791318982,0.31665538166706025,0.019713315107250325,0.40183803173912414,3.626288682620229,0.0,0
500,20.86304,79.45649,38.752775099564914,38.500867053295636,0.1652973256006675,0.0,0.11146837619307821,0.3424643486574638,0.8429509659306997,4.0886802765352535,0.0,0
501,20.86304,79.47857,40.5543397391885,39.8350461000525,0.10873030467309264,0.0,0.0,0.23514700882536943,0.5869312593904896,0.17787056731321993,0.0,0
502,20.86304,79.50065,38.81284310470968,41.16919948140066,0.0,0.2566911509788967,0.30655985976499023,0.11170869787371655,0.5729465019083159,3.328883759452809,0.0,0
503,20.86304,79.52273,37.13122133417093,42.503327184986254,0.0,0.0,0.0,0.21058454717691433,0.5404597470532909,4.035096052739682,0.10356265837731092,0
504,20.86304,79.54481,35.51797992286918,43.83742919845488,0.0,0.3063688335430972,0.05432180848055568,0.0,0.6147802441949584,1.7928056310540137,0.18759656885338388,0
505,20.86304,79.56688,33.982858799749856,45.17150550945473,0.0,0.19645275427357045,0.0992154234258224,0.20734787509712624,0.6228650307167605,1.0328275768267647,0.0,0
506,20.86304,79.58896,32.536917232664265,46.50555610562851,0.290880145319714,0.0,0.0,0.29630980783468885,0.42802071039546197,1.6527925274376791,0.0,0
507,20.86304,79.61104,31.19255956212084,47.83958097462007,0.05253066527843322,0.0,0.14227311402432785,0.0412547118019705,0.5189981150044345,0.5198601928830966,0.0,0
508,20.86304,79.63312,29.96346209849622,49.17358010407371,0.0,0.020319824887236833,0.0,0.3031349083837653,0.5648423132994307,5.249752866877466,0.0,0
509,20.86304,79.65519,28.86435260161871,50.50755348163039,0.056030497499945285,0.2452124606343369,0.1432346349917046,0.08662071533528892,0.6299552748295818,0.4754211232505754,0.0,0
510,20.86304,79.67727,27.910591964606326,51.84150109493362,0.0,0.07108558526029872,0.0,0.13902969107834273,0.6320475512964819,3.519867853456765,0.2132068127470847,0
511,20.86304,79.69935,27.117520905701664,53.1754229316231,0.0,0.029384054794482653,0.07277377148410699,0.5079514265014655,0.5708571464341717,2.051531934222,0.0,0
512,20.86304,79.72143,26.499570575962753,54.50931897934099,0.012050663049691593,0.0,0.0,0.06582131523540583,0.47053973070718197,1.1850020314480514,0.0,0
513,20.86304,79.74351,26.06919727117019,55.84318922572374,0.0,0.0,0.23693269394560212,0.0,0.46318248377236637,6.583629260402166,0.0,0
514,20.86304,79.76558,25.835776695505388,57.177033658411325,0.09496941014800386,0.21010635038501713,0.0,0.2707749022223295,0.38049404490296146,2.675636529682574,0.0774505634836011,0
515,20.86304,79.78766,25.804654119586864,58.51085226504275,0.04141561646916306,0.0019434299936757992,0.25718236671275707,0.32427436692586953,0.6302525553845011,1.2730761372558899,0.0,0
516,20.86304,79.80974,25.97655667536144,59.84464503325397,0.08024571297089444,0.0,0.10863325820598824,0.16803604046325718,0.46112818555425245,1.0223445117787855,0.0,0
517,20.86304,79.83182,26.34751078794462,61.17841195068171,0.0,0.0,0.0,0.3401017709276519,0.5206773272003647,3.891616344180104,0.08480039830008027,0
518,20.86304,79.8539,26.909285718871608,62.512153004960716,0.1077677179267441,0.0,0.16353539124778083,0.041339134983322395,0.5810285009611191,5.157792511644082,0.0535411743490106,0
519,20.86304,79.87597,27.65025308520453,63.84586818372801,0.19549634935222723,0.0,0.1640567859685745,0.0009804766007682625,0.5485571839451417,6.3114333009189485,0.0,0
520,20.86304,79.89805,28.556467521025866,65.17955747461457,0.0,0.0,0.09883032190818254,0.04802350517130108,0.5475002848870077,2.5705355227171096,0.08301110060509034,0
521,20.86304,79.92013,29.612762143053317,66.51322086525707,0.0,0.24026547944725474,0.0,0.16353647287378753,0.42186790099079796,2.413453900751284,0.18914540171391983,0
522,20.86304,79.94221,30.80370152905969,67.84685834328596,0.16030639702991067,0.0,0.0,0.0,0.5864621112434304,3.3452708885127866,0.0,0
523,20.86304,79.96429,32.11430949531515,69.18046989633278,0.0,0.11299426444819127,0.2791506523252684,0.2067427051896089,0.5052566198498414,3.4386540601078126,0.0,0
524,20.86304,79.98636,33.530556505671804,70.51405551202912,0.16846643791302762,0.0,0.0,0.2190885297296968,0.5371557551335585,0.9962137830393418,0.30306832644448733,0
525,20.86304,80.00844,35.03963558285915,71.8476151780055,0.0,0.09107892937560146,0.1778608034282066,0.1239421679119102,0.7115337848886,6.805341866118562,0.0,0
526,20.86304,80.03052,36.63007506120877,73.18114888189176,0.17461051543789902,0.0,0.1423154344647882,0.5209018564573826,0.6202982164603484,3.06042439951522,0.0,0
527,20.86304,80.0526,38.29173839147543,74.5146566113131,0.015782338648684016,0.0,0.0,0.2660725227318525,0.46974885326540206,4.392607213044992,0.05296920130349738,0
528,20.86304,80.07468,40.01575376729142,75.84813835390356,0.030990694203892735,0.029006580867715445,0.0,0.04758316793027631,0.5288981910731418,4.105550637390998,0.007758033583989286,0
529,20.86304,80.09675,41.79440582171203,77.18159409728509,0.18776875325746692,0.0,0.0,0.10224011112916835,0.7737324326836819,4.051923398489234,0.0,0
530,20.86304,80.11883,43.621011583273834,78.51502382908625,0.0,0.0,0.4158905234272188,0.09096416722498601,0.5068272577971529,0.3908122864379764,0.01427857396632771,0
531,20.86304,80.14091,45.48979475958768,79.84842753693229,0.0,0.14757986883077623,0.0,0.06973437993836883,0.5554814283582917,2.9846210413980354,0.25103296191858265,0
532,20.86304,80.16299,47.39576649854287,81.18180520844756,0.0,0.03889796066625998,0.0,0.4675356455689338,0.6429061785673804,8.93102363189954,0.12922614381037856,0
533,20.86304,80.18506,49.20703173820019,82.51515683125668,0.05428113908742227,0.0,0.0,0.26732747142690855,0.5800719419311767,7.127577261961095,0.0,0
534,20.86304,80.20714,50.358428972615904,83.84848239298113,0.0,0.0,0.24304135623576992,0.3787578161929929,0.4977601772437722,3.4090292723012174,0.0,0
535,20.86304,80.22922,51.5859312534202,85.18178188124641,0.07649719118655399,0.0,0.0,0.19011150654553088,0.4458842136859025,2.04685033914003,0.0,0
536,20.86304,80.2513,52.88423937396879,86.51505528367139,0.0,0.03582921921220231,0.0,0.19565078950700038,0.5485564218402862,0.0,0.15203492528382145,0
537,20.86304,80.27338,54.24826982155365,87.84830258787784,0.13773795714051737,0.2581557753323893,0.28273644277188476,0.007919298332321578,0.6420990267064591,1.7074448840641747,0.0,0
538,20.86304,80.29545,55.673192057653814,89.18152378148734,0.0,0.03251091514901147,0.1159309533156768,0.4065446401326893,0.7349073535269968,2.7965578204905457,0.3845104460561502,0
539,20.86304,80.31753,57.154451943218646,90.51471885211652,0.0,0.0,0.0,0.0,0.3448358379039671,2.175363090246574,0.0,0
540,20.86304,80.33961,58.68778377611953,91.84788778738636,0.0,0.036021575968609866,0.0,0.04061715169733862,0.796778506158867,2.3563584637428208,0.0,0
541,20.86304,80.36169,60.269213312870875,93.18103057491314,0.0,0.0,0.2316479269247996,0.364823306329172,0.5096140510367346,4.618608453693116,0.029116165968016958,0
542,20.86304,80.38377,61.895053919704296,94.51414720231419,0.02972005229079201,0.13824897258551405,0.0033680007141269775,0.19895013892549657,0.6794691126623191,0.39932255537091743,0.0,0
543,20.86304,80.40584,63.56189770497623,95.84723765720598,0.0,0.09707896822290799,0.0,0.03280631048939498,0.4467400462428861,3.7091078349896454,0.0,0
544,20.86304,80.42792,65.26660317304624,97.18030192720238,0.0,0.0,0.0,0.35163590713205883,0.32447870588279115,2.7135109501872674,0.0,0
545,20.86304,80.45,67.0062806398333,98.51333999992106,0.0,0.08723991444246249,0.0,0.05441703224428293,0.3661847116095071,0.7061695294091828,0.0,0
546,20.88188,78.75,34.73288244628791,22.111264395232936,0.04949847536368161,0.0,0.0,0.033825603974054264,0.5030537326637673,8.124045917461734,0.0,0
547,20.88188,78.77208,32.69225540248517,19.972270324278906,0.0,0.0,0.0,0.034868038920307515,0.6225126706006907,5.922627555032422,0.0,0
548,20.88188,78.79416,30.687236014268017,17.871556460896056,0.13568631963720018,0.0,0.0,0.04036858096953108,0.5531651949345089,2.190885669957611,0.0,0
549,20.88188,78.81623,28.725281515106104,15.824375499429058,0.1510672588716187,0.10091066422446392,0.0,0.09529817150549787,0.5133005769992574,5.8959470440465225,0.0,0
550,20.88188,78.83831,26.815846011162133,13.854478411231417,0.14555719275811493,0.0,0.0,0.19571044182750535,0.7042322158080849,1.3180121992920006,0.0,0
551,20.88188,78.86039,24.970980231573257,11.999986155927756,0.20211960863236422,0.16997324609577505,0.3471192125988587,0.11052833540690189,0.5471622106273921,3.647332030976226,0.005992211671698842,0
552,20.88188,78.88247,23.206089055022012,10.323281839598325,0.2145383903943097,0.19319089822338542,0.0,0.34626259400891624,0.5849884967475795,9.309884911244533,0.1430046674571431,0
553,20.88188,78.90455,21.540839013844558,8.925133799976914,0.470140550049423,0.09288032920396812,0.0,0.20913088985667144,0.9,7.252510252867855,0.059184635454533015,0
554,20.88188,78.92662,20.00013459236285,7.953820746969113,0.25518245146808105,0.0,0.12292894160136873,0.36130925858268403,0.5417399704437438,7.424157284840229,0.21019078311883233,0
555,20.88188,78.9487,18.614926411924976,7.575348284553445,0.24607936711672926,0.0,0.0,0.46709291680023557,0.4435942299613429,9.444891351471318,0.0,0
556,20.88188,78.97078,17.42234344920588,7.87565393671043,0.17869370657180958,0.26718586843458486,0.11371088678304123,0.3063419057385845,0.606370627504711,8.340808671397303,0.05677675850331499,0
557,20.88188,78.99286,16.464297201843074,8.785404616904644,0.10738352078292085,0.0,0.09621202201578932,0.21396629194205133,0.6399105738193505,5.699074871078624,0.06459907391595517,0
558,20.88188,79.01494,15.783554073887817,10.103052434255675,0.03632267304394152,0.25552525593435593,0.06988878067257495,0.27803884908622717,0.5777305282557145,8.363658308208361,0.1919663777328596,0
559,20.88188,79.03701,15.416891458298526,11.43772776629928,0.04197541065116481,0.049304908541775466,0.6017920895380813,0.4925236607921668,0.5566527031137427,1.134030840827795,0.0,0
560,20.88188,79.05909,15.386779119382554,12.772377676105288,0.11050671338033372,0.0513278276283316,0.23099029958311418,0.3370677878462641,0.7421202380167502,3.4418352107636103,0.13483982904539962,0
561,20.88188,79.08117,15.69515426862946,14.107002151336777,0.13537334433615023,0.0,0.0,0.18849022406007868,0.725393617462728,4.625124847558915,0.0,0
562,20.88188,79.10325,16.322843796263285,15.441601179658294,0.08239754484881777,0.02547671394966271,0.11517789906062836,0.16410341677044632,0.5204371308187911,6.0425813680133205,0.0,0
563,20.88188,79.12532,17.23499514158852,16.776174748734526,0.0,0.13896687539925695,0.0,0.020543241800346,0.44859928091612244,3.5504355144377033,0.0,0
564,20.88188,79.1474,18.389327087608176,18.110722846226235,0.15689888047712974,0.0,0.11750027299187116,0.25490254128169093,0.6007565831439511,0.0,0.07616601424465588,0
565,20.88188,79.16948,19.416709994500913,19.445245459795036,0.12785919196438936,0.10762332762854307,0.0,0.0,0.4512440875323346,0.0,0.0,0
566,20.88188,79.19156,19.847351622963977,20.779742577102194,0.012168717668465258,0.038107471126817755,0.0,0.12374808175268202,0.6666039868678871,3.7173289477631037,0.0,0
567,20.88188,79.21364,20.526473347557246,22.114214185808535,0.0,0.0,0.08793578244445677,0.15726256593418636,0.6028324465096105,2.528904302628413,0.0,0
568,20.88188,79.23571,21.430465496960664,23.44866027357284,0.08588976300867918,0.15361660366920266,0.21578496914420245,0.0,0.9,1.2989170642538714,0.009285242061765444,0
569,20.88188,79.25779,22.532278972835982,24.78308082805444,0.038631453343327515,0.0,0.11382979675804969,0.14933872468792292,0.751583252551234,0.7723344976265496,0.0,0
570,20.88188,79.27987,23.804460507367796,26.11747583691203,0.0,0.06697336924468436,0.181377710328068,0.2243368397133988,0.3951918548669283,3.8420660613354385,0.043014123068742506,0
571,20.88188,79.30195,25.22124269949548,27.451845287800538,0.0021454992658797474,0.2685643147925958,0.08292115862612405,0.0,0.4743810686538586,6.81202225151376,0.0,0
572,20.88188,79.32403,26.75966786357834,28.786189168377458,0.03969300959168023,0.23816617516604674,0.04066625110187736,0.05958086591905708,0.2797343525130285,3.715460514566913,0.10559960828348533,0
573,20.88188,79.3461,28.39997466746994,30.120507466299735,0.0,0.06877944356877654,0.0,0.1181330304748341,0.24895601995070166,6.73736233106329,0.010280120275040687,0
574,20.88188,79.36818,30.12552559571395,31.454800169221162,0.028068405971693425,0.0,0.16594461503525532,0.35631773101633624,0.5646160719870497,2.3007664542093105,0.2804694567766416,0
575,20.88188,79.39026,31.92250015528337,32.78906726479598,0.0,0.0,0.20738800217203418,0.26137905197446776,0.3820881380439783,4.388459238104473,0.019459978006499307,0
576,20.88188,79.41234,33.77950162792495,34.12330874067797,0.1637313396704742,0.0,0.0,0.21074628825267042,0.7790482277452883,6.718361965136287,0.0,0
577,20.88188,79.43442,35.68716060852727,35.45752458452048,0.1524673042902762,0.09008135118886491,0.0,0.19928799648921586,0.7115858793446211,2.764608189362089,0.0,0
578,20.88188,79.45649,37.63777517133262,36.79171478397469,0.0,0.0,0.3191344827998076,0.30169562382394916,0.5116134530813211,3.2184874845666305,0.0033973721404338625,0
579,20.88188,79.47857,39.25367843485792,38.12587932669224,0.04535374979511703,0.12335800194611046,0.0,0.14525867342562623,0.5037480185134959,2.1565031383146156,0.0,0
580,20.88188,79.50065,37.451982288897625,39.4600182003231,0.0,0.3431721756016301,0.01601981254176523,0.010757655488267423,0.757563020859608,4.65274431994337,0.24275157206147688,0
581,20.88188,79.52273,35.70655194419654,40.794131392517286,0.0,0.0,0.0980574718430132,0.0,0.7895244216214492,5.442673743311216,0.0,0
582,20.88188,79.54481,34.0260473200575,42.12821889092247,0.0,0.0,0.0,0.15997412694612398,0.41874741449167013,3.996763233051282,0.0,0
583,20.88188,79.56688,32.42056620495043,43.46228068319015,0.0,0.0,0.0,0.3149015870637677,0.40053413527807435,2.4753912421300504,0.02911298678108087,0
584,20.88188,79.58896,30.901804223124206,44.796316756965396,0.08629976028333348,0.1255064656881544,0.07849715219470008,0.0963144787664112,0.5066877071945016,0.0,0.0,0
585,20.88188,79.61104,29.483165902645027,46.13032709989508,0.2401336998184107,0.0,0.0,0.4772338562439473,0.6088980231213116,2.927566829764268,0.1547692007854588,0
586,20.88188,79.63312,28.179776735758473,47.46431169962485,0.0,0.14160940131822508,0.3732136097571027,0.0,0.4762607711418574,2.5470365195317246,0.12267945963298169,0
587,20.88188,79.65519,27.008327259919184,48.79827054380048,0.0,0.0,0.16358413377570347,0.11544628763282362,0.6110912651195901,3.6533533596041625,0.021211664525804183,0
588,20.88188,79.67727,25.98666670389873,50.13220362006696,0.028488935310599157,0.13450581552397267,0.0,0.04070595286506864,0.8204112244439208,3.337945734283079,0.09506588735787741,0
589,20.88188,79.69935,25.13306851362258,51.46611091606617,0.19352219808712717,0.0,0.1541013221243691,0.0,0.3501228738579576,7.117824177231546,0.0,0
590,20.88188,79.72143,24.465130324665836,52.79999241944418,0.0,0.0,0.07093280119826448,0.0,0.4842154929836083,1.2148249984085606,0.0,0
591,20.88188,79.74351,23.99835939575743,54.13384811783921,0.030005021932819533,0.0,0.27207390325786845,0.29946311201361775,0.35215700229222957,0.0,0.0,0
592,20.88188,79.76558,23.744622317411377,55.46767799889395,0.21865249290019845,0.0,0.0,0.0,0.42905571938830145,0.04835986142263238,0.0,0
593,20.88188,79.78766,23.710759329033536,56.80148205025067,0.0,0.3205022403641219,0.04847082167628487,0.0,0.5049012501475145,1.3689216728854894,0.0,0
594,20.88188,79.80974,23.897705132649953,58.13526025954771,0.0,0.0,0.0,0.20702510641311728,0.4444643205354185,5.827309226189893,0.0,0
595,20.88188,79.83182,24.300364128345162,59.46901261442482,0.0,0.10499459187168465,0.021340152178637935,0.22839738610680332,0.6193125958204202,0.0,0.0,0
596,20.88188,79.8539,24.908277059622137,60.802739102518835,0.0,0.0,0.0,0.3445563533394122,0.5679853427755528,0.0,0.0,0
597,20.88188,79.87597,25.70688658634957,62.13643971146945,0.09754395360770801,0.0,0.12265037183869969,0.22835423401883878,0.5891065171805479,4.085189569408006,0.2137816831811915,0
598,20.88188,79.89805,26.67907329076082,63.47011442891097,0.029024627640329856,0.0,0.08985092077974792,0.05056961917039214,0.5047184367684139,5.2159850923588245,0.08225270968977982,0
599,20.88188,79.92013,27.80663708864827,64.80376324248245,0.0,0.1769844388139729,0.2621427806035002,0.38671792643212877,0.5180125720521751,0.0,0.15464376300282442,0
600,20.88188,79.94221,29.071504267429688,66.137386139817,0.061865571963679,0.0,0.0020455051905855347,0.23339630230123903,0.49933019429556325,0.0,0.08170703218579477,0
601,20.88188,79.96429,30.456572900729057,67.47098310854922,0.0,0.0,0.0,0.1098068172444766,0.5139390693608255,0.9599986753166516,0.1733980963439975,0
602,20.88188,79.98636,31.946212327408677,68.80455413631245,0.1529441315406462,0.025175282377532124,0.16026065404494164,0.271180988868825,0.6076870185147702,4.713447631400895,0.0043845784878110815,0
603,20.88188,80.00844,33.526486637164126,70.13809921074083,0.0,0.08005433212567743,0.0,0.0,0.27996261412661233,3.376102518712457,0.24255590665465032,0
604,20.88188,80.03052,35.18518585112955,71.47161831946656,0.0,0.2630021352681695,0.21832973796056906,0.0,0.5897439256609099,1.0532696666618828,0.0,0
605,20.88188,80.0526,36.91173893677355,72.80511145011795,0.06494116596828785,0.05670166712433435,0.21754213696841343,0.4466167115787825,0.42795185875548547,4.925279738329909,0.0,0
606,20.88188,80.07468,38.697064588091415,74.13857859033101,0.0915554798837108,0.10310960460990166,0.25215961039004187,0.22067939645246265,0.5022436712651284,3.3255744594540637,0.0,0
607,20.88188,80.09675,40.53339746433904,75.47201972773074,0.05377536838538401,0.11513382666673141,0.07582863832038192,0.15453451079033745,0.3311525181446747,2.722304399203131,0.19867878947699524,0
608,20.88188,80.11883,42.414112926790594,76.8054348499481,0.0,0.0,0.0,0.3030762345026821,0.4996157477800107,0.0,0.06717074622493989,0
609,20.88188,80.14091,44.33356291633432,78.13882394461169,0.06456634142320133,0.0,0.02209012303167543,0.2685382622888425,0.5887801529004687,0.9981781687209783,0.18987342833617335,0
610,20.88188,80.16299,46.27349827278156,79.47218699934818,0.0,0.0,0.07619128488682375,0.020184462362662497,0.613902347172248,8.089327841185947,0.0,0
611,20.88188,80.18506,47.38528637957078,80.80552400178529,0.028234549514113357,0.0,0.0,0.10579357739146204,0.3838392567776029,2.1267728232183405,0.0,0
612,20.88188,80.20714,48.579731423383976,82.13883493954621,0.0,0.12728625370429106,0.2667399673579566,0.08732891009707386,0.6071764932604434,0.5133152734209157,0.0,0
613,20.88188,80.22922,49.850892267690796,83.47211980026009,0.05355956570652204,0.04641826949360375,0.11610945937780276,0.0,0.7095193716927295,2.0069903566377407,0.057804789238697134,0
614,20.88188,80.2513,51.193054480308014,84.8053785715482,0.0,0.012727669088445184,0.0,0.38962496828943555,0.48084398929761824,3.310347626562596,0.0,0
615,20.88188,80.27338,52.60078330199105,86.138611241035,0.0,0.0,0.3766309168326655,0.0,0.5500966717387256,5.297321640958229,0.12089410603964795,0
616,20.88188,80.29545,54.06895771105476,87.47181779634512,0.08565888258479284,0.3288817684266373,0.01952087427254434,0.22410137163660335,0.26037908081930394,4.6153622259643186,0.005064888454435853,0
617,20.88188,80.31753,55.592788884436494,88.80499822509722,0.02899771592002999,0.0,0.0,0.04872057913969366,0.4243963048628745,1.241316997643928,0.0,0
618,20.88188,80.33961,57.167826307691726,90.13815251491509,0.0,0.32829370284061954,0.0,0.0,0.5878582729766032,6.306502142854718,0.0,0
619,20.88188,80.36169,58.789954507069716,91.47128065341823,0.17414170126256293,0.0,0.29757495336716844,0.40977043886548087,0.6837543276854363,5.1185367153013654,0.013186264902373361,0
620,20.88188,80.38377,60.455382977297795,92.80438262822643,0.0,0.0,0.36501045343466904,0.35439957261414656,0.46609269294776146,1.8429519078073477,0.0745155405903792,0
621,20.88188,80.40584,62.16063143905397,94.13745842695886,0.0038530743748030117,0.0,0.2019068899206931,0.2854734795418439,0.9,2.666942552022456,0.0,0
622,20.88188,80.42792,63.90251213248314,95.47050803723239,0.03226973663906717,0.05794172379350001,0.26386892717923444,0.0,0.5939398114441302,4.561962110393902,0.0,0
623,20.88188,80.45,65.67811046718963,96.80353144666653,0.0,0.0,0.2433283033882084,0.0,0.3717265129567341,5.794420942361213,0.0,0
624,20.90072,78.75,33.856927968483866,21.4827234484822,0.08439940332977071,0.0,0.1130801366370462,0.2523488469487485,0.7294970078290139,0.0,0.0,0
625,20.90072,78.77208,31.760341836474357,19.27439449030698,0.0,0.0,0.06829269033357423,0.19795257763870586,0.3735830224443053,4.240371129046556,0.0,0
626,20.90072,78.79416,29.692729486382518,17.0883942400085,0.008559718374849909,0.1543548900745506,0.11159068322427572,0.05389889617382629,0.594561384062014,4.266930490139476,0.01990782693888777,0
627,20.90072,78.81623,27.6605890433026,14.934530875500387,0.24650269196065627,0.15323244021740912,0.15243833402750756,0.2808339042521714,0.41791608295328614,3.2286427356581267,0.0,0
628,20.90072,78.83831,25.672345459602727,12.82900107499767,0.0,0.34144073972875105,0.0,0.17902410262200283,0.357187110444827,3.6665310065300947,0.0,0
629,20.90072,78.86039,23.7390309804454,10.80011051527906,0.0,0.0,0.15707229528935124,0.5480712997306332,0.6808753358733091,8.452093286618318,0.019294605823456178,0
630,20.90072,78.88247,21.87521427363891,8.900425217881432,0.4201765203934089,0.1203529596090422,0.3067121212856368,0.39803444223703627,0.5084114813138391,7.73791297348744,0.0,0
631,20.90072,78.90455,20.10023745863743,7.2324833246701195,0.605487340735616,0.0,0.0,0.21901055928492122,0.7845774945155354,12.506641203693466,0.0,0
632,20.90072,78.92662,18.43977311233278,5.993006390747425,0.3196761801640448,0.0720529626394374,0.0,0.3382613310516585,0.3982356127036608,6.142884800558529,0.0,0
633,20.90072,78.9487,16.927553289107987,5.480830324255662,0.1687086304508507,0.05388793065471899,0.13215996743531538,0.6042930027268985,0.31974411115015094,8.251692344934867,0.0,0
634,20.90072,78.97078,15.60673030053554,5.888882872341453,0.3374977927150837,0.2092112371670955,0.0,0.27588329528276045,0.4680087700041998,8.483377790354439,0.01514327037678278,0
635,20.90072,78.99286,14.529595459095663,7.0595814671369945,0.2739794627769818,0.28600520193768575,0.0,0.39288966823537663,0.9,9.437368147085195,0.0,0
636,20.90072,79.01494,13.75352324193209,8.39426777659516,0.22404180707474458,0.27020529995592185,0.2951697541640834,0.2617881944897904,0.6465404896185263,10.073294484615149,0.040221855523590797,0
637,20.90072,79.03701,13.331196614514386,9.728928672419686,0.06399785762271923,0.0,0.0,0.3034762477932258,0.60586369750442,6.296719262036863,0.007743440651826923,0
638,20.90072,79.05909,13.296366016613366,11.06356414227956,0.2277422536752864,0.24946842916591827,0.0750035711305644,0.08084153342207828,0.6103639367249455,2.7860989035951547,0.1468268615739029,0
639,20.90072,79.08117,13.651997648795648,12.398174173839944,0.18958652077937665,0.07072716665476492,0.0,0.2582731414905951,0.4615693804115998,3.421421083161351,0.26771936412597647,0
640,20.90072,79.10325,14.369129224056731,13.732758754768039,0.0,0.013635291300476561,0.3140276667006393,0.4702020115083472,0.9,5.327993575894803,0.009116148964645531,0
641,20.90072,79.12532,15.397332672600859,15.067317872731818,0.16507278902573802,0.0,0.2193068802564073,0.2480764243661317,0.5987669123492392,7.6063938710070325,0.0,0
642,20.90072,79.1474,16.679177903615443,16.401851515394423,0.31130439611217053,0.0,0.0,0.11524580083884403,0.588594878055577,0.694040028972879,0.0,0
643,20.90072,79.16948,17.341907269312802,17.736359670420423,0.07265872919330538,0.31582456863389696,0.0,0.18850093783524902,0.6767691031415695,1.212217809440415,0.10835022374688516,0
644,20.90072,79.19156,17.822692270834697,19.070842325473187,0.0011701554508398507,0.08094371233459775,0.0,0.22993637655561422,0.36148988967043605,6.0499834971837965,0.0,0
645,20.90072,79.21364,18.575888988253556,20.405299468216196,0.016303420481285368,0.054659943623311676,0.14133847626983698,0.33844514389726266,0.41784531193293095,0.568934306823671,0.37907585198878846,0
646,20.90072,79.23571,19.57006957026104,21.739731086311515,0.10052555797163756,0.0,0.06051931547518564,0.08974938495797488,0.5079632501236069,0.8788239659566752,0.44727846420398104,0
647,20.90072,79.25779,20.770658942411075,23.07413716742085,0.0,0.40949839630888113,0.040142080871199595,0.3033030725087772,0.6825111551980181,6.64810607568524,0.0,0
648,20.90072,79.27987,22.14410983836464,24.408517699205575,0.03683698544135214,0.22358542722438196,0.05661332708214187,0.12199098504407947,0.36328159766654766,3.022163701591893,0.0,0
649,20.90072,79.30195,23.660338221544492,25.742872669323607,0.0,0.0,0.1625937090706919,0.036108753969498655,0.5366939008014914,2.7409432045949385,0.10541682619177425,0
650,20.90072,79.32403,25.2936807177844,27.077202065434204,0.23270597418439978,0.0,0.0,0.15522311607393494,0.5178084146644383,7.0018203253847435,0.33631512923293994,0
651,20.90072,79.3461,27.022909493576805,28.411505875197903,0.0,0.0,0.09588150653291724,0.09526097378255648,0.3273726548323428,0.6193031660161181,0.0,0
652,20.90072,79.36818,28.830776312311414,29.74578408627087,0.20717607672946517,0.029964431603221015,0.0,0.08742079652227924,0.4771120422221003,0.043904333957901276,0.3038735640990685,0
653,20.90072,79.39026,30.703393267668115,31.080036686310034,0.0,0.0,0.5137808673723431,0.0,0.6247167793092182,7.520711325165388,0.0,0
654,20.90072,79.41234,32.62961417963815,32.414263662972154,0.07497695654672326,0.07477343266777693,0.0,0.37124573701788366,0.34147284934494915,3.8521620690171225,0.0,0
655,20.90072,79.43442,34.60048772109664,33.748465003912656,0.04193551758571577,0.23614539359652667,0.042200929777314475,0.20623179240178935,0.746960859194156,4.978928165996562,0.04946980429979416,0
656,20.90072,79.45649,36.60880280348699,35.082640696785425,0.0,0.0,0.11432197974229674,0.059538122502015164,0.6150784380515719,2.3737103317611714,0.1626934516121895,0
657,20.90072,79.47857,38.02401682366025,36.41679072924466,0.02359994349446733,0.0,0.0,0.18856240392755533,0.5980871295141476,2.8802251172283553,0.0,0
658,20.90072,79.50065,36.16134622170786,37.750915088944815,0.14735364928891317,0.0,0.0026810376886805907,0.2947537556819979,0.5506637340714297,1.3059073520670579,0.07192992011815379,0
659,20.90072,79.52273,34.350631880841405,39.08501376353651,0.0,0.0,0.0006862758259136788,0.0503099876557756,0.39642232184589943,3.944115203151841,0.17674430513748507,0
660,20.90072,79.54481,32.600532326647375,40.41908674067109,0.0,0.32156957766516026,0.0,0.17979096943671763,0.45816881649840663,5.262453508489013,0.1952927977741897,0
661,20.90072,79.56688,30.92134141500136,41.75313400800186,0.0,0.161955940770137,0.09061162472910889,0.2682271145550797,0.5995038971306055,3.596538580732259,0.0,0
662,20.90072,79.58896,29.325242597697294,43.087155553177446,0.0,0.15272779784905513,0.0,0.24720797833067445,0.4572602824356971,5.833359825459195,0.0,0
663,20.90072,79.61104,27.826537789423497,44.42115136384713,0.0,0.0,0.3556213326870441,0.21876914246659976,0.5744889920876637,4.786898658870909,0.1688189143815489,0
664,20.90072,79.63312,26.44179291071906,45.75512142765924,0.0,0.0,0.16512813585414532,0.361996867827033,0.421718191421676,0.3298112303099603,0.07304070892841091,0
665,20.90072,79.65519,25.189808967277735,47.08906573226253,0.0,0.0,0.13602867352122078,0.016684793900999972,0.6101959741140585,2.6717453400931834,0.09472143118915295,0
666,20.90072,79.67727,24.09129297074825,48.4229842653038,0.0,0.12748332565739273,0.0,0.17667624652661407,0.6200434703592427,1.8756305371955655,0.0,0
667,20.90072,79.69935,23.168085310377226,49.75687701442852,0.0580983296554435,0.08135509767529245,0.0,0.16085635808156137,0.3179156624892663,4.994674704038784,0.1030229592292623,0
668,20.90072,79.72143,22.441831843217237,51.090743967284425,0.0,0.2089252243917906,0.2913904924404007,0.1595621794138633,0.5546738247222384,4.230949465562772,0.0,0
669,20.90072,79.74351,21.93210697185657,52.424585111514574,0.0,0.0,0.8450827848300274,0.24677451556861185,0.3317960065947577,3.357771395998269,0.0408880785280663,0
670,20.90072,79.76558,21.654206903447,53.7584004347625,0.09430976489430257,0.0,0.2545418050169416,0.0,0.28403866751745427,5.658246535952497,0.019322642862722613,0
671,20.90072,79.78766,21.617074221252906,55.09218992467328,0.032787241954663975,0.030835656269391134,0.2230976946176031,0.3569443062362173,0.46140586937570516,0.0,0.020443266375924432,0
672,20.90072,79.80974,21.821938045581582,56.42595356888798,0.0,0.14612436649186417,0.12012949276952445,0.05023454188974136,0.9,1.448899133499662,0.1263635765663731,0
673,20.90072,79.83182,22.26211856454265,57.759691355049604,0.0,0.0,0.0,0.004461814440190656,0.6536605370377818,1.6671448098193016,0.0,0
674,20.90072,79.8539,22.924064348776685,59.0934032707974,0.10034975277578617,0.12035667908447865,0.21142122817639109,0.4275271501665608,0.7405119756682026,3.6671769927690177,0.10930952990409844,0
675,20.90072,79.87597,23.78927046696129,60.42708930377404,0.04196435533495918,0.0,0.0,0.30605393145834725,0.6313842467824751,4.448229387720475,0.004086188269909614,0
676,20.90072,79.89805,24.836503607821694,61.760749441615644,0.28594612775813183,0.0,0.0,0.12138433610610383,0.5755756472095702,3.006018264764962,0.0,0
677,20.90072,79.92013,26.043814844014356,63.09438367196487,0.05044973852032408,0.0,0.0,0.3307484814214159,0.672749177919282,0.0,0.0,0
678,20.90072,79.94221,27.390044335177812,64.42799198245723,0.04654608128392496,0.0,0.2006437350173618,0.0,0.45837804792996734,4.064609475830268,0.3024676281680334,0
679,20.90072,79.96429,28.855755426793223,65.76157436073,0.0,0.23225355643209744,0.0,0.2391719992010303,0.61424132118868,3.3389991621854866,0.0,0
680,20.90072,79.98636,30.42368432260009,67.09513079441953,0.09802701936137699,0.26837962801937587,0.02333940547009272,0.02356641901243242,0.7135379810232292,0.0,0.0,0
681,20.90072,80.00844,32.07884608962827,68.42866127116203,0.0750213662826792,0.057155093111025575,0.0,0.37705572742620397,0.6469660569071322,2.236444833153126,0.0,0
682,20.90072,80.03052,33.80843112776575,69.76216577859246,0.15021592269585526,0.31412180448867916,0.0,0.01187855984789929,0.7232748729028623,3.9763352740286866,0.1742293312833298,0
683,20.90072,80.0526,35.601594237126484,71.09564430434236,0.0,0.0,0.0,0.2786505921711843,0.5750342361071792,7.301681247986507,0.16180028217073444,0
684,20.90072,80.07468,37.44920366018033,72.42909683605026,0.0,0.15262223613816997,0.0,0.23495181779534657,0.7865019178867305,0.17129432349265006,0.1309758136131397,0
685,20.90072,80.09675,39.343589572093904,73.76252336134371,0.0,0.0,0.0,0.0,0.5205636017536949,5.056795338832371,0.0,0
686,20.90072,80.11883,41.278312300270066,75.09592386785677,0.09489987408921378,0.0,0.0,0.32845741492407227,0.8462712535441169,0.20330863334298455,0.1202065561989335,0
687,20.90072,80.14091,43.24795867589043,76.42929834321983,0.17980786955811912,0.0,0.0,0.14497054070563456,0.6301569107251578,0.0,0.0,0
688,20.90072,80.16299,44.43040614706679,77.76264677506315,0.0,0.0,0.11578329511533887,0.0,0.49612589159293374,0.0,0.03482048009575637,0
689,20.90072,80.18506,45.587021983558174,79.09596915101682,0.0,0.2059558933440097,0.13239531586183548,0.3915965188834787,0.3848214672053114,4.574408611597613,0.0,0
690,20.90072,80.20714,46.82720415281579,80.4292654587071,0.03769077463625075,0.0,0.0,0.0,0.436799679083055,3.338905521223966,0.04272861393210755,0
691,20.90072,80.22922,48.144495163135474,81.76253568576524,0.0,0.0,0.0,0.36703959198425734,0.4156238706555546,2.182828287228721,0.0,0
692,20.90072,80.2513,49.53274339422557,83.09577981981546,0.1142474051550838,0.0,0.3713101180918614,0.19787477191710048,0.5375273437682547,4.191243115847871,0.29915063325757213,0
693,20.90072,80.27338,50.98615309180482,84.42899784848471,0.0,0.0,0.0,0.0,0.3716050453043048,3.106894456208469,0.2589653116624864,0
694,20.90072,80.29545,52.49931264823026,85.76218975940085,0.0,0.2821657891144983,0.08538479122395225,0.08279526502756372,0.7309544869212955,3.2880035413286763,0.0,0
695,20.90072,80.31753,54.06720567458933,87.095355540185,0.0,0.33501030253572517,0.021147419745136866,0.026984811141571308,0.5654767953745439,2.2113961565984663,0.09237800331711618,0
696,20.90072,80.33961,55.68520904744882,88.42849517846393,0.0,0.0,0.21860957715981427,0.23164880396014173,0.5598023170034799,0.3288641947031814,0.0,0
697,20.90072,80.36169,57.34908156828838,89.76160866185928,0.0,0.0,0.05911706320540883,0.008770303940048046,0.3868317196782639,7.39781806905302,0.013418273710603805,0
698,20.90072,80.38377,59.05494624543784,91.09469597799352,0.0,0.0,0.0,0.24224024407988853,0.44232409254525273,6.641484007053039,0.0,0
699,20.90072,80.40584,60.799268587883624,92.42775711448914,0.0,0.15813662713378218,0.013365478056246244,0.08400898391267986,0.23914062415878107,7.134724623302939,0.0,0
700,20.90072,80.42792,62.57883273936821,93.76079205896541,0.1335560704426982,0.04585712017019861,0.01628314468101852,0.0,0.7764868119041979,1.5980503378293425,0.0,0
701,20.90072,80.45,64.39071680325503,95.09380079904487,0.0,0.0,0.0,0.1090317854533301,0.351515301955417,1.2272199519830707,0.18507868237115077,0
702,20.91957,78.75,33.09059996808795,21.044824197972297,0.0,0.02981200113005062,0.0,0.2865141390209135,0.36132837101332793,2.790854924654189,0.26701119596702577,0
703,20.91957,78.77208,30.94241199545907,18.785388355511834,0.03684400875898204,0.0,0.251500396390083,0.4566374717613239,0.746692563846445,6.90891058671818,0.2706593598680041,0
704,20.91957,78.79416,28.81644877354433,16.535166840241352,0.1894551015462302,0.29048153891501516,0.21752966173104635,0.0,0.602617608953631,4.43280683406513,0.18550737077358123,0
705,20.91957,78.81623,26.71801617127521,14.29851066830695,0.0,0.13030813694808452,0.0,0.2374446153776046,0.5645744397666851,3.4253765542615637,0.013525522404523028,0
706,20.91957,78.83831,24.65414502560457,12.082955419347078,0.024208040278351647,0.16395744079943175,0.0,0.10616157910312378,0.594352827850045,6.29664826213883,0.06273842423851245,0
707,20.91957,78.86039,22.63429164740428,9.902674211817148,0.2589902057836887,0.0,0.0,0.3338842728424339,0.6789466082625911,4.080182491251341,0.062437744915678474,0
708,20.91957,78.88247,20.67136338642297,7.78735146752143,0.24652258634885663,0.08803375120790843,0.0,0.32874828600003475,0.5576030417215103,3.264458592578526,0.0,0
709,20.91957,78.90455,18.78321554423853,5.808396626881946,0.45751501731085487,0.46111801978922673,0.0,0.43143383776498473,0.32516626101524215,8.056192022281774,0.18661703785745762,0
710,20.91957,78.92662,16.994791130811127,4.16495408676517,0.4978567238997618,0.371430891722459,0.0,0.49812538833115283,0.6408730711263906,7.324031170134285,0.11585818079362374,0
711,20.91957,78.9487,15.341006605370836,3.3868800832709565,0.6528554007681303,0.0,0.0,0.6387274406137456,0.5936181744459441,9.141823593106091,0.12658063313105825,0
712,20.91957,78.97078,13.870106757219911,4.016192348197327,0.387824041844624,0.12457349697639367,0.0,0.3601858000703769,0.6941986304953438,1.7796155450405697,0.0,0
713,20.91957,78.99286,12.64606894528508,5.350889623905935,0.408460956147886,0.0,0.11565997526895044,0.4929938950928152,0.3508222013258682,5.646926912563085,0.09131633662302772,0
714,20.91957,79.01494,11.746321944335584,6.685561494580462,0.3028751425446639,0.42195460021596626,0.3271012213634239,0.29656272294866165,0.4196561545843717,7.164697925875617,0.18531248088050822,0
715,20.91957,79.03701,11.248951961281465,8.02020794789431,0.11680392771353648,0.17587516700130407,0.2719000604538719,0.3976031980525483,0.5742160926249784,2.7490965352607413,0.02569832176520893,0
716,20.91957,79.05909,11.207657338094096,9.354828971519733,0.022699898787944706,0.00031493798846944643,0.07891954026141089,0.41549106876977204,0.38688017318082135,2.328710168371825,0.0,0
717,20.91957,79.08117,11.62729837840092,10.689424553124272,0.2506633495687681,0.11216409633292117,0.0,0.0525052275966577,0.19180035275263524,5.845058404789217,0.0,0
718,20.91957,79.10325,12.461395337668376,12.023994680378102,0.09268085698745346,0.0,0.22614568705857066,0.24895840448885959,0.552562642193967,7.190170718035404,0.0,0
719,20.91957,79.12532,13.634093338758683,13.358539340950877,0.0,0.0,0.09634500098745694,0.1913040708101656,0.6546871094468198,2.721523149872063,0.038927111605576145,0
720,20.91957,79.1474,15.061726259872625,14.6930585225096,0.07485200600527334,0.06303750186183045,0.13660426522045022,0.3869616683839997,0.5157005728840294,4.077324793644385,0.0,0
721,20.91957,79.16948,15.272613536805238,16.027552212721233,0.2045273751046512,0.18550180350561501,0.4370085058740371,0.1200859634079412,0.6110511423377477,3.8950113086571885,0.0,0
722,20.91957,79.19156,15.816358862866105,17.362020399251005,0.0,0.0,0.0,0.41280860372975814,0.5921428517732141,0.2454755728482514,0.2522580914454793,0
723,20.91957,79.21364,16.660403593803657,18.69646306976659,0.0,0.0,0.0,0.18968928686248038,0.5390210579451485,7.205420038640376,0.0,0
724,20.91957,79.23571,17.761988751569433,20.030880211930924,0.0,0.19083446432120252,0.0,0.23699626628268278,0.5586744930988973,3.496282145393349,0.0,0
725,20.91957,79.25779,19.07655095828576,21.365271813409294,0.2037553123318904,0.0,0.1221409088926097,0.1398809485065306,0.7305574222588382,3.3902128061731442,0.2740635487988553,0
726,20.91957,79.27987,20.563285319852483,22.69963786186605,0.05665855334120104,0.055702555087887705,0.024411677197626595,0.19189617159708364,0.40850946141430905,4.6923149789808365,0.0,0
727,20.91957,79.30195,22.18760832836774,24.033978344961497,0.11029027836769208,0.025874573833869787,0.0,0.22268387153453895,0.6532713456798408,0.0,0.011841890084537662,0
728,20.91957,79.32403,23.921508641880806,25.36829325035817,0.0,0.2866867750739219,0.0,0.0,0.3809657505476479,5.928980898011391,0.0,0
729,20.91957,79.3461,25.742854129536408,26.702582565717783,0.0,0.0,0.0,0.2352582705207387,0.43599108871173375,6.194726547314533,0.1133730516482411,0
730,20.91957,79.36818,27.634359965503325,28.03684627870069,0.06308363779708209,0.0,0.0,0.09750052279493732,0.7154295367019543,3.7647070493739427,0.0,0
731,20.91957,79.39026,29.582571045901854,29.371084376965,0.014475476495240433,0.1436143008509233,0.10781792365692888,0.0876876950573818,0.3791789231987881,4.546046325393004,0.0,0
732,20.91957,79.41234,31.57699342179112,30.70529684817197,0.07183934351192306,0.0,0.0,0.09747802284149364,0.51514110307539,2.4490591130651014,0.008795658089090762,0
733,20.91957,79.43442,33.6094013633343,32.03948367997818,0.0,0.0,0.0,0.18052700548274545,0.8798501799551294,5.500528633293562,0.0,0
734,20.91957,79.45649,35.673302993806466,33.37364486004072,0.03721728084782563,0.0,0.0,0.07861653754754394,0.6930536002351196,1.0810551682071474,0.05500089794385437,0
735,20.91957,79.47857,36.87245890767046,34.70778037601768,0.022048737707042076,0.0,0.05360526195530022,0.32306123438045853,0.4463672657187177,3.106056368575621,0.12583918467827943,0
736,20.91957,79.50065,34.94871584859439,36.04189021556409,0.09579359322836711,0.13862815606336187,0.009913229892892915,0.0,0.4701937777573098,3.2349603503879543,0.0723422554907121,0
737,20.91957,79.52273,33.07191821433418,37.37597436633485,0.09881176755533481,0.09119668345152109,0.04234869469887924,0.35927181012541626,0.5253761263947586,3.0408912488659987,0.28473969573603014,0
738,20.91957,79.54481,31.250525324597305,38.710032815982814,0.0,0.0,0.038751514504363226,0.24635615759366428,0.732578131325802,5.901708722456693,0.0,0
739,20.91957,79.56688,29.49480323318389,40.04406555216544,0.0,0.024017762408559958,0.0,0.2104940079989759,0.40830343043804423,8.794509008211087,0.07992542026276298,0
740,20.91957,79.58896,27.817189479056548,41.37807256253229,0.12122092291070691,0.2406044869116018,0.0,0.1667441182415135,0.3993574513995022,2.805110878632234,0.07641445899872658,0
741,20.91957,79.61104,26.23267377044137,42.712053834736494,0.14333684975117456,0.0,0.0,0.0,0.6473445188393979,4.301124096501427,0.0,0
742,20.91957,79.63312,24.759136642792367,44.04600935642849,0.0,0.025780220584308625,0.0,0.004583874769974794,0.31141304458654573,0.9811111615916546,0.181936596075619,0
743,20.91957,79.65519,23.417537325638975,45.37993911526033,0.0,0.0,0.42436251881292725,0.1981275815128471,0.41841263202972895,5.741130645360155,0.04698753697479819,0
744,20.91957,79.67727,22.231774460969692,46.71384309888149,0.012299839528048208,0.0,0.0,0.24100223056968337,0.533168953961596,1.704666545705293,0.0,0
745,20.91957,79.69935,21.227978523320036,48.04772129493952,0.1120333922538961,0.0,0.0,0.11727405493520576,0.5394508671507477,11.220554863345004,0.12172100882480807,0
746,20.91957,79.72143,20.43298521360629,49.38157369108548,0.21597780912389616,0.23077846597610985,0.039136046067548905,0.1609110189299059,0.3523151539110593,0.0,0.0,0
747,20.91957,79.74351,19.871870419620905,50.71540027496388,0.06216906075066011,0.0,0.0,0.1465366516357479,0.592234855588223,8.615492100306643,0.0,0
748,20.91957,79.76558,19.56476732093479,52.0492010342228,0.0,0.17017941819726476,0.23760806623110628,0.16683696102866225,0.619855522211301,5.604886080079643,0.0,0
749,20.91957,79.78766,19.523666254443196,53.38297595650849,0.0,0.0,0.0,0.2564074345379982,0.4495271805512594,0.10606310144916975,0.1202921941639851,0
750,20.91957,79.80974,19.75022797545817,54.71672502946587,0.001483669437595926,0.0,0.0,0.10875318653282552,0.7750679439412858,9.051166893151976,0.17511749017734224,0
751,20.91957,79.83182,20.235464001489685,56.050448240739506,0.0,0.19909082709278214,0.18312073111047455,0.0,0.5906846259892107,0.6038965493248987,0.0,0
752,20.91957,79.8539,20.96141785432686,57.38414557797221,0.0,0.16318707143806346,0.3798402123477278,0.1371658839470859,0.4032413059440013,2.198056794545106,0.0,0
753,20.91957,79.87597,21.9041687775687,58.71781702880867,0.24590689445809022,0.03668824859145519,0.29640972634130563,0.21598714173156802,0.7717146611772577,0.0,0.0,0
754,20.91957,79.89805,23.037116067381955,60.05146258088915,0.21426522044402,0.1242865106799417,0.0,0.18688420212804108,0.47243379909368755,2.6306134445913316,0.0,0
755,20.91957,79.92013,24.3337082683581,61.38508222185755,0.1363618832552128,0.0,0.0,0.07705144099962707,0.5715773311268502,2.8728070141330218,0.0,0
756,20.91957,79.94221,25.769255573780896,62.718675939351876,0.0,0.0,0.016727679386959307,0.005207587930833632,0.479122976010914,5.166547319121337,0.05023513642416435,0
757,20.91957,79.96429,27.32186376405016,64.0522437210127,0.10262542593883905,0.0,0.03496768242388942,0.20841365610931173,0.6352756803393761,9.346917009459304,0.0,0
758,20.91957,79.98636,28.972719524754112,65.38578555447938,0.07677367115451038,0.1452571945162992,0.0,0.2013472890674859,0.4809867960888545,1.6725982018713894,0.0,0
759,20.91957,80.00844,30.705980564214247,66.71930142739053,0.053120289709014196,0.0,0.19032805578967416,0.4530153617045998,0.48988211543737775,0.0,0.024540913497057577,0
760,20.91957,80.03052,32.50846866305526,68.0527913273837,0.14997169450380732,0.23789711168272026,0.04349020709860739,0.1645892587675721,0.5267159974543179,4.690776395894828,0.0,0
761,20.91957,80.0526,34.36929373302021,69.38625524209375,0.07625403565088446,0.0,0.0,0.11344923803998859,0.47907638901486377,1.5732287022342926,0.0,0
762,20.91957,80.07468,36.279480298162376,70.71969315916095,0.08880931403419949,0.0034038884352514767,0.0,0.0,0.6995808544667907,7.73145955881484,0.17728933364748004,0
763,20.91957,80.09675,38.23163021943812,72.05310506621575,0.07643484407550373,0.12148011197283855,0.013223225874615024,0.10444188778042933,0.373567172614231,2.913081419752078,0.16175513858267568,0
764,20.91957,80.11883,40.21963357024024,73.38649095089575,0.040899845465048185,0.0038764811901406426,0.0,0.0,0.5445539471956998,1.0289520865904458,0.0,0
765,20.91957,80.14091,41.49764203975581,74.71985080083317,0.0,0.0,0.0,0.0,0.5623268061354616,0.3685133223805881,0.05642056470583176,0
766,20.91957,80.16299,42.610599164281034,76.05318460366124,0.010037655994442854,0.0,0.0,0.25704107624282985,0.5323864708022894,4.621429893797913,0.0,0
767,20.91957,80.18506,43.81512976873018,77.38649234701242,0.0,0.14303979063506936,0.05767658269989773,0.1879986322062341,0.685427039783292,2.286044116975347,0.0,0
768,20.91957,80.20714,45.1038978292797,78.71977401851582,0.0,0.0,0.37618957218344157,0.0,0.3393385629285329,6.817469807765669,0.34619758917446386,0
769,20.91957,80.22922,46.46989527820551,80.05302960580721,0.2018195996615327,0.0,0.11455277236123367,0.21308807066625948,0.6294218322572313,2.4537012261292825,0.1199636342164166,0
770,20.91957,80.2513,47.90651623283099,81.38625909651066,0.2074807263886657,0.0016601377002539931,0.2898123207619496,0.04228845860387971,0.37563853922352547,6.679076445011572,0.15049726496120114,0
771,20.91957,80.27338,49.407600508281625,82.71946247825795,0.16310750139159105,0.13834495155840698,0.12914283509329705,0.1517283965348541,0.47871822465406366,0.0,0.0,0
772,20.91957,80.29545,50.96745270875207,84.05263973867791,0.0306264342880899,0.0,0.22508630558409795,0.20944260765655257,0.361282464563778,0.0,0.18015661209712322,0
773,20.91957,80.31753,52.580842875102675,85.38579086539526,0.1620756745544861,0.28933511042624893,0.37148185618579493,0.0,0.5034759673489407,5.156570082759002,0.0,0
774,20.91957,80.33961,54.24299392813476,86.71891584603979,0.001446910209421822,0.0,0.0,0.1690212105178438,0.46902671902564524,1.7930817887153716,0.0,0
775,20.91957,80.36169,55.949560236887145,88.05201466823482,0.024336096463782545,0.0,0.0,0.24746740666344239,0.7793402169474059,2.315275096941039,0.11837008911258702,0
776,20.91957,80.38377,57.69660072380925,89.38508731960825,0.0,0.0,0.13378442417680256,0.4478018021888161,0.5837779669797875,0.36873317196641775,0.0,0
777,20.91957,80.40584,59.480549086379185,90.71813378778167,0.047639227935280935,0.0,0.0,0.0,0.6115601417012606,0.17807366862805551,0.14571399717776734,0
778,20.91957,80.42792,61.29818300967081,92.05115406037903,0.00724652873873311,0.0,0.044082323000996175,0.36495198885664737,0.39494218715551216,4.653059801726296,0.048600413341751525,0
779,20.91957,80.45,63.14659367593955,93.38414812502488,0.0,0.0,0.0,0.0,0.653605421433337,2.9512775741666633,0.033538791494013565,0
780,20.93841,78.75,32.44166807336634,20.80960522053923,0.025027333079691676,0.20050418474052195,0.0,0.5795921423499637,0.7784545725725222,1.134884354918562,0.0,0
781,20.93841,78.77208,30.24771401085483,18.52180282813633,0.03607261737014862,0.019775716579707663,0.32742371007041776,0.19221049520564915,0.6704941974848235,6.20482146378926,0.06482376015893809,0
782,20.93841,78.79416,28.06946848260388,16.235396654624623,0.28251754487770564,0.0,0.0,0.3707778932315935,0.36445917645631043,7.536625485440281,0.30943756074734585,0
783,20.93841,78.81623,25.910893536123133,13.951073239295454,0.20507155419808712,0.24110853283499106,0.1444745587784773,0.22223004697657006,0.4823561236718375,4.6270404807659755,0.028472372094092813,0
784,20.93841,78.83831,23.777347075178216,11.670055753860147,0.14435934735363323,0.30828510392345515,0.11545205843470584,0.31051764666258397,0.5613869997514944,8.069280274274982,0.0897391864922483,0
785,20.93841,78.86039,21.676220915863006,9.394752575342924,0.238776938168685,0.2814400944876375,0.0,0.22675432702233012,0.4638013931164871,3.5641396456973413,0.11399386348330308,0
786,20.93841,78.88247,19.61793473935154,7.13063597434472,0.31000190941387895,0.0,0.0,0.23548018607153476,0.8970148171518493,8.575991496229621,0.0,0
787,20.93841,78.90455,17.617510218062854,4.893258867884446,0.41804929728333035,0.065540777184863,0.0,0.002733801257400026,0.47186844828747904,8.645939040858215,0.0,0
788,20.93841,78.92662,15.697084542978871,2.7487115728821307,0.5025811996971595,0.48232026873847994,0.1590068387710758,0.9077271416922084,0.5293145216410121,7.573316208178477,0.0,0
789,20.93841,78.9487,13.889879598209038,1.296251749403063,0.7875752700396719,0.2744661635628545,0.0,0.6483623824607281,0.44621444855678527,16.130724060290596,0.0,0
790,20.93841,78.97078,12.246123615707706,2.30759339672906,0.5911918292707484,0.17964787030302332,0.06920052607028679,0.13155940780145253,0.5564565057516059,10.569711453744326,0.14739717542703587,0
791,20.93841,78.99286,10.840425685481385,3.6422762310778944,0.39492041489040136,0.3233998371417738,0.0,0.5694036620106757,0.7106912199283962,7.468475672379419,0.0,0
792,20.93841,79.01494,9.776022307882501,4.976933656666813,0.49761880715751416,0.3604789087390661,0.6004361585976018,0.6160432221502106,0.5268678616996312,8.228054682210335,0.15160096160884395,0
793,20.93841,79.03701,9.172507475828377,6.311565661171293,0.39621561444126996,0.0978616839057985,0.16517922772180846,0.33436922336981345,0.4759768971295475,5.20232268102715,0.0,0
794,20.93841,79.05909,9.12182399248377,7.6461722322662675,0.06520438987344118,0.20791741666390867,0.25213765209035055,0.2751602527412992,0.3559234557420373,3.84048695323148,0.3784064264178752,0
795,20.93841,79.08117,9.632702157185205,8.980753357622543,0.20912490392722372,0.2970927091408134,0.030699511956689685,0.41826274529608426,0.6790772710206225,5.1495120163426,8.204244588787962e-05,0
796,20.93841,79.10325,10.624440075096304,10.31530902491268,0.29869036810126165,0.0,0.0,0.28499532722022636,0.49584145128692586,4.86828424121728,0.34101938855032016,0
797,20.93841,79.12532,11.97818854202681,11.649839221809005,0.27057533572274217,0.09779811236390175,0.47316457295698294,0.310617617320643,0.4966968891079894,3.3756428039201403,0.0,0
798,20.93841,79.1474,12.96708279453518,12.984343935981496,0.23795857890795552,0.0,0.0,0.3923752554807095,0.19951098190855926,8.37948445219707,0.008667027213698336,0
799,20.93841,79.16948,13.211417657923182,14.318823155099198,0.09662324470244443,0.0,0.1281532727267786,0.27140187310335595,0.5100711745258368,2.842513033163115,0.2667154240142979,0
800,20.93841,79.19156,13.836325745655687,15.653276866830018,0.0,0.0,0.0,0.330538599774374,0.4739145669134903,2.1570685859497454,0.0,0
801,20.93841,79.21364,14.793657313238814,16.987705058844902,0.0,0.1248153622971162,0.0,0.0,0.2773679743810285,1.2801459693920423,0.018212897349882587,0
802,20.93841,79.23571,16.02394195242035,18.322107718809175,0.08853733441850686,0.0,0.0,0.11717185581413864,0.6747042518117272,0.8420399215419594,0.0935167454651501,0
803,20.93841,79.25779,17.46960693307366,19.656484834391104,0.08328962274388385,0.0,0.0,0.1500732268150458,0.46418834619893734,6.684632202445734,0.06936393493770145,0
804,20.93841,79.27987,19.081762179714886,20.990836393257116,0.18472327154232682,0.03273690906664481,0.03199662952681176,0.3364283745199698,0.8070649542097522,4.544871414378502,0.009885261223180102,0
805,20.93841,79.30195,20.821771275096538,22.32516238307019,0.15621068401661498,0.0,0.0,0.357666587110646,0.7418002463804796,5.548108455498684,0.0,0
806,20.93841,79.32403,22.66020076080899,23.65946279149546,0.003517792078962252,0.08419527401324517,0.0,0.14503216340556335,0.44463386893301027,6.2973193216563725,0.13651055409199056,0
807,20.93841,79.3461,24.574972325979125,24.993737606199115,0.0,0.19362487161542197,0.0,0.25031368367881207,0.7383755215111164,2.6933988493150167,0.028910652166745866,0
808,20.93841,79.36818,26.549573559956002,26.327986814842088,0.0,0.0,0.0,0.025135250412085676,0.7730808947514436,7.31064534818638,0.15497596622648627,0
809,20.93841,79.39026,28.571602523736242,27.662210405086178,0.03601589610205406,0.0,0.30707984115402104,0.2886531280447272,0.47002520990268337,1.7863833585394902,0.06290259539156215,0
810,20.93841,79.41234,30.631668357672822,28.996408364594725,0.0,0.066769940171467,0.0,0.4230144792946695,0.4042146542077294,0.5100528573711003,0.10414352170489956,0
811,20.93841,79.43442,32.72258792777129,30.330580681027005,0.0,0.0,0.0,0.0,0.24739431273718054,4.28089008346046,0.18143101272871962,0
812,20.93841,79.45649,34.7697676779246,31.66472734204337,0.03545158759301393,0.09079156581954448,0.0,0.23209653918446876,0.6026532542236536,3.642671845009265,0.0,0
813,20.93841,79.47857,35.80654105247946,32.99884833530432,0.0,0.5004403278887996,0.0,0.4984237356620591,0.4132223823675758,3.6017786034503434,0.17705713747527735,0
814,20.93841,79.50065,33.82248237588,34.332943648467854,0.0,0.0,0.263336385576834,0.0,0.6067563585467715,5.838220240931407,0.0,0
815,20.93841,79.52273,31.879702681036726,35.66701326919099,0.039994546448691465,0.0,0.4970341594572809,0.13904902221868118,0.4695157171213235,3.4472023513349415,0.0,0
816,20.93841,79.54481,29.986226362689216,37.001057185129234,0.0,0.12184395402418678,0.15255787610237062,0.42276579243941736,0.43948689076434894,3.961423361774296,0.0,0
817,20.93841,79.56688,28.15200351010798,38.33507538394337,0.030972160905474586,0.2659858387469584,0.22238652763219166,0.0,0.4695575615658986,6.662136991803733,0.0,0
818,20.93841,79.58896,26.389392481529043,39.669067853285306,0.0341292809496227,0.158773469797012,0.34988200396087193,0.23007392052334294,0.3655658183839136,3.803021871068521,0.060425584524915824,0
819,20.93841,79.61104,24.71372038045936,41.0030345808112,0.0,0.0,0.05872022892545012,0.13256012767135278,0.46807423576639307,4.379619549259097,0.0,0
820,20.93841,79.63312,23.143878710505728,42.33697555417358,0.0,0.09370433111801739,0.32595130980071574,0.06529009529996933,0.4426492897815129,0.0,0.02139992535145571,0
821,20.93841,79.65519,21.702844909094477,43.67089076102715,0.17322346547433923,0.41587487440185145,0.17394616244630598,0.01540227932122152,0.542646338107961,12.740085896580526,0.16369439595629223,0
822,20.93841,79.67727,20.4179098446091,45.00478018902473,0.0,0.10504380190571082,0.04833358059657804,0.19243254735680154,0.5579413720369316,0.0,0.23977291594598,0
823,20.93841,79.69935,19.320243751655113,46.338643825816234,0.0,0.0,0.09391954059867996,0.008332275843326865,0.3920448006948845,1.6500042289620525,0.04963611570157826,0
824,20.93841,79.72143,18.4433133298653,47.67248165905543,0.0,0.05319600806059127,0.0,0.09750172136976215,0.6948645001099417,1.5641869804695807,0.1773062473497053,0
825,20.93841,79.74351,17.819736444059217,49.006293676389824,0.0037768588674149004,0.0,0.08975646956835123,0.19958780892763917,0.5173992784831578,8.519695323720256,0.0,0
826,20.93841,79.76558,17.476653573028425,50.34007986546926,0.003937197619031494,0.20720748970739983,0.0,0.0,0.7494765616094556,1.4719447186642183,0.0,0
827,20.93841,79.78766,17.43063528224345,51.673840213943606,0.0,0.0,0.0,0.08101486762418189,0.5728029233208615,4.177774994084783,0.0,0
828,20.93841,79.80974,17.684000838589995,53.0075747094602,0.14584838699000396,0.02122701390570153,0.07069123999811625,0.0674387838212952,0.549178673954521,1.5617184439694216,0.0,0
829,20.93841,79.83182,18.224267828686973,54.34128333966657,0.0,0.0,0.0,0.024942723806633867,0.4716709702228545,0.31722629343193676,0.13112996830527232,0
830,20.93841,79.8539,19.027012447293878,55.67496609220764,0.04760541434103872,0.0,0.023734720965291525,0.20952830736264313,0.6276866078411824,4.501444311937594,0.0,0
831,20.93841,79.87597,20.060749722316952,57.00862295473111,0.18744732854958984,0.2429623609017093,0.04853375031667241,0.22026143505930929,0.5476364215198325,1.146657105868994,0.1920100163641235,0
832,20.93841,79.89805,21.29186152913638,58.34225391487962,0.0,0.020381954289084233,0.053275811184073374,0.21063773386845702,0.6644324735709718,3.5535039522471603,0.29466001766629607,0
833,20.93841,79.92013,22.688240688969945,59.67585896030038,0.0,0.0,0.0,0.047979587920655944,0.7700944622266717,4.641274292628388,0.0,0
834,20.93841,79.94221,24.221320624663573,61.00943807863381,0.0,0.0,0.18952034785775299,0.07870929721679819,0.44471012990505326,7.967801216546807,0.34066893552643357,0
835,20.93841,79.96429,25.866806678226343,62.34299125752344,0.0,0.0,0.0,0.31097076688377495,0.6332012372485755,0.0,0.0,0
836,20.93841,79.98636,27.604604847099363,63.6765184846105,0.0,0.0,0.09350394284368166,0.05934609954589519,0.6299074398628723,2.6102931374966363,0.29607640601368534,0
837,20.93841,80.00844,29.41836049367079,65.01001974753716,0.17131793184829272,0.018467134330894305,0.0,0.27188963562277607,0.612650901007481,2.7167438561590966,0.0,0
838,20.93841,80.03052,31.29486957740077,66.34349503394336,0.22050217345548276,0.15720007118304105,0.0,0.09284212665555786,0.48826610990275887,3.008073365264638,0.0,0
839,20.93841,80.0526,33.2235005648337,67.67694433146667,0.0,0.0,0.22136293154507777,0.08357311506382632,0.49139723678641134,9.683764289532624,0.0,0
840,20.93841,80.07468,35.195686035426235,69.0103676277504,0.22861733829227612,0.2514449798239678,0.19536581519279514,0.09020989966872284,0.4676896290081184,2.5535440658309603,0.0,0
841,20.93841,80.09675,37.20450021781832,70.34376491042707,0.004277274692545914,0.0,0.0,0.22403877200504835,0.465074029645264,0.0,0.24026580818096482,0
842,20.93841,80.11883,38.59198524124312,71.67713616713701,0.21044940709774695,0.0,0.0,0.10712249357221199,0.432060728143867,2.487209197560899,0.0,0
843,20.93841,80.14091,39.65408071366464,73.01048138551572,0.0,0.0,0.0,0.2177337923350911,0.5351007476909335,2.6949177685258516,0.0,0
844,20.93841,80.16299,40.81719190045326,74.34380055319888,0.01573109647254557,0.15857265289454786,0.0,0.31475401777253925,0.44368331276369904,2.3756187111381752,0.0,0
845,20.93841,80.18506,42.0729418419708,75.6770936578216,0.043860265682706484,0.33564146111703635,0.0,0.07297113654453136,0.6108099444679035,1.1335316297016456,0.0,0
846,20.93841,80.20714,43.413292400394454,77.01036068701603,0.3814651071808034,0.0,0.0,0.10621416334671888,0.5578294701645219,0.0,0.0,0
847,20.93841,80.22922,44.83065600510157,78.34360162841975,0.10215640350526559,0.0,0.12685843050619872,0.42659578813171717,0.5735633775038136,8.616168729595465,0.0,0
848,20.93841,80.2513,46.317963202724066,79.67681646966044,0.0,0.20238361042729827,0.0,0.12441789376597834,0.5116227204150073,3.828849623395625,0.0,0
849,20.93841,80.27338,47.86869484995622,81.0100051983723,0.11628111310797476,0.0,0.0,0.17122717917645117,0.5595771841337088,2.5012847371920963,0.0,0
850,20.93841,80.29545,49.476887626515285,82.34316780218684,0.0,0.09068107882588052,0.0,0.3066739756264563,0.5153223996754109,8.532784217377058,0.2551236583171211,0
851,20.93841,80.31753,51.13712056758242,83.67630426873184,0.0,0.19544482378810799,0.21109705717711189,0.05410347826854075,0.6590962569374177,0.7423150067348678,0.0,0
852,20.93841,80.33961,52.84448898073914,85.00941458563884,0.10903286595733704,0.01252405095896679,0.0,0.0,0.48803557699083566,4.566973273446122,0.05984566313474519,0
853,20.93841,80.36169,54.59457072702597,86.34249874053481,0.0037308332903608406,0.08804811421309008,0.0,0.34672889239470117,0.6025510722433975,0.0,0.13788671819473503,0
854,20.93841,80.38377,56.38338858232463,87.67555672105004,0.03342956038333444,0.2817492966693832,0.0,0.3587198205632851,0.36709147719298285,4.952501013484335,0.32399006602523506,0
855,20.93841,80.40584,58.207371331206076,89.00858851480888,0.0016785874878092679,0.3117522886525287,0.0,0.1531523817298379,0.6496782348211676,0.050768421246137674,0.1455813167158725,0
856,20.93841,80.42792,60.06331539832238,90.34159410943823,0.04039026416571783,0.0,0.10585146375616575,0.0,0.471694490727379,4.223597327482852,0.0,0
857,20.93841,80.45,61.94834817694837,91.67457349256485,0.0509961390975306,0.0,0.0,0.5430948720443143,0.42227544196213085,8.078752252793599,0.0,0
858,20.95725,78.75,31.917293664508573,20.78394905924672,0.0,0.0,0.013376412082660591,0.13311226644915983,0.38958905907649277,4.136921035347311,0.05417181940280097,0
859,20.95725,78.77208,29.684900908153843,18.493279211076903,0.12584637224778095,0.18153723177983316,0.25855142907905365,0.13792893435196416,0.3780707460997281,0.0,0.17011255985570584,0
860,20.95725,78.79416,27.462341620558448,16.20315722311819,0.0,0.0,0.27184353708701336,0.4378364001103187,0.4805369891904055,4.58017404975376,0.02298289596805008,0
861,20.95725,78.81623,25.252212444810123,13.913853673974087,0.0,0.004861347989490936,0.0,0.28756875606623183,0.7568347471967856,6.167094427310942,0.010949446792789039,0
862,20.95725,78.83831,23.058088003280126,11.62585211840882,0.13703385140853577,0.07723640772901083,0.14165516267029912,0.3899521858049143,0.4556490194693756,7.815635613493012,0.0351212648545712,0
863,20.95725,78.86039,20.885013199209727,9.34010949410159,0.22091156634447287,0.0013549079405819342,0.06307483513561084,0.138522601230819,0.23455969823010026,10.019468187628831,0.0,0
864,20.95725,78.88247,18.740312085697227,7.058820625205394,0.2251445774072914,0.15514731547008354,0.0,0.4334263957288686,0.5923636933571692,11.071780490042025,0.026744164221252385,0
865,20.95725,78.90455,16.63496276522056,4.78835545469344,0.5499256723728372,0.5594453123273181,0.10440091893286016,0.4517251814688743,0.38150289738445436,7.946208046362079,0.12320297373530131,0
866,20.95725,78.92662,14.586015396361205,2.557702855617626,0.4918699879851647,0.18169523699828286,0.0,0.3282120518148234,0.646483338231311,8.059077846506487,0.003535092116445833,0
867,20.95725,78.9487,12.620969658299297,0.7356208164068828,0.8357811198362313,0.19034324478904663,0.37316001528867904,0.8177785812578247,0.46664341436032425,8.385512387457121,0.1987739228122679,0
868,20.95725,78.97078,10.785781248346684,0.5990729704257924,0.8347923344856539,0.44499946581582894,0.215557169289658,0.8165600955267587,0.47850066219405185,10.016560812961322,0.21722016013795964,0
869,20.95725,78.99286,9.158845561836827,1.933741357101305,0.7188974220173368,0.3106246159770347,0.0,0.6049975589044606,0.6741634269084019,11.498867520811604,0.0,0
870,20.95725,79.01494,7.870387563459485,3.2683843312943535,0.6134616572256983,0.501291651014695,0.07417765186838678,0.6611201222685121,0.5826114651703934,5.7528307364801305,0.14456304261922057,-1
871,20.95725,79.03701,7.106948900586611,4.603001880682787,0.3433794994142259,0.2938654152635517,0.0,0.6243282687374356,0.31432687374547225,5.986821584232948,0.09872470597146212,-1
872,20.95725,79.05909,7.04142166560748,5.937593992944815,0.45863964488593734,0.2082565261022676,0.159580903124664,0.4739577457147006,0.33425163344008607,9.114883353664643,0.0,-1
873,20.95725,79.08117,7.691663643759464,7.272160655752423,0.3051537966100629,0.0,0.10103041626594564,0.2748115748135173,0.24480634087337225,5.330799925409988,0.047797303641394916,-1
874,20.95725,79.10325,8.902187040304813,8.606701856781749,0.011212739360446505,0.0,0.0,0.48231954998162485,0.8690914397395375,7.420773417909026,0.0,0
875,20.95725,79.12532,10.48061792862428,9.941217583708092,0.0,0.0,0.2743310863848148,0.28611193141305113,0.39435373989868544,3.8649444718092276,0.05648280289225523,0
876,20.95725,79.1474,10.872567806840408,11.275707824203813,0.15122098691796854,0.17126079325136118,0.3661654703897358,0.33183797205529264,0.681111477867571,6.319463854225594,0.14057185422381052,0
877,20.95725,79.16948,11.162806304861425,12.610172565940639,0.0957329100029544,0.0,0.09963823419117722,0.0,0.4443615934946896,3.209985389044232,0.0,0
878,20.95725,79.19156,11.895733149480163,13.944611796589454,0.08546088271144557,0.2829641271319625,0.030867180669868294,0.09035003522950615,0.37127868987033197,0.0,0.0,0
879,20.95725,79.21364,12.996668730226713,15.279025503823283,0.07499720279738088,0.0709689416323338,0.16230451968211013,0.16129579118685275,0.5300940154396759,7.133475745926215,0.054511839758334596,0
880,20.95725,79.23571,14.381343359916364,16.613413675310134,0.08979800863559106,0.012855210251253447,0.054618749395450236,0.09935394532765587,0.48606691872255,2.611573256806291,0.40249031928630136,0
881,20.95725,79.25779,15.976150434256954,17.94777629872155,0.16394025710053337,0.0,0.0,0.0,0.6483104170746161,3.5786672654606595,0.0,0
882,20.95725,79.27987,17.724458658761677,19.282113361726353,0.0,0.13093520482639856,0.0,0.3684653309831714,0.6535883919617438,2.25932558117043,0.04167239322156675,0
883,20.95725,79.30195,19.585203390723596,20.616424851990494,0.0,0.0,0.0,0.0347759306963416,0.4597347606982247,5.326389969477084,0.0,0
884,20.95725,79.32403,21.529251094800767,21.9507107571812,0.0,0.0,0.0655991838613862,0.11705891045873738,0.34287681818395244,4.651496909247164,0.0,0
885,20.95725,79.3461,23.535968553730434,23.284971064967333,0.05530372289540744,0.20583419757775404,0.012949593448991423,0.11923758752846086,0.37843936110814924,5.086503701602091,0.0,0
886,20.95725,79.36818,25.590617016946698,24.619205763013127,0.16591339717248368,0.06950819855309631,0.049701468538113955,0.21665214931050356,0.22764580070486518,2.1549613064028357,0.0,0
887,20.95725,79.39026,27.682525921864748,25.95341483898275,0.0,0.0,0.0,0.3405504712587768,0.5095927449694969,3.374046901105798,0.09654574201875184,0
888,20.95725,79.41234,29.8038504216468,27.287598280542227,0.0,0.11131739750326353,0.13658922836232307,0.23494302646070533,0.5469555789393002,4.5182752732381015,0.0,0
889,20.95725,79.43442,31.664612411105225,28.62175607535385,0.0,0.008687537206262023,0.003211128757060759,0.28757963293274275,0.3889829899133269,7.391728204254765,0.0,0
890,20.95725,79.45649,33.4213569154551,29.955888211079728,0.0,0.06737040241735837,0.5123785675780517,0.1702000619184596,0.3723269211731976,4.119624753076712,0.20479698550350753,0
891,20.95725,79.47857,34.834125855849614,31.289994675383944,0.0,0.0,0.0,0.064329475854873,0.5471461802300601,0.6694835247919713,0.18071788326603877,0
892,20.95725,79.50065,32.79154897788458,32.624075455926935,0.0,0.33570549192811366,0.0667512992779183,0.06842553072503396,0.4606800994954494,3.936390657064515,0.0,0
893,20.95725,79.52273,30.784036716781664,33.958130540368344,0.008113336895773569,0.0,0.5688107220757735,0.18364927240745116,0.51900743000942,2.7778269232975936,0.00806950509012328,0
894,20.95725,79.54481,28.818917800885643,35.29215991636672,0.0,0.25255408887045394,0.043059365768983254,0.1673073593476686,0.4969477531842188,0.0,0.1950000873498344,0
895,20.95725,79.56688,26.905482833611558,36.626163571584904,0.12815386203920837,0.0,0.0,0.27087736983211097,0.5825651575708982,0.0,0.1656272519386968,0
896,20.95725,79.58896,25.05557559716268,37.960141493677504,0.0,0.13273712911140712,0.0,0.08318564274623903,0.4677887554585733,2.9597070103773895,0.21772369737106617,0
897,20.95725,79.61104,23.284342615534378,39.29409367030399,0.0,0.12153892656687758,0.3172543150568232,0.16573690573946584,0.477448634753388,3.160593557289577,0.060819801601990235,0
898,20.95725,79.63312,21.611136845241266,40.628020089119254,0.058611226195972865,0.18843160587086827,0.0,0.0,0.2810935597023756,2.3322195365496547,0.12458250210874307,0
899,20.95725,79.65519,20.06050208891755,41.961920737781014,0.0,0.0,0.10627196845117298,0.257909800599581,0.535890225880232,5.383863546515412,0.22767231041970273,0
900,20.95725,79.67727,18.663015223159466,43.295795603943866,0.04749776515912175,0.1802764821383587,0.0,0.12787129518554746,0.5535011456692164,0.641904530867718,0.0,0
901,20.95725,79.69935,17.455498167035664,44.62964467526134,0.012894681708026767,0.3059214689161017,0.0,0.34612581393776853,0.5142187533299023,0.0,0.07527638493623881,0
902,20.95725,79.72143,16.47976280204335,45.96346793938958,0.0,0.0,0.0,0.43056286846432024,0.8048279965961554,0.9076851634464793,0.0,0
903,20.95725,79.74351,15.778866724499375,47.29726538397879,0.19097027908932238,0.020747080483844663,0.3140351956622369,0.058080924715442434,0.5583706028000852,1.4615625273498756,0.0,0
904,20.95725,79.76558,15.390405322318482,48.63103699668183,0.0,0.0,0.0,0.15953368640756665,0.5127104087359191,2.88931085219221,0.08861508416274125,0
905,20.95725,79.78766,15.3381356386702,49.96478276515065,0.24747756494601542,0.0,0.0,0.10543925844612277,0.6043629041466847,0.9610653757144862,0.11317345359872648,0
906,20.95725,79.80974,15.625431891477888,51.29850267703529,0.0,0.28932317052439915,0.2972325132395917,0.04625484192475549,0.831009010297349,0.0,0.0,0
907,20.95725,79.83182,16.23427628784592,52.632196719986574,0.0,0.0,0.0,0.22075331348927738,0.5720166898784598,0.0,0.0,0
908,20.95725,79.8539,17.130417942483977,53.96586488165182,0.008514463625829348,0.0,0.1024377064053108,0.04163500592776507,0.22720196847615398,3.34260735549822,0.0,0
909,20.95725,79.87597,18.271633701064722,55.29950714968143,0.0,0.2657777169122857,0.19714442957853529,0.22666878730363937,0.6009715264642754,0.08385336878450511,0.034482472279227044,0
910,20.95725,79.89805,19.61519470928055,56.63312351172105,0.0,0.10570213456857917,0.11741280579870891,0.0,0.41929966472230407,0.0,0.0,0
911,20.95725,79.92013,21.122523855886627,57.966713955419706,0.0477077091893032,0.34325443769782865,0.0,0.33458521719478407,0.274936076586717,4.639204327684633,0.07617443703030102,0
912,20.95725,79.94221,22.76110824654057,59.300278468421396,0.06672086620459582,0.0,0.15183023181055186,0.0,0.7831553247392615,7.029850416048653,0.0062343877871188095,0
913,20.95725,79.96429,24.50463151759583,60.633817038372065,0.0,0.021971440751098106,0.0,0.24563942101038683,0.7540348703446523,2.765082633899704,0.04022614985347296,0
914,20.95725,79.98636,26.332257101785203,61.96732965291593,0.11852132549015691,0.0,0.0,0.41755921392891004,0.42079179857631643,3.7071491041218154,0.0,0
915,20.95725,80.00844,28.22765384545907,63.30081629969727,0.13892712088002446,0.023665786797182398,0.0,0.0,0.42238095262224096,3.7279184947535264,0.0,0
916,20.95725,80.03052,30.17805488214777,64.63427696635905,0.17237718158905546,0.0,0.0,0.177131486143805,0.5711152235264211,0.0,0.0,0
917,20.95725,80.0526,32.173458416055595,65.96771164054125,0.06354640067656663,0.10989922759747352,0.04073874811025599,0.2707718256392459,0.425136887455688,5.316398441369682,0.2438289809219909,0
918,20.95725,80.07468,34.205989668190014,67.30112030989044,0.16362489112098103,0.051956305702963,0.0,0.14550428245189978,0.5304211645041366,6.228781578880865,0.0,0
919,20.95725,80.09675,35.71999610661596,68.63450296204157,0.0,0.0,0.0,0.2883870274706892,0.44963508272534214,7.7800660882317905,0.12927625330217363,0
920,20.95725,80.11883,36.7222205969877,69.96785958463799,0.0,0.0,0.03226076150153149,0.25529195384618664,0.49350414753100635,1.8659724603479313,0.0,0
921,20.95725,80.14091,37.836698707981846,71.30119016531731,0.0,0.0,0.2156304266842217,0.2837966784167243,0.3530252511740672,0.05194959282725575,0.0,0
922,20.95725,80.16299,39.05382146335371,72.63449469171788,0.014312630977947743,0.11650570258888657,0.0,0.0,0.6654677631868878,6.535063196176602,0.0,0
923,20.95725,80.18506,40.3643046402511,73.96777315147816,0.0,0.0,0.29083725274825306,0.5694407413265248,0.7182909331800769,4.299593250043756,0.0,0
924,20.95725,80.20714,41.75935968993825,75.30102553223273,0.0,0.08194570033942314,0.1897739811339912,0.2701197657273471,0.5357816019425266,5.276217804032282,0.0,0
925,20.95725,80.22922,43.230799975877076,76.6342518216221,0.22586382372573516,0.3319446920957427,0.0,0.26318514107706104,0.5447774968261451,1.3194055701263179,0.23103049715410431,0
926,20.95725,80.2513,44.77109470635546,77.96745200727612,0.0,0.23770840128883888,0.0,0.0,0.6379670640690622,3.70761798975375,0.3083997643802179,0
927,20.95725,80.27338,46.3733833471081,79.30062607683168,0.04965689788637443,0.0,0.0,0.3617057286027485,0.5501781744789258,0.26250172398882077,0.03802206173120517,0
928,20.95725,80.29545,48.03146207748143,80.63377401792361,0.0,0.0,0.05447971375217906,0.2888404494073636,0.792072197202019,2.9875332824273984,0.0,0
929,20.95725,80.31753,49.73975187835298,81.96689581818211,0.009086761467183532,0.06744397740108227,0.0,0.031661669099543044,0.36565899513853983,2.096489589472033,0.0,0
930,20.95725,80.33961,51.493255701126316,83.2999914652417,0.000722936079719977,0.0,0.23994007532543693,0.0,0.6704943922600933,9.094100466428845,0.0,0
931,20.95725,80.36169,53.2875101991814,84.63306094673153,0.05379963618064615,0.0,0.0,0.33588822275750563,0.533983874864183,4.427179033250642,0.23189718931194922,0
932,20.95725,80.38377,55.11853585573512,85.96610425028489,0.13983750345749002,0.06165671374785369,0.0,0.13726343508113065,0.3930097667640786,0.0,0.0,0
933,20.95725,80.40584,56.98278804899802,87.29912136352849,0.19768775953299583,0.0,0.046750596971996766,0.12445154320033552,0.8645774106305675,2.9965074986956086,0.0,0
934,20.95725,80.42792,58.87711062947798,88.63211227409256,0.03715479406132586,0.3062962273627562,0.0,0.331714037373688,0.8839171034506113,3.9577202368583113,0.024849205522284618,0
935,20.95725,80.45,60.79869289196815,89.96507696960632,0.07074593401229055,0.0,0.0017226537599935685,0.040879494392472626,0.5208902604673081,1.7681134024720695,0.0,0
936,20.97609,78.75,31.52369313230995,20.968624959962717,0.0,0.2053450583788386,0.19979142525660323,0.14421157748237468,0.6112161812124012,1.0086216426450405,0.0,0
937,20.97609,78.77208,29.261583641868906,18.70089312281299,0.03375280106359251,0.0,0.027358942440591304,0.030835269776560467,0.4825098496345367,5.844103270148329,0.0,0
938,20.97609,78.79416,27.00450257056047,16.440022531216126,0.17740484020491423,0.0,0.03009141625416021,0.22723234468362657,0.5043385894092445,1.948931653565504,0.0,0
939,20.97609,78.81623,24.753825495892084,14.189293355534701,0.19787660242232336,0.15943326514899872,0.04991035971851453,0.08329774888425057,0.3882194754349668,6.356265158694491,0.04198292412058811,0
940,20.97609,78.83831,22.51147334680966,11.95443516895101,0.16176011841181917,0.2321952615366556,0.0,0.06073710800762693,0.36606872973008253,2.6651349251181826,0.16557094502392555,0
941,20.97609,78.86039,20.280207784767907,9.74637187752832,0.30339805630525857,0.0,0.09839895357079854,0.15248817239800636,0.8013717409362658,4.659273660870005,0.0,0
942,20.97609,78.88247,18.06413754235638,7.588529537356381,0.3412004800867696,0.10887558671248868,0.061957100637635945,0.2565161985865605,0.5347209563809985,9.359087919966711,0.0,0
943,20.97609,78.90455,15.86962967215993,5.539906877580672,0.5412357714498626,0.0,0.22324599820939425,0.44023839456622604,0.5428799424811792,9.134968619365512,0.0,0
944,20.97609,78.92662,13.707044596129155,3.7823442869576542,0.5671068491531313,0.15118859579268898,0.18734503902774885,0.64648599298302,0.4161626082840366,8.993576289405038,0.0,0
945,20.97609,78.9487,11.5942590645082,2.444048198831175,0.6227332026039395,0.35942194815827466,0.05679024414126571,0.4003442553119769,0.5476350959604038,9.781949697028121,0.09234336774042394,0
946,20.97609,78.97078,9.564332806560584,1.1093688622705238,0.8714926628273859,0.2166830749693474,0.3470396581720153,0.8645670362768154,0.29884876140322225,11.191716789872723,0.11732296413876522,0
947,20.97609,78.99286,7.683223849289992,0.22528507041132162,0.6114773306674717,0.31307912981002295,0.13935408814415076,0.855981378556381,0.38609901148205406,9.719502748021307,0.0,-1
948,20.97609,79.01494,6.090422310849825,1.5599135868908347,0.8170089790772155,0.1885506912226086,0.3137783104713483,0.7809037420775468,0.30955615572549755,6.624375323873602,0.2251572310231034,-1
949,20.97609,79.03701,5.065610335534755,2.8945166748485422,0.1794785495289608,0.2817483061880459,0.25626030159561086,0.501627932782073,0.6450294282254516,11.00465834338025,0.18499334245480983,-1
950,20.97609,79.05909,4.973270692133006,4.229094321965932,0.28736755487721466,0.6449690187505688,0.41623402763714895,0.0,0.23142650661384895,12.60384660800079,0.21044474926607892,-1
951,20.97609,79.08117,5.857668807591446,5.563646515917368,0.44984279731562116,0.30978926319654754,0.20047586302646464,0.6118284614606104,0.309567718602929,9.421310816582192,0.3200320238114841,-1
952,20.97609,79.10325,7.375431874502863,6.898173244382263,0.37403670752749246,0.06383565143829606,0.5387800769152207,0.2176872816136961,0.20483446186974047,7.8427281857282765,0.0,-1
953,20.97609,79.12532,9.00925956650592,8.2326744950371,0.11407929292154567,0.11783663156636867,0.5589599216902592,0.43209871761173496,0.3808410579946152,3.4634185581540944,0.0,0
954,20.97609,79.1474,8.77827326239965,9.56715025555842,0.1175526792757501,0.0,0.3369441711563139,0.4904513083137269,0.439361049683981,8.389363207311991,0.04575894298777477,0
955,20.97609,79.16948,9.135249774795597,10.901600513618426,0.3269882972851021,0.0,0.46022539242365557,0.0,0.6432579111329345,6.931943909076985,0.0,0
956,20.97609,79.19156,10.01752857496259,12.236025256894285,0.07203126208120968,0.33310973582891257,0.0,0.3183329201318543,0.48125537820177705,7.287348280705141,0.00613786320224801,0
957,20.97609,79.21364,11.30275860370118,13.570424473059012,0.3733197798453566,0.06749367463843192,0.0,0.2902776338064159,0.462115350273592,7.680635564907569,0.1630784377561399,0
958,20.97609,79.23571,12.87078893598563,14.904798149784286,0.08316744463124015,0.37134991383182236,0.012738944037802236,0.27738684132862806,0.5685766083386499,8.841575285905861,0.0811648214541624,0
959,20.97609,79.25779,14.630975544023231,16.239146274744044,0.1157328070015411,0.0369247055145267,0.06419484586301809,0.040971996885761156,0.4705351534676423,1.5829563989687023,0.023345024244138948,0
960,20.97609,79.27987,16.52201754431093,17.57346883560818,0.24748012175039763,0.03409229414296281,2.904412417804869e-05,0.38482489160130545,0.8746483603732184,0.9257919590663324,0.0,0
961,20.97609,79.30195,18.503839109865233,18.907765820049235,0.058519953037168226,0.1334120241246477,0.0,0.0,0.4581041178829307,4.486357821343337,0.0,0
962,20.97609,79.32403,20.55019314391016,20.242037215733525,0.0,0.0,0.24939018265017868,0.22381583289047957,0.6014100029150894,1.5508854246286154,0.0,0
963,20.97609,79.3461,22.64359051814083,21.576283010334794,0.014264648064247135,0.05225109785830197,0.44387408907780174,0.14738369585758387,0.6611114884274569,0.9697851046078485,0.037680635425329095,0
964,20.97609,79.36818,24.772107701618765,22.910503191518163,0.0176892473876264,0.007957589514972876,0.26504908194540294,0.24865379377314134,0.46001922982808685,6.878074700399083,0.0,0
965,20.97609,79.39026,26.8762237193822,24.24469774695139,0.0,0.25074379997492696,0.22314236856264125,0.2563835731348276,0.570884016884876,0.9850149258064325,0.2344222030748554,0
966,20.97609,79.41234,28.55980273952395,25.578866664303487,0.0,0.16516080308495193,0.04966954537995322,0.38434277953274865,0.47816845855097195,3.495955304492851,0.0,0
967,20.97609,79.43442,30.323098220713263,26.913009931238427,0.0,0.0,0.0,0.210524200157547,0.5870859717433107,0.0,0.08934953234719703,0
968,20.97609,79.45649,32.152997666951066,28.247127535423708,0.11994704813003611,0.20630403886414128,0.016818764968142778,0.14049043339117379,0.5631881076420432,3.5540042985546347,0.012929767149826962,0
969,20.97609,79.47857,33.96324560304412,29.581219464522526,0.011378459588791533,0.0,0.42278202645134105,0.17862428325983745,0.5296642546304889,6.411684192750445,0.0,0
970,20.97609,79.50065,31.865166724382338,30.915285706200166,0.0,0.0,0.0,0.19769670695831268,0.38723356750350624,6.444061975912549,0.2069042036300422,0
971,20.97609,79.52273,29.795573413213717,32.249326248117505,0.0,0.036411489466147626,0.0,0.3187368867835909,0.8095229772319844,5.967044822696956,0.17317469190900922,0
972,20.97609,79.54481,27.760837312347125,33.583341077937554,0.03048278726219241,0.0,0.2266014189938357,0.0,0.6301387006500563,3.011848550139906,0.0,0
973,20.97609,79.56688,25.769216759423294,34.91733018332437,0.0769866298950048,0.2505287243899864,0.24212109268826423,0.2576357446952471,0.3248631002576411,6.075824317891399,0.0,0
974,20.97609,79.58896,23.83152385804547,36.251293551935746,0.0,0.05912993002726817,0.0,0.25120920882144476,0.4873808136401232,4.278513052756721,0.033951271082681096,0
975,20.97609,79.61104,21.962037271814566,37.585231171434025,0.0,0.03827775494345986,0.0,0.19427922049627921,0.3251398005539501,1.9969591280125114,0.0,0
976,20.97609,79.63312,20.179722228709913,38.919143029477695,0.13408534276384051,0.15086312761052123,0.0,0.2195795943737221,0.649767137192344,4.111603435379923,0.0,0
977,20.97609,79.65519,18.509777284761032,40.25302911372581,0.0,0.18382629212636628,0.041576042705113885,0.0,0.5378040753747557,5.405513694129327,0.0,0
978,20.97609,79.67727,16.985378420138353,41.58688941183573,0.0,0.1374955712642317,0.2572026335468751,0.0,0.538778892912414,0.0,0.0,0
979,20.97609,79.69935,15.649117070767028,42.92072391146428,0.05403968297466227,0.24327957145925433,0.0,0.07660514836409453,0.417334979679083,0.3193174025162535,0.0,0
980,20.97609,79.72143,14.552910740587615,44.2545326002694,0.05623063015088889,0.11810306832410138,0.27468139051064355,0.21562907207073057,0.4881340005944341,2.6924856180853887,0.0,0
981,20.97609,79.74351,13.754276371206524,45.58831546590462,0.0,0.051744898183823274,0.08594721021141447,0.4365550926912245,0.6400006150149293,0.0,0.0,0
982,20.97609,79.76558,13.306900012516241,46.92207249602506,0.027939288835835675,0.22590949162989787,0.5364158279358611,0.16391246681426572,0.6760472017505297,0.0,0.0,0
983,20.97609,79.78766,13.246419123590705,48.25580367828718,0.08859143221408722,0.013400019483210015,0.13573060096220516,0.0,0.646509109811725,1.9487075420565356,0.19413573066751408,0
984,20.97609,79.80974,13.578004768390672,49.58950900034223,0.045183764191076975,0.03099543252597667,0.04837029212818007,0.0053317031742260435,0.3118890750224935,5.615588429948019,0.043307064343192536,0
985,20.97609,79.83182,14.274360561887569,50.92318844984264,0.07604386795170379,0.2970290038195522,0.17463944849602056,0.28167320646280886,0.5054162348278353,5.56159380427219,0.13894442919140204,0
986,20.97609,79.8539,15.285715132363912,52.256842014440494,0.0,0.2762942147451496,0.0,0.017989420303976128,0.5698103269827004,3.8618848949859483,0.0,0
987,20.97609,79.87597,16.554436441314913,53.59046968178744,0.03985694586772762,0.010958726062062461,0.0,0.33484687303405647,0.4344613207930672,3.4920779170169727,0.0,0
988,20.97609,79.89805,18.026264311365967,54.924071439533,0.0,0.0,0.0,0.3904532181417727,0.3078238767341894,8.44757580643707,0.025852695499674984,0
989,20.97609,79.92013,19.655625238978164,56.257647275327294,0.0,0.2398363144599372,0.0,0.5287744119383885,0.362315437320078,1.615046802373702,0.07502425396591501,0
990,20.97609,79.94221,21.406577499702856,57.591197176819435,0.10453450130713506,0.13180905146468308,0.0,0.17296363538206616,0.7543246853825727,3.6417613999648086,0.0,0
991,20.97609,79.96429,23.251668193799834,58.92472113165629,0.1775672521135211,0.05289268803012633,0.0,0.15462040783526415,0.3790456929525905,1.4815385576352982,0.0,0
992,20.97609,79.98636,25.170203467396096,60.258219127484246,0.21536789407362328,0.0,0.0,0.11154067663534407,0.5536444514950041,0.0,0.0,0
993,20.97609,80.00844,27.1466160848895,61.591691151952105,0.15781176586088821,0.05403133142853186,0.0,0.34951885489896634,0.5259449353414035,6.090287845887888,0.0,0
994,20.97609,80.03052,29.169143604621894,62.92513719270405,0.0,0.0,0.05269859848103768,0.002882922442833974,0.52692282878569,2.214741363209845,0.3464397086407009,0
995,20.97609,80.0526,31.228827414923927,64.25855723738424,0.04234874554306348,0.0,0.022135635205636783,0.041858310581223246,0.5041213699904252,4.813673033984799,0.050212224063787725,0
996,20.97609,80.07468,32.89043512305928,65.59195127363918,0.09203662168040785,0.02091689032566822,0.0,0.05605299341403534,0.659646764932116,2.366217906446167,0.006438118666153794,0
997,20.97609,80.09675,33.82137349844547,66.92531928911042,0.014555668668830546,0.042685598247886085,0.0,0.0,0.5542730256414821,6.246562601321045,0.0,0
998,20.97609,80.11883,34.878065911861434,68.2586612714413,0.01570316489091898,0.0,0.0,0.24484013315370506,0.4618106639205295,0.4117600175408871,0.0,0
999,20.97609,80.14091,36.049455619717676,69.59197720827285,0.09885955417734468,0.1447452184444489,0.003302320476316168,0.0,0.5566964544371685,6.030118404459651,0.0,0
1000,20.97609,80.16299,37.32474527573184,70.92526708724674,0.0,0.2063149340786983,0.012520576765402991,0.27930297368359813,0.37074628254928155,5.328336067016723,0.18087638429390257,0
1001,20.97609,80.18506,38.69366302393836,72.25853089600265,0.0,0.15526070322421046,0.0,0.19783322483907145,0.6163158051477265,0.0,0.0,0
1002,20.97609,80.20714,40.146632404332564,73.59176862217902,0.0,0.0,0.054080602123873785,0.4459243384569261,0.4544162591116151,1.6586991335299324,0.0,0
1003,20.97609,80.22922,41.674863086602414,74.92498025341852,0.07607301886916656,0.12097524616862457,0.05270010566222466,0.17274433611638185,0.46253550665894805,5.656335903376754,0.0,0
1004,20.97609,80.2513,43.27038150324304,76.25816577735432,0.0003622166339470114,0.012506975089679033,0.0,0.11244617968981571,0.6216790793244977,7.258932911739802,0.0,0
1005,20.97609,80.27338,44.92601915644063,77.59132518162596,0.04082761687450562,0.0,0.48443619168024127,0.0,0.4928637827160763,4.86191252829648,0.06990499611384841,0
1006,20.97609,80.29545,46.63537344012702,78.92445845387046,0.08041144663336833,0.10765616550931643,0.0,0.17780374515683445,0.5007735117933728,1.9703477442717443,0.0,0
1007,20.97609,80.31753,48.39275243656127,80.257565581721,0.0,0.02339623013151202,0.0,0.4017340574774527,0.7134053915557339,0.4835236359992825,0.07136564806331423,0
1008,20.97609,80.33961,50.19311199244507,81.59064655281452,0.09075102206598232,0.41497964704062523,0.0,0.0,0.41370716604411917,4.474341783202181,0.024741523343183032,0
1009,20.97609,80.36169,52.031990753574455,82.92370135478374,0.045462107321688,0.2331728953428532,0.0,0.4736161231684645,0.6197396369611616,1.893242233660353,0.0,0
1010,20.97609,80.38377,53.90544680870801,84.25672997526353,0.0,0.11379174462350568,0.1372237893377177,0.0,0.6829082898234815,2.0035144546449057,0.0360657224326981,0
1011,20.97609,80.40584,55.8099981120023,85.58973240188477,0.17307721292458336,0.039873577663937954,0.0,0.16124102359797193,0.7133473534533531,2.417858906746827,0.0,0
1012,20.97609,80.42792,57.742567821318865,86.92270862227838,0.0,0.02620074152456526,0.0,0.0512758512626108,0.8546995749613789,5.2931436776246255,0.03480679303554011,0
1013,20.97609,80.45,59.70043500203945,88.255658624078,0.0,0.0,0.0,0.19833656942887384,0.4600908217782989,7.6972531879961394,0.0,0
1014,20.99493,78.75,31.265805744986157,21.35817763942684,0.0,0.0,0.0,0.15729654013285446,0.42739770505943137,6.508582855695442,0.2465882394208276,0
1015,20.99493,78.77208,28.983874978891734,19.136960647930156,0.0,0.0,0.0,0.2016754195997771,0.6628138901977612,4.098302875242239,0.0,0
1016,20.99493,78.79416,26.70363114434762,16.934704456305393,0.06572084097250147,0.023413913237675575,0.0,0.2261069372036308,0.6792994556717845,2.033164346409295,0.0,0
1017,20.99493,78.81623,24.425546745366766,14.759898716934227,0.052574332499571594,0.0,0.1840943012003192,0.05074719420738262,0.4358848276176273,6.481627623066424,0.0,0
1018,20.99493,78.83831,22.15028811471408,12.626735503954455,0.08149215031052459,0.0,0.05365351144853434,0.17016829445172074,0.6128867848531375,9.54294097036387,0.0987028614328209,0
1019,20.99493,78.86039,19.878825608669867,10.56047982772145,0.2463953415819159,0.032370624840753204,0.33366298495486013,0.18237600750714728,0.9,8.393058172599648,0.0,0
1020,20.99493,78.88247,17.612628074111967,8.609440467308495,0.2789226139483241,0.05993454275495548,0.18272623761318627,0.2685266054350996,0.5540315263847011,6.997857626017126,0.14465246073556123,0
1021,20.99493,78.90455,15.354027011740046,6.8724553911570805,0.35601946154507336,0.016158850873824557,0.15384935205728395,0.2896770371728906,0.6638134855922831,5.922411558526809,0.0,0
1022,20.99493,78.92662,13.106950156371536,5.487087188126821,0.4498905264387212,0.09958216682852972,0.45034243644078326,0.5536476204968571,0.7482362496965042,8.7891887207312,0.0,0
1023,20.99493,78.9487,10.878541247355725,4.1523969128855,0.5744769666273613,0.4740185595353394,0.09125663455217388,0.297519455517285,0.867894622526262,11.675631385769437,0.0,0
1024,20.99493,78.97078,8.68318480188026,2.8177320329285114,0.3722841593524947,0.3672902725073798,0.17759952325477857,0.818085458436774,0.5373522281588365,10.18471709074813,0.0,0
1025,20.99493,78.99286,6.554178752568703,1.4830925605689889,0.7372658756226289,0.2637445541199278,0.240678302490763,0.523230099246116,0.658340114419212,10.363735596606578,0.0,-1
1026,20.99493,79.01494,4.584903787491306,0.1484785081293802,0.713932056667404,0.4728427170736834,0.6563366520778686,0.8016188938200937,0.34646495592865273,10.065903490613646,0.0,-1
1027,20.99493,79.03701,3.0967643730071224,1.1861101120768147,0.8249554862332771,0.5568282315807248,0.45607956781995734,0.5722235643037343,0.4341178612841095,17.62123449304906,0.40583727964368854,1
1028,20.99493,79.05909,2.943311037402853,2.5206732877307676,0.6564171370244004,0.4188905259387154,0.33881087152882383,0.8207365216041531,0.36503897032129384,7.485123238041684,0.21239477291907777,1
1029,20.99493,79.08117,4.270917185002948,3.85521100651022,0.6514212153117582,0.28918236245258233,0.48553451593211583,0.4397273651232315,0.18790221679260694,6.307480967933252,0.14397095213004601,-1
1030,20.99493,79.10325,6.190550105920737,5.189723256097865,0.5635871007766854,0.45192554687261094,0.09632601896373064,0.7476272965739009,0.2542993180846519,8.48271906704289,0.25454922156895265,-1
1031,20.99493,79.12532,6.98494425097561,6.524210024172566,0.3614354731623212,0.1742580493097955,0.3313618772063294,0.4941868935778275,0.5477674388798458,6.8342918685379,0.10408138783237915,-1
1032,20.99493,79.1474,6.684406365969415,7.858671298413547,0.20983648543639385,0.05948747867598564,0.3200539379207779,0.32129150788786603,0.5473122240799021,9.41914066833668,0.0,-1
1033,20.99493,79.16948,7.14669070803119,9.193107066495994,0.2742824925441399,0.19796244055557144,0.18027612394320372,0.5534589289726728,0.34339555668462807,8.989123051360435,0.19849377158806286,-1
1034,20.99493,79.19156,8.244461468135762,10.52751731609915,0.10962868628807741,0.18142102037561,0.29184628776468374,0.26850287294688313,0.7174193313146787,2.636902819440017,0.3038019678901253,0
1035,20.99493,79.21364,9.765713420556539,11.861902034898721,0.13831920990236934,0.0,0.0,0.33087275560686136,0.3553232449585363,3.4445906312159424,0.12348114341000688,0
1036,20.99493,79.23571,11.544229237641042,13.196261210569668,0.22920858286036,0.08336232742960334,0.1306604087298378,0.09693141930108921,0.5568144289838594,2.801030706396628,0.0,0
1037,20.99493,79.25779,13.478551643686293,14.530594830788312,0.021832176242506107,0.20533395730796153,0.0,0.32509779302462943,0.4707111415417135,6.830663493478264,0.0,0
1038,20.99493,79.27987,15.51049756933446,15.86490288322753,0.16774713650759715,0.12213168682558924,0.6201331559152932,0.08817394396687157,0.5498947579109639,5.657808450793398,0.0,0
1039,20.99493,79.30195,17.606299124909015,17.19918535556196,0.1381841270613839,0.3950847391828024,0.06373745067670444,0.2448459560253858,0.6651619571041838,3.3654842938996943,0.021060738671635534,0
1040,20.99493,79.32403,19.745633825413236,18.533442235460583,0.0,0.23021286477850292,0.0,0.18293275953751692,0.6485841051768451,4.7105603712356094,0.23068401190609383,0
1041,20.99493,79.3461,21.915756710545672,19.867673510600444,0.15333679778288814,0.2558232707873033,0.0,0.2826255189585156,0.6439133244195872,1.061478754111035,0.0,0
1042,20.99493,79.36818,23.772953436575833,21.201879168649057,0.11302621071177865,0.4676400445602617,0.27169611688609074,0.18510404620546195,0.6274173871960587,1.9227517916008205,0.0,0
1043,20.99493,79.39026,25.45538744190623,22.53605919727716,0.03560793769771642,0.1375431936893518,0.0,0.27829682624014457,0.36894164018564024,0.3557577804178469,0.16391690410937027,0
1044,20.99493,79.41234,27.226749370461707,23.870213584155856,0.0,0.039571338733459575,0.0,0.17079909880475744,0.7066947475429104,4.012707487609524,0.0,0
1045,20.99493,79.43442,29.070787875458123,25.20434231695181,0.0,0.16702895307785812,0.07131104603711134,0.0,0.39998629399200925,3.9154318615012857,0.27440964728856604,0
1046,20.99493,79.45649,30.974525453654866,26.538445383335805,0.0,0.0,0.13280965880126033,0.05574437755532499,0.5340096638679127,0.9123070078452842,0.0,0
1047,20.99493,79.47857,32.927609042047436,27.872522770973433,0.07471682566359568,0.025099939079468694,0.12879986115874756,0.2614754088216637,0.4999869554850411,4.5018262413313215,0.18690067005352232,0
1048,20.99493,79.50065,31.05269411947748,29.206574467532675,0.0,0.0,0.006775533759604313,0.12795362621630318,0.5978865254211748,6.09915550711624,0.06134331462307074,0
1049,20.99493,79.52273,28.92530515582351,30.5406004606774,0.05865887347759084,0.0697154594102202,0.035997820470025345,0.14879281436579572,0.4805279339678906,0.6230914052572829,0.11331471615703617,0
1050,20.99493,79.54481,26.824913171895016,31.874600738072395,0.0,0.0,0.05250172049438534,0.05759142166217412,0.5255209250227533,2.4122627653885442,0.0,0
1051,20.99493,79.56688,24.758390078644485,33.20857528738532,0.0,0.0,0.07615290354912196,0.1637299054957742,0.7734133437196111,4.560198656396582,0.0,0
1052,20.99493,79.58896,22.734973459817567,34.54252409627637,0.01631803361374546,0.0720385721819597,0.09779670250622036,0.12057533380587526,0.364141619874395,3.177260340326814,0.06808410518802065,0
1053,20.99493,79.61104,20.767267160522877,35.876447152410876,0.2959459415651289,0.0,0.2372243249682446,0.0,0.54337635605346,0.0,0.1295567707996062,0
1054,20.99493,79.63312,18.87270468743375,37.210344443449436,0.0,0.0,0.03715625497855561,0.23974020069353844,0.3854126940704432,1.9980479092965526,0.08735621339658375,0
1055,20.99493,79.65519,17.075649632275383,38.544215957054064,0.1782638442156552,0.0,0.0,0.023349009655542593,0.6327930389463279,1.891902754432721,0.0,0
1056,20.99493,79.67727,15.410252139043333,39.87806168088456,0.019279851889469523,0.0,0.019699112747659918,0.0,0.4329259683610341,2.664048559463565,0.04979817743475099,0
1057,20.99493,79.69935,13.923834426226563,41.21188160260102,0.05038051330582564,0.0,0.21438109970740782,0.0,0.5357529412620883,2.760007538196623,0.0,0
1058,20.99493,79.72143,12.679498949853063,42.545675709863794,0.015034358991337815,0.09903975805575706,0.0,0.17368697120108262,0.34037798849130496,7.151270631375866,0.0,0
1059,20.99493,79.74351,11.754380336445779,43.879443990328696,0.054033871331588705,0.07577246101429641,0.0,0.02457594411640858,0.7026174939247423,2.526570442690068,0.09755419370704413,0
1060,20.99493,79.76558,11.227664760993491,45.21318643165475,0.0,0.2166158351508668,0.2875333282744212,0.1241915491310556,0.5294052082330057,0.0,0.2999759242352759,0
1061,20.99493,79.78766,11.155926251342136,46.54690302149995,0.17491341025441026,0.16730425810445643,0.40926646233575675,0.16965930843488197,0.5381314997252453,3.2880061826462827,0.0,0
1062,20.99493,79.80974,11.547647411701204,47.880593747518596,0.0,0.21394455878950897,0.0,0.08860522487890897,0.636882033807672,7.588184698484394,0.3414964749337435,0
1063,20.99493,79.83182,12.35883758586225,49.21425859736614,0.1361421503106335,0.1320121957995248,0.10465938092147516,0.17806333400293453,0.3493070733891749,2.603466349418615,0.0,0
1064,20.99493,79.8539,13.51417061237299,50.54789755869679,0.0,0.05957218898309502,0.0,0.14546413179237244,0.44286675883671445,1.8937122050382587,0.2118088696658686,0
1065,20.99493,79.87597,14.933987504094052,51.88151061916514,0.0,0.1942095587097944,0.0007836175104090487,0.4257433312120813,0.5572089644499708,2.2349073534923796,0.07872881989650518,0
1066,20.99493,79.89805,16.550359270924613,53.2150977664232,0.0,0.15939989832701484,0.10057283143015953,0.0,0.2906429226366495,4.543118456461898,0.039555791711238776,0
1067,20.99493,79.92013,18.31130891112507,54.54865898812431,0.05471547185586451,0.06815647778228141,0.0,0.1023572270165896,0.30889831497648434,2.2166136735413335,0.22504669875155844,0
1068,20.99493,79.94221,20.17902147585329,55.882194271920035,0.17350529517744448,0.20843512895012825,0.0,0.14541226574935404,0.4280982116365419,0.0,0.0,0
1069,20.99493,79.96429,22.126477615585976,57.215703605459936,0.0,0.0,0.0,0.20450301686009392,0.3852546608421295,1.2689863346198715,0.20566870396327738,0
1070,20.99493,79.98636,24.134380959771182,58.54918697639339,0.0,0.0,0.0,0.3339453010117682,0.4982771341667702,2.845260410168775,0.0,0
1071,20.99493,80.00844,26.188831662745066,59.88264437237106,0.0,0.0,0.0,0.0,0.6205970735746689,4.404227936789866,0.0,0
1072,20.99493,80.03052,28.279686850069414,61.21607578104067,0.0,0.1851857572758026,0.16260744052886333,0.18122058732641957,0.6531881897819399,1.4950001017128778,0.0,0
1073,20.99493,80.0526,30.115198140666845,62.54948119004882,0.0,0.25192677427209126,0.0,0.07432669477400303,0.801995527882346,2.238472011747239,0.25378494582264366,0
1074,20.99493,80.07468,30.960193974855656,63.882860587045016,0.0,0.0,0.0,0.10290674006769614,0.5456842750332213,3.124246783979604,0.18270254414502554,0
1075,20.99493,80.09675,31.947305511958202,65.21621395967293,0.02723335790977532,0.22611371889582882,0.05893305917008076,0.1891394595898432,0.5706361242134155,0.9851150485940345,0.0,0
1076,20.99493,80.11883,33.06380669849458,66.54954129557859,0.15829682368007428,0.0,0.0,0.19781022605424256,0.5457080130718559,2.7669906691180035,0.0873222458902479,0
1077,20.99493,80.14091,34.297063450449436,67.88284258240635,0.3371175066115886,0.0,0.16906176573998416,0.0,0.594179102566474,4.219521092096685,0.020294782199265296,0
1078,20.99493,80.16299,35.634955754972395,69.2161178078003,0.0,0.0,0.0,0.26579537437726675,0.6052445884957733,0.0,0.0,0
1079,20.99493,80.18506,37.06615494754341,70.54936695940282,0.17224384347659502,0.0,0.0,0.4542342681193382,0.6786814441470768,3.800331694291202,0.15437891651445834,0
1080,20.99493,80.20714,38.58027827954586,71.88259002485533,0.029256563276601286,0.0,0.0,0.12839186915554174,0.6782266800144362,0.16826024509855086,0.0,0
1081,20.99493,80.22922,40.16794938811544,73.21578699180269,0.0,0.10403962823695231,0.012585904771780192,0.025433228859173925,0.622463357249969,0.21988138522455047,0.0,0
1082,20.99493,80.2513,41.820792650801344,74.54895784788071,0.05191535180529243,0.10874842101745207,0.0,0.2646331689933178,0.7612362892759474,1.2790049502616212,0.041578495140522385,0
1083,20.99493,80.27338,43.531385105455804,75.88210258073231,0.0074331951838312055,0.16867972935646267,0.0,0.23840403239689922,0.5536046944951596,6.552049040063198,0.010685352570627674,0
1084,20.99493,80.29545,45.2931841341027,77.21522117799685,0.013250063251783259,0.0,0.03667169565818994,0.34287457045021447,0.4642751804751293,0.0,0.0,0
1085,20.99493,80.31753,47.10044388689182,78.54831362731059,0.0,0.0,0.0,0.035543252737421316,0.48719574808070026,1.7951936166162101,0.0,0
1086,20.99493,80.33961,48.948129095904825,79.88137991631226,0.0,0.0,0.0,0.04441466786595509,0.5351258357223194,2.9324860450186088,0.0,0
1087,20.99493,80.36169,50.83183164637182,81.2144200326382,0.0,0.27009129226852907,0.19314575364725625,0.08631124357029286,0.3982492382826104,6.035745523445497,0.0,0
1088,20.99493,80.38377,52.74769293841354,82.54743396392568,0.0783904452901294,0.0,0.0,0.24657155993725038,0.4640981308611492,8.065584585702805,0.0,0
1089,20.99493,80.40584,54.692333498976005,83.88042169780833,0.0,0.0,0.230000730332439,0.2741419329790048,0.3904007399142642,1.9035413480880135,0.15430346382100912,0
1090,20.99493,80.42792,56.662790296720495,85.21338322192008,0.0,0.0008929785703083427,0.005721002199493771,0.34802622426264423,0.5981386008120616,4.403030782317435,0.08264048439550906,0
1091,20.99493,80.45,58.656461605141125,86.54631852389667,0.0010212191687919304,0.0,0.05897045432348461,0.025441887334907917,0.5995235950445751,2.7547670496279273,0.0,0
1092,21.01377,78.75,31.147002671460587,21.941697668926793,0.12120299707811218,0.0,0.0,0.12543577261569006,0.30123879475849263,3.5235188647071274,0.0837306938324547,0
1093,21.01377,78.77208,28.855979217706704,19.7863830380267,0.05861064173621266,0.0014566638175788627,0.0,0.12148218422535262,0.4567978356148953,4.709239179233025,0.0,0
1094,21.01377,78.79416,26.565061244313945,17.665557635796212,0.0,0.0,0.0,0.24410145008639567,0.8031376001805945,0.14192355795624323,0.0,0
1095,21.01377,78.81623,24.2742786657993,15.593300377885761,0.22151171336292058,0.047649206496111644,0.0,0.1615929573631021,0.6346697565444495,4.466936320327938,0.0,0
1096,21.01377,78.83831,21.983673858779213,13.591844073326806,0.2933003881025136,0.14929896461187725,0.08764189754493099,0.5859093477267228,0.6084808741354699,6.15975428128143,0.28471955568793816,0
1097,21.01377,78.86039,19.693308906600823,11.697587512462643,0.2016780874649068,0.02558510236032316,0.0,0.22519250210103886,0.4494955671576377,3.2180532935974697,0.10556336601458348,0
1098,21.01377,78.88247,17.40327856045538,9.971810391359599,0.30660470028219133,0.009040054770662262,0.023076902476156444,0.35138384897466163,0.5792209251433952,7.161292381743506,0.0,0
1099,21.01377,78.90455,15.113734973113,8.517544988670945,0.39084813852618083,0.07682987751833521,0.0,0.3891441016622157,0.531859878580267,1.9992608527393374,0.15234467076842914,0
1100,21.01377,78.92662,12.824938895249396,7.195342706162512,0.4370400122984336,0.1308934291485094,0.12462010137547838,0.49066499176701556,0.414865400020104,7.289326844770243,0.15518530102160283,0
1101,21.01377,78.9487,10.537377489782273,5.860666890145851,0.4502142723123976,0.0,0.11388882315177641,0.569570304266549,0.4463305182145248,11.182511915360038,0.0760355134259626,0
1102,21.01377,78.97078,8.252077674382203,4.526016473132178,0.5421244139760677,0.3111341286863373,0.32713702980237835,0.1849543714322585,0.43347410979592504,7.874684686140325,0.01367276235692387,0
1103,21.01377,78.99286,5.971636562328766,3.1913914674316497,0.6498477862606904,0.26413871476703893,0.4834827818363324,0.5904359913934354,0.26766122098195977,6.769832014487637,0.06395283762494476,-1
1104,21.01377,79.01494,3.7050366863516873,1.8567918853643326,0.6021587037919534,0.6970868453411689,0.49967621793520567,0.6358517486074804,0.2568430460403512,6.6168680177033075,0.07083976297456565,1
1105,21.01377,79.03701,1.515700236487373,0.5222177392404473,1.0,0.8422181743737658,0.7793829467939342,0.7745744975239761,0.36672125951262036,12.508007485507935,0.48284514065122786,1
1106,21.01377,79.05909,1.1707239341027786,0.8123309586235573,0.7106788684714425,0.9727667045009247,0.5765476475583766,0.5317974038151668,0.26673319033301085,13.636093273290172,0.40341200281638645,1
1107,21.01377,79.08117,3.3086309606681796,2.1468541959084044,0.6038546532710247,0.3573659365514764,1.002984346479576,0.5116349185793394,0.39264736719426424,9.94415368988556,0.20211272982803188,1
1108,21.01377,79.10325,5.570159776524209,3.4813519602988685,0.7162000288544215,0.2886995628800163,0.04680934605513121,0.4340425731625138,0.24616833736029892,7.907342901586662,0.24238050303324726,-1
1109,21.01377,79.12532,5.01896307884298,4.8158242394764965,0.5489718967861578,0.1520007463763488,0.21565173651194283,0.16807638390279855,0.5755402763028464,3.250181347564099,0.43679848120837395,-1
1110,21.01377,79.1474,4.5915522105797155,6.150271021123791,0.5372680536307396,0.24104317657817914,0.5274311209070042,0.32828200106446404,0.748224409045627,7.866719219872964,0.24839298361313242,-1
1111,21.01377,79.16948,5.241702346080393,7.484692292918328,0.25463575929990345,0.5007047214655869,0.45899894383884293,0.58060006060044,0.610347601005874,5.125948723571534,0.13973842585031823,-1
1112,21.01377,79.19156,6.66102586782043,8.81908804254233,0.09169057393298513,0.4628745493287701,0.335774403605372,0.16479810935281752,0.6423743336084851,4.73554820808929,0.10136655345140495,-1
1113,21.01377,79.21364,8.471352770362396,10.153458257673584,0.15525363896222347,0.0,0.30652643488737297,0.20311477943727324,0.5889207958251942,10.115329189755924,0.2442954329505599,0
1114,21.01377,79.23571,10.47182407249771,11.487802925989747,0.1596395516197197,0.04086024704468684,0.0,0.2711653073477029,0.5522636371905039,0.8271211310002133,0.09716505516604909,0
1115,21.01377,79.25779,12.571997049917375,12.822122035170416,0.12748458331809545,0.07050832290155286,0.3992124437231614,0.4169106097746042,0.5375073485790484,0.8290985323217663,0.0502780159732686,0
1116,21.01377,79.27987,14.729285389575889,14.156415572890863,0.2305183045673268,0.1551726023301303,0.014179290607414928,0.18515414828700205,0.4047915896859704,5.468365960799722,0.052740700446125145,0
1117,21.01377,79.30195,16.921859031205173,15.490683526828404,0.03228675080416182,0.0,0.2860677140569185,0.1257099383841729,0.6346903110734977,3.6078748152709585,0.0,0
1118,21.01377,79.32403,19.11659415046535,16.82492588465502,0.1028020991544685,0.0,0.0,0.09293369300195543,0.6300326238702725,3.0390134751447597,0.065448110218679,0
1119,21.01377,79.3461,20.670471350313438,18.15914263404984,0.0,0.10844459109500768,0.0699729918911258,0.0404293007452135,0.47879820676966256,4.905562485094866,0.0,0
1120,21.01377,79.36818,22.351442271617003,19.493333762683054,0.09285538481598889,0.0,0.0,0.24775849019309118,0.6188191106375308,4.697157082283528,0.0642861243087938,0
1121,21.01377,79.39026,24.132963511688942,20.827499258229007,0.03145118853721141,0.0,0.12436634819109856,0.34080978246548854,0.4492648143801119,1.3581797728824414,0.0,0
1122,21.01377,79.41234,25.994369639573545,22.16163910836029,0.0,0.042726148883898724,0.0705018033575332,0.07473739279267545,0.4591370384445167,2.2286523237283102,0.09500362563555745,0
1123,21.01377,79.43442,27.919687411145684,23.49575330074745,0.0,0.08046088692520315,0.07820389777380843,0.23743880642585766,0.6566086929754857,3.790238284723926,0.0,0
1124,21.01377,79.45649,29.896571749862762,24.829841823062782,0.0,0.0,0.0,0.05772697177289156,0.6089028201216113,4.004666007729731,0.0,0
1125,21.01377,79.47857,31.915441756919208,26.16390466297544,0.0,0.0,0.0,0.24401048186581037,0.5165484984173363,4.748164783420361,0.0,0
1126,21.01377,79.50065,30.363276659221892,27.49794180815581,0.2227852259416646,0.14354844253039456,0.0,0.1481406176813252,0.5000583193113163,1.9077397011287958,0.35306170193812286,0
1127,21.01377,79.52273,28.184182914998036,28.831953246270466,0.0,0.05308978373329113,0.10382185205320603,0.1595981656731091,0.5726443277972096,4.267887586777753,0.0,0
1128,21.01377,79.54481,26.024328202770278,30.16593896498719,0.0,0.0,0.20490861005238473,0.2787740926176493,0.29042979844092937,5.786104598613316,0.027027615235319352,0
1129,21.01377,79.56688,23.88893147853822,31.49989895197572,0.0,0.012821357433161519,0.04048857038469264,0.21004783807826258,0.44018071250824453,3.3936136061382194,0.0,0
1130,21.01377,79.58896,21.78518613579366,32.833833194898965,0.0,0.0686669114518908,0.0,0.4724340569042096,0.36758606919995773,2.966986748840855,0.2216866788120409,0
1131,21.01377,79.61104,19.72322295167431,34.16774168142553,0.0,0.2838255356973435,0.04368201920993722,0.03462206424387309,0.5441877967843585,2.589647186382668,0.13310843771807876,0
1132,21.01377,79.63312,17.71763569772529,35.50162439921843,0.0,0.1377087036011581,0.5541349471166239,0.33637494782484917,0.691969366370117,1.5690190513550033,0.03417781085736143,0
1133,21.01377,79.65519,15.789921144760534,36.83548133594239,0.16796145833088033,0.21130839464187764,0.3745196395583086,0.1995441182981521,0.6024103452780104,0.7114811655602402,0.15447726292788644,0
1134,21.01377,79.67727,13.972348047505177,38.169312479259865,0.0,0.0,0.0,0.295868626262502,0.4589063024678956,2.3543745911348695,0.052054103680497746,0
1135,21.01377,79.69935,12.31378562273031,39.50311781683368,0.15599582216041402,0.0,0.09793171747176062,0.05534581352443804,0.42538854960652345,4.283769137169662,0.02173552627234713,0
1136,21.01377,79.72143,10.887149755515843,40.83689733632688,0.008511503027921414,0.01317420854887675,0.29693655061887636,0.2807307617132107,0.4118756479734009,0.7845052986222094,0.0,0
1137,21.01377,79.74351,9.794317276072128,42.17065102539797,0.005353652093449802,0.04312477025947385,0.09833925758999622,0.16185523485859687,0.7908538769252523,2.8870011605906796,0.0,0
1138,21.01377,79.76558,9.155609215757943,43.504378871708994,0.0,0.0,0.05938638311462506,0.40624844074545974,0.5160451805732416,2.5738694548871393,0.0,0
1139,21.01377,79.78766,9.067503385876508,44.838080862920016,0.0010237636107257634,0.28119604200376486,0.10045664107120866,0.11648724663397725,0.533838353941557,7.6840375076969,0.054131617590179745,0
1140,21.01377,79.80974,9.545258695225364,46.171756986688365,0.20671036410752175,0.21109105016235213,0.25148729188074204,0.1317464957110584,0.2136924604538158,4.9324615863603105,0.0,0
1141,21.01377,79.83182,10.512003503563918,47.5054072306719,0.0,0.005917776086490863,0.0,0.2553668600889044,0.3499832698626308,4.882973425761755,0.19947792366267492,0
1142,21.01377,79.8539,11.848644630580782,48.83903158252811,0.0,0.1420119786633187,0.33052530190581586,0.3097858031696578,0.516056704286821,5.431700372956357,0.335206064486393,0
1143,21.01377,79.87597,13.445313263534102,50.17263002991401,0.0,0.06215303960904234,0.05820990011377129,0.2988918821833454,0.4589844557750702,1.6153269995026687,0.0,0
1144,21.01377,79.89805,15.220395014694168,51.50620256048461,0.0019303523491408848,0.13226501685855369,0.0,0.117942571251637,0.5528032278251697,6.609004216330537,0.19703897654763253,0
1145,21.01377,79.92013,17.118478482416542,52.83974916189506,0.08296226876166206,0.0,0.26046346314240454,0.20280944888213331,0.5552497521345571,3.439225623009359,0.0,0
1146,21.01377,79.94221,19.10293409471986,54.17326982180051,0.0568903606689934,0.0,0.0,0.23393341188067615,0.6257779138562979,2.905753692858032,0.0,0
1147,21.01377,79.96429,21.149462864302947,55.50676452785294,0.0,0.0,0.0,0.16480309146201377,0.2824264813758093,0.0,0.0,0
1148,21.01377,79.98636,23.241673116155976,56.84023326770447,0.12236211493116056,0.10223510980632305,0.0,0.11557278105474328,0.391111366141093,1.9720753255159613,0.014625279164765961,0
1149,21.01377,80.00844,25.36826479317623,58.17367602900871,0.1236850013348811,0.0,0.4367306641478561,0.3314291921059681,0.53313809789711,0.0,0.0,0
1150,21.01377,80.03052,27.410717950104907,59.507092799415524,0.022136226821760707,0.0,0.0,0.0,0.45728875164199595,2.3668199087365087,0.09726705266920235,0
1151,21.01377,80.0526,28.150709267032788,60.840483566574214,0.11555837432040905,0.0,0.0,0.04542791556692967,0.5047270772528316,1.5120503575134951,0.0,0
1152,21.01377,80.07468,29.052785485976408,62.17384831813761,0.03274903304603341,0.0,0.0,0.3476926326526245,0.5636857944408254,1.973282454076069,0.0,0
1153,21.01377,80.09675,30.102378549140447,63.50718704175178,0.0,0.010715001440731677,0.09446842690133588,0.0668184262803871,0.44438458437656414,0.0,0.0,0
1154,21.01377,80.11883,31.28464448421269,64.84049972506578,0.08375828295137448,0.2697760679277041,0.15952567902254716,0.0,0.5758299598948649,4.8360581786025865,0.0,0
1155,21.01377,80.14091,32.58514541408465,66.17378635572605,0.013289799594288903,0.09352069880613717,0.4574463000872661,0.0,0.625281966666912,4.546352911464254,0.0,0
1156,21.01377,80.16299,33.99031268130973,67.50704692137943,0.00017377364025959323,0.01325191603796977,0.28303576231860605,0.2568270074736723,0.5584180760944637,7.398399469348668,0.0,0
1157,21.01377,80.18506,35.487715370908106,68.84028140967155,0.17676483203827204,0.0,0.03884601670527768,0.02370926632499379,0.6503619515908067,7.324105401477793,0.0,0
1158,21.01377,80.20714,37.06617673660735,70.17348980824632,0.0,0.17677900760305637,0.0,0.0,0.24537316561188016,3.4098332988435347,0.23343605833317188,0
1159,21.01377,80.22922,38.71578361381494,71.50667210475125,0.0,0.0,0.3255069250471719,0.2049729599884917,0.46763983263911446,5.664036470698358,0.13003406615441682,0
1160,21.01377,80.2513,40.42782790010906,72.8398282868255,0.0,0.0,0.0,0.0,0.6746893174848165,3.6821453297734035,0.0,0
1161,21.01377,80.27338,42.19471008221006,74.17295834211289,0.0,0.0,0.0,0.07898347287617923,0.4288140168105079,1.8912537236932903,0.0,0
1162,21.01377,80.29545,44.00982581898576,75.50606225825736,0.0,0.22705736808472934,0.0,0.03955245396513343,0.4098612670823213,2.278933095974682,0.1017286506565639,0
1163,21.01377,80.31753,45.86744918553891,76.83914002289718,0.0,0.06282453302010528,0.0,0.1873367229943086,0.5322267266630109,4.662956883097996,0.03339554820295529,0
1164,21.01377,80.33961,47.76262067989304,78.17219162367417,0.0,0.0,0.0,0.25483129616049427,0.5475055355617446,13.630120699390899,0.30077710652268314,0
1165,21.01377,80.36169,49.69104429837475,79.50521704822677,0.0,0.0,0.0,0.0,0.47509181567201847,6.035183333279363,0.0,0
1166,21.01377,80.38377,51.64899552669157,80.83821628419525,0.2948922994775602,0.08155619378815929,0.14619811698533042,0.06172894222492138,0.8080638151240317,3.6417898521432157,0.19023697613056056,0
1167,21.01377,80.40584,53.633240595191495,82.17118931921573,0.21621016157872439,0.0,0.0,0.04081788847701885,0.5900824677824167,4.258833213206012,0.0,0
1168,21.01377,80.42792,55.64096649868225,83.50413614092535,0.0,0.0,0.0,0.1268157784478182,0.42357762066697735,4.235498871977414,0.0,0
1169,21.01377,80.45,57.669720852280875,84.83705673696237,0.0,0.0,0.0,0.3752235339397229,0.3484555694346274,2.7659735495396216,0.2695155761903068,0
1170,21.03261,78.75,31.16887435083826,22.70423454475807,0.0,0.0691788351512867,0.04468034072942894,0.21241365411025948,0.6056716645697504,5.689011238246811,0.0,0
1171,21.03261,78.77208,28.879886784615042,20.62902024459998,0.0,0.0,0.018719457107248025,0.0,0.4186547963304903,3.5052691528486086,0.0,0
1172,21.03261,78.79416,26.591330296654007,18.604770235360924,0.03098777837523866,0.0,0.0,0.10611244017771206,0.848988299980602,1.5089297301887834,0.0,0
1173,21.03261,78.81623,24.30332671642773,16.65008304939835,0.0,0.0,0.0,0.3649050848178179,0.6064294491066449,5.667442003593334,0.20291149138856066,0
1174,21.03261,78.83831,22.016048476897794,14.792560552151333,0.07479050804981968,0.054821161507524606,0.09230720535334414,0.08779330630265131,0.6232974252022423,6.3393922624587145,0.0,0
1175,21.03261,78.86039,19.729747898187885,13.073684371098386,0.0,0.025187519711688543,0.30024922660102776,0.3418093951347357,0.5773526918247966,4.726490584393721,0.0,0
1176,21.03261,78.88247,17.444809430790617,11.555491876273454,0.054305361012860265,0.017078278872963704,0.0,0.4655929829104425,0.6960969561941905,6.298117919600398,0.0,0
1177,21.03261,78.90455,15.161848964168975,10.238206153488907,0.1993591988608112,0.11826709112923625,0.06858135776919073,0.6591448742368922,0.19867110928863407,8.383662910799046,0.0,0
1178,21.03261,78.92662,12.881918232782589,8.903519412641936,0.2706922692791613,0.2317801647836829,0.26854938233471193,0.48890920839335916,0.3581750498102837,6.21189291231684,0.17719832341891148,0
1179,21.03261,78.9487,10.606971166651935,7.5688580622015,0.33333219968651207,0.2622089781220255,0.0,0.15914674266568757,0.660638668171109,5.719361924044722,0.0,0
1180,21.03261,78.97078,8.341086557274979,6.234222114478518,0.19533653791241581,0.2963258807000064,0.17244580888679145,0.48166129248281575,0.710275147067011,5.65782985360504,0.0,0
1181,21.03261,78.99286,6.0943811050883765,4.899611581781773,0.5444931052715869,0.26044310830955697,0.2565575656908875,0.3843907705817154,0.304632935155408,7.561859204322095,0.0,-1
1182,21.03261,79.01494,3.900141823636697,3.565026476426954,0.4559945533904345,0.3522699429465104,0.1314038817839403,0.6999426413855603,0.1909849493204051,13.047088428358514,0.13214641978131836,1
1183,21.03261,79.03701,1.9448909857277452,2.230466810722201,0.7654733665407221,0.4833533356004594,0.5954150852983463,0.4535687352212183,0.428824480299727,9.508702083152382,0.5239303736329669,1
1184,21.03261,79.05909,1.6899601705908525,0.8959325969826758,0.8600150074144136,0.6201674917266704,0.5946731934945174,0.6911303582013266,0.4670517066783435,12.081788165369634,0.4926818749331661,1
1185,21.03261,79.08117,3.5257906287312184,0.43857615247662585,0.7643450691187551,0.5504445820197371,0.5324068985536534,0.6889459360173612,0.45950520997787386,10.728294648226774,0.3472955707510401,1
1186,21.03261,79.10325,4.9974906344626815,1.7730594253419594,0.7062083198885896,0.28951011580368335,0.08508205025575172,0.5586646712269648,0.4546959278713159,9.324066337289917,0.17242518086869152,-1
1187,21.03261,79.12532,3.2199985294002973,3.1075172092990564,0.6396023638139475,0.5202137464685714,0.4474763477008853,0.41007388740243667,0.17380146700546573,7.086015010626373,0.17978561350765138,1
1188,21.03261,79.1474,2.502253220712856,4.441949492030606,0.5505147647303782,0.3902300260970417,0.7839279612177221,0.29583520489298115,0.36569995901359087,8.754811361349278,0.21824016637371907,1
1189,21.03261,79.16948,3.557183531088226,5.7763562612191635,0.36493197701139835,0.16388957396350506,0.8344916559056383,0.3632865157957739,0.40782545449076774,6.39259064868558,0.322514909872318,1
1190,21.03261,79.19156,5.43555341127208,7.110737504549938,0.4895220671473717,0.42659754076796763,0.553798210007105,0.5217093713767944,0.3924128463708856,10.395796360256888,0.40236672671129503,-1
1191,21.03261,79.21364,7.54561657494029,8.44509320970171,0.3656518952456758,0.12479838433140536,0.0,0.315135471210262,0.22450965458134814,6.241972516071867,0.0,-1
1192,21.03261,79.23571,9.737906344646495,9.779423364356116,0.16514991105982735,0.005435882424400074,0.22640493974607545,0.23775766738351245,0.5924013201740987,5.920466456092036,0.0,0
1193,21.03261,79.25779,11.967318480121286,11.113727956193943,0.24689243752907541,0.0,0.0,0.40184770426920835,0.6439918564279307,5.14941077751144,0.0,0
1194,21.03261,79.27987,14.216399102876167,12.448006972894351,0.3576533588705638,0.14188562180004888,0.11710905672649916,0.1796756308238867,0.4200423923968909,6.2219387497250205,0.14509673628010528,0
1195,21.03261,79.30195,16.04211035685834,13.78226040213674,0.3358138597160102,0.2782202518993175,0.0,0.4252927363787532,0.5101644755869372,8.822533385015046,0.0004107507997259162,0
1196,21.03261,79.32403,17.56908213428886,15.11648823159599,0.0,0.0,0.0,0.5558972821286315,0.4697335261460074,1.9746026402304628,0.0934878751320475,0
1197,21.03261,79.3461,19.24809169204688,16.450690448954813,0.0,0.0035888501165076067,0.0,0.31296906762686116,0.4737057248372456,5.169128274406973,0.0,0
1198,21.03261,79.36818,21.04277699699762,17.784867041885192,0.229794852147797,0.202422877374418,0.1619585487500824,0.0,0.6130466526180254,0.168654560420455,0.10063178501240751,0
1199,21.03261,79.39026,22.925988212750404,19.119017998063665,0.0,0.0,0.0699820307031499,0.25370066709952255,0.6180434678562632,7.255952832891065,0.0,0
1200,21.03261,79.41234,24.877629460040836,20.453143305166407,0.0,0.3355829750313967,0.08927291305970544,0.14249237129341458,0.6973033127890574,3.6462637365779087,0.0,0
1201,21.03261,79.43442,26.882801156346684,21.787242950866666,0.0,0.4083730205892231,0.04930056322815892,0.28988623833226224,0.6952844381473444,0.0,0.1479868417064697,0
1202,21.03261,79.45649,28.930374780112043,23.121316922838826,0.07163147263522804,0.0,0.08506145553966321,0.4146213994624993,0.524336576815437,0.37247463132725755,0.0,0
1203,21.03261,79.47857,31.01195263237071,24.455365208754646,0.004689422211910994,0.0,0.10874880831179451,0.32717654934970825,0.9,5.710611972107623,0.0,0
1204,21.03261,79.50065,29.805454577854885,25.78938779628839,0.0,0.0,0.0,0.22959263751635078,0.7656012740380369,0.0,0.045146713999985766,0
1205,21.03261,79.52273,27.582618797132152,27.123384673107825,0.0,0.0,0.021888103219418566,0.0410338761867073,0.45584420952981736,4.165533122554764,0.0,0
1206,21.03261,79.54481,25.371897119845496,28.45735582688445,0.0,0.0,0.356588707943915,0.0,0.564809418815419,2.2668751739514126,0.06941325931074685,0
1207,21.03261,79.56688,23.17675637560363,29.791301245290384,0.0,0.1382001883361888,0.04023641099362264,0.12184748381891801,0.2677842850282231,2.822226038955888,0.0,0
1208,21.03261,79.58896,21.00208274563055,31.12522091599183,0.27938169386480755,0.0,0.02608021025955031,0.2732530121352634,0.5477786879964315,1.5313330977070483,0.0,0
1209,21.03261,79.61104,18.854959453240728,32.45911482665831,0.040173628498397555,0.0,0.046533796549875654,0.0,0.7756822631951876,0.766893695441313,0.18548955284787955,0
1210,21.03261,79.63312,16.74598718268296,33.792982964957616,0.10999190519301351,0.0,0.0,0.10367366229684875,0.9,1.943316013359429,0.10860155823298902,0
1211,21.03261,79.65519,14.691604858287542,35.12682531855568,0.0,0.10451501464724153,0.0,0.3025053184557349,0.5157381230376312,4.6687574533920015,0.0,0
1212,21.03261,79.67727,12.718293792427932,36.460641875119144,0.0,0.0,0.1209530021154296,0.15381336641834953,0.5728703806024852,2.3958985871024345,0.0023175771726349492,0
1213,21.03261,79.69935,10.870295248766086,37.79443262231177,0.0,0.0,0.009708785727107094,0.10584569771878613,0.602068970531104,4.230248736302025,0.0,0
1214,21.03261,79.72143,9.2232434404949,39.12819754780047,0.0,0.39547573520615953,0.12045114021228459,0.0,0.7841623693759783,2.4866194826472023,0.0,0
1215,21.03261,79.74351,7.903777573234544,40.46193663924647,0.0,0.0027744537492486177,0.031999151766712836,0.35321911124426064,0.35881188406744136,4.6896408795936,0.09991566496162538,-1
1216,21.03261,79.76558,7.097024751426784,41.7956498843133,0.0,0.1065765138760065,0.24173793249400735,0.0,0.8604902100770522,4.1654255102328035,0.0,-1
1217,21.03261,79.78766,6.983008018062912,43.12933727066553,0.0,0.06837717642841677,0.3415856699427964,0.24051982855795373,0.4431526624833024,1.668777340657261,0.0,-1
1218,21.03261,79.80974,7.592998217559863,44.462998785961716,0.0,0.20103126891001163,0.15877018585757183,0.16972262932194482,0.3297587894370529,0.584808044550535,0.15679401181683128,-1
1219,21.03261,79.83182,8.777324364886896,45.79663441786387,0.15947899780125047,0.3680373756642822,0.0,0.08491192460126731,0.459550094606802,5.540201396547715,0.2660437726382408,0
1220,21.03261,79.8539,10.340493403710743,47.130244154030144,0.0,0.15002035862482574,0.24013544284970015,0.0871208173614248,0.40096418345282325,0.9330500840213816,0.0,0
1221,21.03261,79.87597,12.136999787259356,48.463827982122034,0.1551781583074126,0.0,0.11208497751681504,0.1652473865591799,0.5822397679113062,4.343309871238319,0.16183341176431273,0
1222,21.03261,79.89805,14.077794651264817,49.797385889796615,0.049566534353865564,0.0,0.0,0.14305368006739058,0.299520267320027,3.1164268898443286,0.12850803662811744,0
1223,21.03261,79.92013,16.110816803567104,51.130917864712124,0.09410613593238806,0.0,0.1974041815650535,0.32130982289011034,0.556187223846659,1.8267220083435558,0.0,0
1224,21.03261,79.94221,18.205194592851477,52.464423894526064,0.0,0.0,0.0,0.0962327213545685,0.6333330152388239,4.143073697687201,0.0,0
1225,21.03261,79.96429,20.341985574694757,53.79790396689256,0.06300175187743173,0.0,0.22888918631993183,0.32086239318344667,0.7508572542388356,6.5792985426126815,0.2905904449474103,0
1226,21.03261,79.98636,22.509114095645483,55.13135806946728,0.08754791005137964,0.13404743078447057,0.0018837420070790204,0.0,0.6405884424379553,4.646004459790411,0.0,0
1227,21.03261,80.00844,24.69859569149073,56.464786189905986,0.0,0.0,0.0,0.10550550949327486,0.7457179133870006,3.3531175488284957,0.0,0
1228,21.03261,80.03052,25.40999398205332,57.79818831586186,0.06721037258139116,0.24041712056190462,0.04354816292612585,0.0,0.46231056087667055,7.230477998644123,0.3150120038711667,0
1229,21.03261,80.0526,26.206441084078033,59.13156443498691,0.0679950014613923,0.29252620251592776,0.0,0.2387498197858733,0.6026506633914229,0.0,0.0,0
1230,21.03261,80.07468,27.17301829360557,60.46491453493608,0.0,0.0,0.0,0.24861818988384346,0.2357495751834519,0.11914192549879532,0.21677595643193878,0
1231,21.03261,80.09675,28.29229400111373,61.798238603358406,0.0,0.07098177643629966,0.0,0.27647181616409033,0.5322503975477315,1.8018085112554938,0.0,0
1232,21.03261,80.11883,29.54692002691128,63.1315366279054,0.0,0.0,0.0,0.04699953769668383,0.6026918884565867,6.698328624097253,0.02227373895690733,0
1233,21.03261,80.14091,30.920424826911884,64.46480859622712,0.010402236590822843,0.10019689214658287,0.0,0.0,0.6156566167005559,5.458352377064229,0.17384921047563234,0
1234,21.03261,80.16299,32.3976922548724,65.79805449597217,0.03925845766155799,0.0,0.0,0.22278087792013654,0.32872553230687174,0.0,0.0,0
1235,21.03261,80.18506,33.965185958037,67.13127431478955,0.0,0.0,0.2560774093286153,0.5327179319524993,0.4946808708403904,1.8706106292678042,0.016000522731035877,0
1236,21.03261,80.20714,35.61099339579457,68.46446804032469,0.00320131679608621,0.0,0.0,0.2087237260851595,0.5143645729135653,0.0,0.11913649451088948,0
1237,21.03261,80.22922,37.32475641774178,69.79763566022856,0.06847331341848717,0.0,0.0,0.18811394184798197,0.48953195273553607,2.8986844478991816,0.0,0
1238,21.03261,80.2513,39.09753991972953,71.13077716214458,0.07418998779247994,0.0,0.0,0.06259195077724557,0.6512049793506094,5.348089465612194,0.35846665601355154,0
1239,21.03261,80.27338,40.921674042147416,72.4638925337175,0.18623130148446349,0.1520049412628683,0.15461609866817472,0.19296753087768886,0.5194258758828372,5.539567362783764,0.16604176017300865,0
1240,21.03261,80.29545,42.790592128824585,73.7969817625943,0.15324225389851184,0.0,0.0,0.3313312696635311,0.5637459130676699,3.699295727193366,0.0,0
1241,21.03261,80.31753,44.69867704668328,75.13004483641545,0.0,0.2776350613645543,0.027033815348965172,0.0,0.4813369421364288,1.8970794104448736,0.0,0
1242,21.03261,80.33961,46.6411220721825,76.46308174282633,0.2020332653781269,0.0,0.0,0.20359640080294222,0.6989912759489251,2.7537995993909483,0.3058764609954097,0
1243,21.03261,80.36169,48.613808599965566,77.79609246946758,0.0,0.2584877462198346,0.0,0.4267741689957198,0.709432217810825,4.7781136134837725,0.0,0
1244,21.03261,80.38377,50.61320066365852,79.12907700398202,0.12538661010055693,0.0,0.0,0.29712929468789534,0.506788752316804,9.104356287892813,0.0,0
1245,21.03261,80.40584,52.63625507953002,80.4620353340106,0.008159894685536665,0.0,0.0,0.047488438312069364,0.9,0.0,0.18338666986383353,0
1246,21.03261,80.42792,54.680345506332486,81.7949674471902,0.0,0.0,0.0018009716708645063,0.31412016439087115,0.442671072223761,7.132025014115028,0.0,0
1247,21.03261,80.45,56.74319857803916,83.1278733311637,0.0,0.0,0.047088899651665884,0.37896759664731394,0.6909919429325033,3.635422792646674,0.0,0
1248,21.05145,78.75,31.331126177179105,23.628462943739898,0.0,0.14155300333547954,0.0,0.28040760725172,0.41578044330429564,5.784365458834785,0.013556135812172075,0
1249,21.05145,78.77208,29.055222956129715,21.642315735942557,0.0,0.2572103579871275,0.0,0.2620905492561922,0.6566459911521083,4.294063277178224,0.0,0
1250,21.05145,78.79416,26.78195325939026,19.72259774480017,0.15343796470772267,0.21265662198090962,0.1838329799124292,0.29571546866273835,0.6449965320197091,7.656745428678411,0.0,0
1251,21.05145,78.81623,24.512049853730023,17.890705876650443,0.23271740322759446,0.0,0.0,0.20230977009535664,0.40499318501037995,5.090070805271595,0.011692194547993952,0
1252,21.05145,78.83831,22.24654324133671,16.176505080304473,0.0,0.06545821511019409,0.012756405954454203,0.2820824106207758,0.5268090883890791,2.8047982079074227,0.11132413754112562,0
1253,21.05145,78.86039,19.98692865063674,14.621448028900637,0.12366725857472988,0.0,0.0,0.039207426457631506,0.8043331633036505,5.9432013401178025,0.0,0
1254,21.05145,78.88247,17.73545832360641,13.280987166230846,0.022270618563898115,0.0,0.0,0.40118221331909026,0.4255915191474713,7.987254360726206,0.0,0
1255,21.05145,78.90455,15.495682721376248,11.946289511787947,0.06113404165725704,0.0,0.10001134863698175,0.1030898313524573,0.5911459970888711,5.3871312208100965,0.20933538742496047,0
1256,21.05145,78.92662,13.273523325374182,10.61161723916052,0.26351049639330687,0.02350114644499518,0.0,0.35595303189221694,0.575077009276064,0.375475739951904,0.10027890951677429,0
1257,21.05145,78.9487,11.07958476543518,9.276970360653792,0.20843961357744234,0.1653395139463236,0.0,0.45455109900953666,0.512525769732213,5.911747251482756,0.0,0
1258,21.05145,78.97078,8.934680483338525,7.942348888576913,0.47489988833271585,0.0,0.4224667550254988,0.41701596763652243,0.26252723446287185,6.978718563777346,0.201842932259,0
1259,21.05145,78.99286,6.8847928498372415,6.607752835235075,0.27457334824107016,0.23617482110402144,0.41281400186192346,0.2509260124041519,0.6025194425911317,7.202212626231029,0.13658325847876363,-1
1260,21.05145,79.01494,5.047055669631007,5.273182212941591,0.5351748563860638,0.5842526126198342,0.0,0.551016956302355,0.4653856486612031,6.721154304986156,0.4517898231368308,-1
1261,21.05145,79.03701,3.747760771494787,3.9386370340016152,0.530384470278929,0.626174670539897,0.10983648231697679,0.5280300135661055,0.5974461485968214,12.2499465065312,0.34618375374331384,1
1262,21.05145,79.05909,3.6220425739908286,2.604117310728227,0.7433929489354109,0.39016096627494623,0.5327711411881644,0.5526491893267463,0.47308630841374966,3.569059099692506,0.02631249009519862,1
1263,21.05145,79.08117,4.763739683528221,1.2696230554334382,0.7556263195487726,0.21776552445570527,0.2794845498621574,0.769913263064197,0.46861516154557614,11.060203703735654,0.07407240599613583,-1
1264,21.05145,79.10325,4.350783919714138,0.06484571957139015,0.9833035120600427,0.5742986382390425,0.6628091473386573,0.6225381650614091,0.5053034856706946,12.216139811550176,0.10420092617897393,-1
1265,21.05145,79.12532,2.079578470962505,1.3992890019752757,0.7781235450339647,0.28503179001439366,0.6713940271350455,0.3620000085848422,0.27032755715791673,16.15068275333892,0.4359458183166807,1
1266,21.05145,79.1474,0.46695492253309645,2.733706779463293,0.5337292754344907,1.0226258564657682,0.7947757592241971,0.8081636889620297,0.5831097617198764,9.604907847635932,0.5640125834928947,1
1267,21.05145,79.16948,2.5708989951146504,4.068099039720981,0.5870726452030333,0.510566625141974,0.29691283515177164,0.5872997276127853,0.3671426804399579,9.88575965315437,0.15544147213307427,1
1268,21.05145,79.19156,4.84758400903292,5.402465770435641,0.484432490163481,0.6434822535455444,0.4296571447525278,0.45567011584293715,0.41008546954052716,8.262984201648848,0.26948484085003166,-1
1269,21.05145,79.21364,7.1334909981509,6.736806959288738,0.3965936750231459,0.0,0.0,0.43294633790015513,0.6700111898939294,7.503048877802883,0.25120827810307167,-1
1270,21.05145,79.23571,9.421910125155053,8.071122593965192,0.4449268441727501,0.3091953903016148,0.40529735658989785,0.14782219954287448,0.5430321152024435,11.254579784281251,0.03098542574656858,0
1271,21.05145,79.25779,11.711368825038514,9.40541266214819,0.38247297809264463,0.10120540005316986,0.1795603400106155,0.5568069721209603,0.48849604648399586,3.2747820475999436,0.05816822638708585,0
1272,21.05145,79.27987,12.982180219955453,10.73967715151987,0.12197579093301933,0.04154301578586885,0.0,0.11599306660897676,0.5849548960366939,3.994245358355136,0.0,0
1273,21.05145,79.30195,14.469351310414508,12.073916049761733,0.17844454747744132,0.0,0.21855265371128504,0.21700833495417596,0.6197026866443719,7.313815877193149,0.0,0
1274,21.05145,79.32403,16.145555655678947,13.408129344551346,0.032193409911157975,0.15534499992258172,0.4907859454041603,0.0,0.5198688293342933,5.69656049094073,0.0,0
1275,21.05145,79.3461,17.957937591368164,14.7423170235747,0.08848975100390138,0.15619555507213706,0.0,0.28252632550892565,0.6690987475064007,4.012859167972272,0.09351195798582965,0
1276,21.05145,79.36818,19.86926751215191,16.076479074506185,0.0,0.32435371462768015,0.13166804817678007,0.29998842816587534,0.3648304252588692,4.324798527485199,0.04336104726217325,0
1277,21.05145,79.39026,21.853598624518604,17.410615485025325,0.24933439352506112,0.1928317575452278,0.0,0.2997680578279168,0.5814147880585345,6.676655839191023,0.0,0
1278,21.05145,79.41234,23.892749215167548,18.744726242810398,0.08761934742830954,0.0,0.02745661760805465,0.3435706002212694,0.6583085603915029,5.382520290578311,0.0,0
1279,21.05145,79.43442,25.973811162913247,20.078811335537637,0.00904497619075003,0.0,0.0,0.3464213552660573,0.634415087400132,2.1131055911708643,0.0,0
1280,21.05145,79.45649,28.087470064929295,21.41287075088382,0.17142355720252928,0.0,0.004738379048103468,0.0,0.23439958220504264,4.451833775567838,0.2571689294402945,0
1281,21.05145,79.47857,30.226888490634817,22.746904476523994,0.0,0.250665211110526,0.011998650416022737,0.48432584995074607,0.5309794601137356,3.5892867482665194,0.0,0
1282,21.05145,79.50065,29.386722706049067,24.08091250013484,0.0,0.0,0.36362460420831694,0.1961773507998621,0.3785422163006797,4.842850609265664,0.06765888265576267,0
1283,21.05145,79.52273,27.1298978568489,25.414894809387114,0.10996864098939918,0.24811596958175522,0.0,0.1508976413871499,0.7278338235117594,2.6995750125927884,0.006334651139882042,0
1284,21.05145,79.54481,24.87927816162043,26.748851391954098,0.01884008107641456,0.09433107650945034,0.0,0.09962466117028057,0.4921418626756101,0.3191630771577736,0.0,0
1285,21.05145,79.56688,22.636714558647974,28.08278223551152,0.03932826818214529,0.06287012458906166,0.27067419148977717,0.18256822508800816,0.7098609523273972,5.145456330267353,0.0,0
1286,21.05145,79.58896,20.404863446444104,29.416687327727978,0.0,0.0,0.0,0.18893348077148275,0.3729446162741387,4.76897404670124,0.0,0
1287,21.05145,79.61104,18.18766896724925,30.750566656276003,0.0031576105040484843,0.11901044781669601,0.0,0.34318500494786996,0.5950392052888509,6.9751537521947755,0.10832568524463639,0
1288,21.05145,79.63312,15.99122879064992,32.084420208825485,0.2451816254688061,0.01582240680186553,0.0,0.0882458456008375,0.537194664056936,0.0,0.0,0
1289,21.05145,79.65519,13.825438185719142,33.41824797304533,0.10271554764796949,0.0,0.0,0.09924684800820345,0.9,3.036613623123421,0.06592694652754083,0
1290,21.05145,79.67727,11.707319594107057,34.75204993660462,0.023416632341179095,0.154781802736841,0.0,0.3526379818394498,0.6864897537340542,2.5903177949757534,0.0,0
1291,21.05145,79.69935,9.66825591445208,36.08582608717039,0.0,0.04659938351097504,0.012087047830740716,0.08794701546682485,0.6660212456541728,2.133115979138489,0.0,0
1292,21.05145,79.72143,7.770731169596567,37.41957641241198,0.0,0.0,0.0,0.11654846609898593,0.7791201861294945,0.0,0.012025403744734875,-1
1293,21.05145,79.74351,6.147243623139406,38.753300899993285,0.0,0.25924024189807515,0.28523770839010376,0.4233739965429591,0.5179351961801536,0.3490559660036676,0.09441424918665577,-1
1294,21.05145,79.76558,5.068352455910743,40.08699953758056,0.03217116435976458,0.2026664848048387,0.16079779797757449,0.3489547274108029,0.45013405808236784,3.8080312653544905,0.24485589771803506,-1
1295,21.05145,79.78766,4.90744745338501,41.42067231284109,0.10246229221227936,0.29954446121035105,0.23186373777957875,0.24461278040571588,0.4318358484020458,1.7909104219946785,0.16652368454337185,-1
1296,21.05145,79.80974,5.742223947587607,42.75431921343611,0.0,0.10706351674574997,0.19118240376396106,0.4736718804977835,0.5190885409976664,0.929162646563451,0.2849764913401756,-1
1297,21.05145,79.83182,7.235916149059284,44.08794022703036,0.0,0.0,0.20501306016428633,0.11394779427371576,0.10230350517417852,6.78613834158526,0.25574306085985377,-1
1298,21.05145,79.8539,9.068576519582024,45.42153534128498,0.0,0.35617293154978846,0.04811501735945942,0.31178065582218645,0.5062067829966181,9.22954158697423,0.10186325730590542,0
1299,21.05145,79.87597,11.073162511972182,46.75510454386359,0.0,0.29525875908400634,0.0,0.18695535816951356,0.5501624051971316,2.903179334590089,0.13880097813540718,0
1300,21.05145,79.89805,13.171409397488452,48.08864782242597,0.006748337942348543,0.1698792578554068,0.09010589636570226,0.1263932775321133,0.5059144518662098,0.0,0.3402344815120294,0
1301,21.05145,79.92013,15.32489385327295,49.42216516463363,0.0,0.0,0.2628135713248071,0.0430306769564244,0.3201212709135387,4.067751888131196,0.0,0
1302,21.05145,79.94221,17.51325112970443,50.75565655814655,0.07392437803230255,0.0,0.05882141815904769,0.3013758911268734,0.518224000632451,0.0,0.17688057261813592,0
1303,21.05145,79.96429,19.724877811807094,52.08912199062149,0.09063230127394713,0.22695735941038464,0.0,0.13605308230665877,0.3278125384823488,0.0,0.24967316881672838,0
1304,21.05145,79.98636,21.952742168325962,53.42256144971719,0.0,0.0,0.0,0.15707995193152835,0.7931733518093059,4.099274218601325,0.07070897126986535,0
1305,21.05145,80.00844,22.762814348027398,54.75597492309118,0.0,0.0,0.0,0.06271452374018394,0.5094690025406349,0.0,0.3056958898889472,0
1306,21.05145,80.03052,23.42575466502134,56.089362398400276,0.0,0.30192904827610934,0.0,0.2811205092507378,0.2571903904771494,2.2479989535908533,0.2846685059582242,0
1307,21.05145,80.0526,24.28725026058714,57.42272386329889,0.14801799179941222,0.0,0.0,0.1210424239208545,0.5175965796218693,0.0,0.0,0
1308,21.05145,80.07468,25.327047736206854,58.75605930544468,0.0,0.2844437579842721,0.0,0.2778120126829682,0.6724194962523045,3.159426145755958,0.0,0
1309,21.05145,80.09675,26.524186058455065,60.089368712489694,0.0,0.0,0.0,0.37154591326925157,0.572245762519487,5.931765811956703,0.08525514892749628,0
1310,21.05145,80.11883,27.858388702772906,61.422652072087274,0.0,0.08373388325751106,0.0,0.18572348982122053,0.4201345206865431,1.41637244660678,0.0,0
1311,21.05145,80.14091,29.31094455631205,62.75590937189106,0.09657711596973484,0.33196398690886625,0.20236976969801157,0.0,0.4535336673515913,2.95794987742149,0.4339567978779199,0
1312,21.05145,80.16299,30.865148524890223,64.0891405995521,0.0,0.005177189257445858,0.22133553954094803,0.23028824542402337,0.5086747479257686,0.886072018986447,0.12631722053505307,0
1313,21.05145,80.18506,32.50642378588723,65.4223457427218,0.04849287210629672,0.0,0.0,0.005618516719174779,0.48755968501872715,1.06721807244038,0.007510891156552886,0
1314,21.05145,80.20714,34.222244964715614,66.7555247890495,0.06786997593392524,0.0,0.0,0.0,0.3729940235410347,0.843843420144279,0.0,0
1315,21.05145,80.22922,36.00195523138049,68.08867772618741,0.22035889248775978,0.1733177071895213,0.0,0.1287039552946837,0.5400407264184395,5.048080936671171,0.040330858939530013,0
1316,21.05145,80.2513,37.836540210534984,69.42180454178195,0.0,0.0,0.16273213591430893,0.3075074605944439,0.36291217604535175,0.0,0.0,0
1317,21.05145,80.27338,39.718396640217016,70.75490522348119,0.04513288552784314,0.0,0.029685859371452225,0.18596238071058946,0.6825995209592333,2.140646535096504,0.12159503277030767,0
1318,21.05145,80.29545,41.641116067652646,72.08797975893451,0.0,0.0,0.018970067977003055,0.17427682245621062,0.6997612009449758,4.068513672323968,0.0,0
1319,21.05145,80.31753,43.59929264505853,73.42102813578514,0.14285447611055394,0.24914281345864378,0.1075411749957159,0.06514169178695467,0.409414055140549,5.368053986578905,0.2213986863866599,0
1320,21.05145,80.33961,45.58835754677009,74.75405034168146,0.0,0.18481193739470236,0.0,0.2818078598614795,0.4495695674762994,4.147802435894674,0.0,0
1321,21.05145,80.36169,47.60443905686076,76.08704636426593,0.0,0.0,0.2729166684517246,0.17859113857245562,0.4907083162972721,2.813070204246178,0.0,0
1322,21.05145,80.38377,49.64424576762143,77.420016191185,0.0,0.0,0.0,0.08269070900713202,0.5455364982863207,1.5225419799762967,0.0,0
1323,21.05145,80.40584,51.70496977786906,78.752959810082,0.0,0.24576021745522253,0.0,0.0,0.5859225015042944,5.4072481847377745,0.0026919407327680228,0
1324,21.05145,80.42792,53.78420678566867,80.0858772085969,0.027454000052294796,0.0,0.0,0.020656646470721463,0.614801794400622,0.7464461799841984,0.0,0
1325,21.05145,80.45,55.87989023876089,81.41876837437468,0.11609723128720018,0.0,0.2464166152737666,0.14479714680217953,0.6115430176089245,0.785331334015718,0.22075636622249742,0
1326,21.07029,78.75,31.631598017044492,24.696236171844074,0.05146103948264896,0.0,0.0,0.015576423078566548,0.7665144418847188,7.095295782384483,0.061023848276986405,0
1327,21.07029,78.77208,29.379276669574296,22.80353078393448,0.0,0.0,0.1937417906013023,0.2465848195516181,0.5569564997501222,4.65094564752989,0.12753249888467347,0
1328,21.07029,78.79416,27.133466406660894,20.99052370622323,0.015387998998269784,0.0,0.0,0.3733041892155169,0.365479665636021,4.902243931356895,0.0,0
1329,21.07029,78.81623,24.895929393855283,19.279711883579523,0.12926771503778278,0.0,0.0,0.19540341207348685,0.321559576075355,5.612804958761975,0.0688898814537883,0
1330,21.07029,78.83831,22.669115626416136,17.700752302820288,0.0,0.14905245481629667,0.14489357275885967,0.3107722306810048,0.7744373363407301,4.012574239003109,0.0,0
1331,21.07029,78.86039,20.456527319405605,16.292026021706267,0.0,0.0,0.0,0.3823762731674246,0.6147397556829307,0.7345537141771583,0.043323051020425586,0
1332,21.07029,78.88247,18.263335463932737,14.988977098932041,0.1874211721917742,0.10310344656448842,0.19341278090334899,0.07827606847172702,0.5693734845550578,5.354996781681873,0.0,0
1333,21.07029,78.90455,16.097470043623648,13.65429391536453,0.13513481998608254,0.0,0.11317919992830769,0.045663867203148564,0.5991888402732097,4.926628125197931,0.21818322275885704,0
1334,21.07029,78.92662,13.971645214732263,12.31963611732606,0.17775087315241467,0.08683391683123208,0.0,0.09208005905544793,0.5529513850224517,3.0560089657269027,0.025006063847822974,0
1335,21.07029,78.9487,11.907325816278242,10.985003717119474,0.38341922310392385,0.4088881522012271,0.07751430620800112,0.36154204161593906,0.5831580748502591,2.8240596431155796,0.12937138036791235,0
1336,21.07029,78.97078,9.942894804544151,9.650396727050943,0.25643413288269123,0.08151687653597553,0.02145692362421897,0.3854966957428433,0.4597012585532142,5.959091671503837,0.08283576641730289,0
1337,21.07029,78.99286,8.150896749798783,8.315815159423572,0.3290278664408403,0.2476623427123851,0.25154501762934917,0.2818164897716897,0.6463174264717042,3.0421475100981463,0.35719515047141703,0
1338,21.07029,79.01494,6.6717532111760685,6.981259026547992,0.6376668744155654,0.0,0.6153919218335366,0.3466382530761731,0.4107360597032221,6.770590682837606,0.0,-1
1339,21.07029,79.03701,5.752101943538712,5.646728340726074,0.36453348771065425,0.5446873037727009,0.20697722016342116,0.6031076420335955,0.3468603562099567,7.119233061299712,0.11710983850365514,-1
1340,21.07029,79.05909,5.671003052259845,4.312223114268516,0.3916376361530543,0.251169420932421,0.3920492650755477,0.2191844450354286,0.23555883068189967,8.26407550511084,0.0,-1
1341,21.07029,79.08117,6.460115128866779,2.977743359484639,0.6601202947237517,0.48955010220648865,0.25205046163587225,0.5743871841201258,0.44857396842834096,10.511654461033933,0.0,-1
1342,21.07029,79.10325,4.654200649173984,1.6432890886828222,0.8131010922376679,0.41815068671221534,0.3480390183746764,0.5342203005992355,0.6353740883189547,12.115086185162827,0.021171694663693286,-1
1343,21.07029,79.12532,2.6568324466249282,0.3088603141722611,0.8866199155375607,0.7243954587114271,0.4604730032741014,0.8802541686558935,0.3575245463879291,9.846487096875466,0.5151886093592501,1
1344,21.07029,79.1474,1.7183360730100257,1.0255429517357073,0.7189981352599168,0.8153677263202882,0.4138530643380585,0.8386590471631629,0.20680926307000574,13.292187353455965,0.4236018659730281,1
1345,21.07029,79.16948,3.056688468361036,2.3599206967290094,0.9519940252352326,0.4630337870430903,0.5259361888964746,0.405574592922681,0.46971051306085926,9.35375750677278,0.2571249590013426,1
1346,21.07029,79.19156,5.121596931162327,3.694272908497632,0.5794772306396726,0.5406893624482223,0.2575162498317986,0.4519190378821666,0.3736746640521406,13.528600809755766,0.2857878237250288,-1
1347,21.07029,79.21364,7.322220341807781,5.028599574726035,0.3446573380439948,0.1321436621156929,0.030344212173814056,0.51792720346984,0.7077332064406335,6.625303355111495,0.10487175614029892,-1
1348,21.07029,79.23571,8.89742179885113,6.362900683100922,0.4561999939984091,0.3184266791460099,0.3615160929032898,0.36769736698486943,0.655048153010702,3.248682973585077,0.15322284545464418,0
1349,21.07029,79.25779,9.950039650812519,7.697176221309073,0.26414508207981835,0.09542258215842353,0.15084336457755448,0.44251275640064064,0.33398375191535123,8.994092697533585,0.09243587561136805,0
1350,21.07029,79.27987,11.372460185622957,9.031426177035017,0.19161875388426922,0.1804571460763753,0.055559255931651695,0.12727975560928678,0.49560339456674596,7.405988462866639,0.11399398118168289,0
1351,21.07029,79.30195,13.044263066387467,10.365650537962944,0.24518165132402636,0.0232678681408474,0.3426700582414364,0.2142956946140361,0.4215186453622221,8.969099592389322,0.0,0
1352,21.07029,79.32403,14.881637446239264,11.699849291773415,0.0,0.08407938633980751,0.0,0.33464867663525394,0.37078528304088004,6.257901111728977,0.17750003145900092,0
1353,21.07029,79.3461,16.830444203710393,13.034022426154516,0.15622635175127603,0.0,0.2920712875622239,0.5648302887161006,0.530068712790023,11.198906947689036,0.0,0
1354,21.07029,79.36818,18.85616490152945,14.368169928783331,0.3207550688410791,0.08782493375046865,0.0,0.16425484517215175,0.6559193180371465,4.33239759780406,0.0,0
1355,21.07029,79.39026,20.936485850965514,15.702291787342672,0.12895936777694417,0.04618530061167328,0.06008479586705938,0.16879077552890992,0.5324572314018833,7.292662798474867,0.1772743395318942,0
1356,21.07029,79.41234,23.05663257030774,17.036387989513216,0.013315396452545702,0.0,0.0,0.21679562925219983,0.47345200446004304,2.9894764344276084,0.0,0
1357,21.07029,79.43442,25.206557680117612,18.370458522973887,0.0,0.0177279360581793,0.0,0.37812046914901637,0.23813104845173283,5.447518247954488,0.0,0
1358,21.07029,79.45649,27.379247096776954,19.704503375404165,0.0,0.04353285887276379,0.2682873171934683,0.19095184212840657,0.45470014483746046,5.770724434828622,0.3664309267402733,0
1359,21.07029,79.47857,29.569683254947353,21.0385225344818,0.0,0.0,0.3749432130685751,0.23636299013254689,0.6258048786755386,6.03368334102716,0.22712464590590314,0
1360,21.07029,79.50065,29.113083242992378,22.372515987886153,0.0,0.0,0.0,0.18365012964411787,0.3605660043601131,5.767753077453554,0.022832119545809992,0
1361,21.07029,79.52273,26.83355475205456,23.706483723290685,0.1291912789161439,0.0,0.07317967796494922,0.3508064106526951,0.7272743996854085,0.0,0.0,0
1362,21.07029,79.54481,24.5560911701208,25.040425728371677,0.0,0.3878639267815882,0.02060436479288255,0.13434562728817068,0.4649522390628287,3.378519956612892,0.0,0
1363,21.07029,79.56688,22.28132574451437,26.374341990806958,0.11576996038749889,0.1815663116375045,0.3600232459258492,0.35849265089328397,0.5722426393039246,1.9850616860948391,0.11458907241133055,0
1364,21.07029,79.58896,20.010178730144556,27.708232498268135,0.0,0.05656543402559984,0.0,0.2884792536583299,0.4869978131676399,2.4316728812957202,0.20484121655315873,0
1365,21.07029,79.61104,17.74403964823451,29.04209723843013,0.05313802498841162,0.20304770142289397,0.10719151943194055,0.2805927547331444,0.3749242679357363,2.620257550922342,0.0677222094786052,0
1366,21.07029,79.63312,15.485107337512762,30.375936198965416,0.0,0.0,0.0,0.47264670768629147,0.5964995414850905,5.84936343140399,0.0,0
1367,21.07029,79.65519,13.237071915759877,31.70974936754744,0.16450297187496465,0.0,0.0,0.388162288191629,0.44425409058786747,3.792221759496168,0.041594703531371784,0
1368,21.07029,79.67727,11.006612340987209,33.04353673184616,0.15353341987422706,0.0,0.036032120511140645,0.25813934911538045,0.40143490772124724,1.9093831378687884,0.0,0
1369,21.07029,79.69935,8.80709244067109,34.37729827953111,0.11839940276869221,0.0,0.530918824766232,0.01977228803990863,0.1712549724081726,0.0,0.0823948550052123,0
1370,21.07029,79.72143,6.66919484207377,35.711033998275234,0.0,0.10658971247689468,0.10673309008527732,0.05664100208374267,0.6665652867775155,7.1561691457374605,0.4150738394121464,-1
1371,21.07029,79.74351,4.678179518738577,37.04474387574486,0.10157715807310257,0.2682234773800825,0.4998874350823107,0.20560680591883493,0.4591518009632531,1.4637476775887042,0.31021629796470057,-1
1372,21.07029,79.76558,3.1283364583400513,38.37842789960923,0.05025015242148618,0.492418038520706,0.6927032537980997,0.011693018398948915,0.5861806964730459,2.7867224275417475,0.3785377136844336,1
1373,21.07029,79.78766,2.860338482607595,39.712086057537725,0.0,0.186487015113249,0.47304780822705167,0.16047867760919438,0.5126640527490526,8.670187574368795,0.30189927004984574,1
1374,21.07029,79.80974,4.131646809192591,41.04571833719458,0.0,0.3323957238552138,0.40152795366996374,0.11231701171834216,0.6044455687829116,1.481819021927484,0.2813098689375759,-1
1375,21.07029,79.83182,6.0376647959514536,42.37932472624698,0.04460015528551468,0.16933271594329238,0.0,0.337126074198747,0.39790426110119614,2.364373191785595,0.009032346903306551,-1
1376,21.07029,79.8539,8.14433596800688,43.71290521235934,0.06741444913479769,0.15456469062038525,0.038733866687806845,0.17136008435192773,0.3063898724401628,3.6736308071020582,0.15710458537905295,0
1377,21.07029,79.87597,10.32961476999005,45.0464597831977,0.021820182245737774,0.0,0.3037043266214579,0.18821374501138455,0.6210211163456021,0.0,0.00565056264586172,0
1378,21.07029,79.89805,12.552513462351746,46.37998842642484,0.03538721498644481,0.2545833192510596,0.0937772248319649,0.1893676864533877,0.5435419349983243,0.0,0.0,0
1379,21.07029,79.92013,14.796086177124751,47.713491129704394,0.1771852371573345,0.002641696646756085,0.1277623163761658,0.14716937381084733,0.4677241751353196,1.7926627283300218,0.14061293079844608,0
1380,21.07029,79.94221,17.052174522116562,49.046967880699036,0.1474058179941742,0.2949723657787707,0.06265663186974212,0.002642819361614368,0.6423184300043411,1.8764716788267977,0.0,0
1381,21.07029,79.96429,19.31639361157817,50.38041866706885,0.0,0.0,0.46226882495409294,0.5179186924129149,0.5851424670968622,3.3823414211758225,0.0,0
1382,21.07029,79.98636,20.245795030608345,51.713843476474985,0.0,0.12399420161800641,0.0,0.34369954837650146,0.632602964830796,0.48597507293323083,0.10028362823664869,0
1383,21.07029,80.00844,20.737059688323,53.04724229657799,0.0,0.0,0.33951675432867046,0.31138578901116454,0.4005547476623378,4.153149078948379,0.1978040487141674,0
1384,21.07029,80.03052,21.462572560471965,54.38061511503677,0.0,0.0,0.042857198761292375,0.1097169179242984,0.6812749480866536,0.0,0.07699279319630291,0
1385,21.07029,80.0526,22.39958359029004,55.71396191950846,0.011394711658296405,0.10418040998766692,0.3524655283048968,0.372303309599273,0.5445687748560922,2.835682681349354,0.0,0
1386,21.07029,80.07468,23.522831803092352,57.04728269765403,0.1499251969711866,0.0,0.0,0.2593382976425215,0.6979154774912653,3.9523595718159137,0.0,0
1387,21.07029,80.09675,24.807031925846967,58.38057743712798,0.0,0.0,0.04572595964094541,0.22160184618158646,0.6823533482110226,3.8676667191453715,0.047188634666688094,0
1388,21.07029,80.11883,26.22855304087226,59.71384612558662,0.04041573026323977,0.0,0.0,0.29954444406250513,0.6435550751604067,2.588604851250219,0.25007504287043797,0
1389,21.07029,80.14091,27.766312315042935,61.04708875068571,0.0,0.20443391041978462,0.03303003956631544,0.15443830202335768,0.532486922870168,1.293315403321856,0.1475467167932102,0
1390,21.07029,80.16299,29.402077243615743,62.38030530007936,0.0,0.1974257335477185,0.24828963774523416,0.09721573979073109,0.6478508901458037,2.509928884131723,0.14862603635559782,0
1391,21.07029,80.18506,31.120397375316028,63.71349576142165,0.17731168522955487,0.30237495295824807,0.07855280302839007,0.23903722783844228,0.7043919293257513,6.2158754559514,0.010563368747442988,0
1392,21.07029,80.20714,32.90834327702417,65.04666012236434,0.0,0.0,0.24609286308373635,0.42926773366681703,0.6341126650070843,1.4479222871239286,0.0,0
1393,21.07029,80.22922,34.75517108787511,66.379798370563,0.05548117593460872,0.0,0.0,0.0,0.5777535764478091,5.548725451785415,0.0,0
1394,21.07029,80.2513,36.65198099293717,67.7129104936667,0.0,0.0,0.0,0.0,0.6492141340906626,5.9616975151597185,0.0,0
1395,21.07029,80.27338,38.591403637278155,69.04599647932534,0.22348816009978487,0.0019209782809099837,0.00393849684506377,0.08259279483449777,0.4760794928189545,0.0,0.11192029631182523,0
1396,21.07029,80.29545,40.5673278204321,70.37905631519202,0.07232634352254598,0.0,0.0,0.08420786894110355,0.7617269741235358,2.6704223896774466,0.0,0
1397,21.07029,80.31753,42.57467161429849,71.71208998891227,0.0,0.2638218272351056,0.0,0.3087745940931481,0.31437844710742635,0.46098882783954664,0.0915515941889471,0
1398,21.07029,80.33961,44.60919368461152,73.04509748813729,0.0690707432182711,0.3583582915959379,0.0,0.37308389102689427,0.5546983192534766,0.0,0.0,0
1399,21.07029,80.36169,46.66733951529683,74.37807880051245,0.0,0.07655426101221958,0.23989555751153302,0.17671534656716734,0.4930821123681539,5.061598281089527,0.0,0
1400,21.07029,80.38377,48.746116852165926,75.71103391368644,0.1419069991980551,0.0,0.0,0.014626065250681872,0.4602159156562648,4.23263858062969,0.2252822106852172,0
1401,21.07029,80.40584,50.842995088220604,77.04396281530555,0.0,0.0,0.28529296249323255,0.30594244863455033,0.5926856674436203,3.686718271300218,0.12269989883481353,0
1402,21.07029,80.42792,52.95582401891816,78.37686549301216,0.0,0.24744466135325574,0.0026013424790022562,0.3388259156512515,0.3924040414238011,0.17919452548132897,0.0,0
1403,21.07029,80.45,55.08276815727121,79.70974193445461,0.0,0.012221643461559897,0.12972156362869794,0.19417498287041807,0.8512499011950373,3.5484889818243808,0.0,0
1404,21.08913,78.75,32.06640461671762,25.889799655053015,0.0,0.0,0.11389178998126176,0.05420755422634954,0.35975027632280826,0.09970671361576056,0.15189986571745143,0
1405,21.08913,78.77208,29.847204399794638,24.091285429610185,0.10139956286885862,0.08972436767107429,0.0,0.17275710712808226,0.4154401290249138,3.8199213425730063,0.14037216363660898,0
1406,21.08913,78.79416,27.6397319723876,22.38305489618235,0.05468944502145627,0.0,0.07869572047024519,0.15370632918285537,0.4016071922439074,2.028394882779787,0.10253185264983429,0
1407,21.08913,78.81623,25.447039642002743,20.78737756906596,0.10949645393167273,0.04339248705601195,0.3934959213149488,0.0,0.5749115967581556,6.625667736705655,0.0,0
1408,21.08913,78.83831,23.273305348028693,19.332144063892276,0.03881890784413605,0.0,0.06194679630114142,0.3771183720562224,0.6879013989045927,3.106262442137747,0.0,0
1409,21.08913,78.86039,21.124382390448,18.031582085392746,0.11110967095644368,0.20399507969555078,0.19743653359358612,0.4081900410408294,0.61772540202556,4.81498048625664,0.0,0
1410,21.08913,78.88247,19.008687409599876,16.69688800214338,0.011602285880423828,0.020780173605222114,0.16389580022934497,0.0,0.7477116273993392,5.014537993848823,0.22828091586521515,0
1411,21.08913,78.90455,16.93867587574865,15.3622192958311,0.3448439730185817,0.23291316520596478,0.09818618980567273,0.19544509827375167,0.4222983338482765,4.435745484075398,0.0,0
1412,21.08913,78.92662,14.933357391001636,14.02757597875874,0.0,0.029046842404836522,0.09025145008052947,0.4093070110949489,0.6256206433232636,5.167700611799084,0.01741240765790326,0
1413,21.08913,78.9487,13.022652029898001,12.692958063226477,0.27188630955588167,0.058278507925115526,0.18441577923672575,0.051473787493979795,0.4846794387893812,5.986396099872429,0.27867766123154697,0
1414,21.08913,78.97078,11.25485007543807,11.358365561536878,0.3147589901509618,0.0,0.2560224330555381,0.23212029099839393,0.5512841663259995,3.2170576126938135,0.0,0
1415,21.08913,78.99286,9.708332337542954,10.023798485991577,0.08586887099853534,0.25919505973797197,0.0,0.13368108580235002,0.665558571132889,7.002555230957637,0.02329950787212338,0
1416,21.08913,79.01494,8.504684954771967,8.689256848897317,0.5025035016071113,0.033713237534721385,0.2198872914523027,0.3924544854622163,0.2646157990755237,8.673274217403502,0.0,0
1417,21.08913,79.03701,7.804197514919676,7.354740662554181,0.4129845249238908,0.12846133829272655,0.15675975112467266,0.5958425917040917,0.7742729588239521,8.008130441576021,0.1749992629937333,-1
1418,21.08913,79.05909,7.744624910929654,6.020249939270184,0.4831766254205144,0.22615368087883103,0.11737804308978976,0.17925278164839392,0.47465410405595104,6.68951822447881,0.0,-1
1419,21.08913,79.08117,7.633353884426897,4.685784691351361,0.46132693051340046,0.26981663553759094,0.458875495234243,0.595486845289267,0.2690306920630079,8.800691244811176,0.0,-1
1420,21.08913,79.10325,5.759487958293387,3.3513449311037022,0.545966495079227,0.06918257011733109,0.13411162763965478,0.7400036279432467,0.37641623520052947,8.256103720712204,0.0,-1
1421,21.08913,79.12532,4.309376593775938,2.016930670833415,0.6893832086874142,0.4127336221507429,0.08648129238678143,0.4675992125678374,0.466799763049853,9.884368546698596,0.23770050666218054,-1
1422,21.08913,79.1474,3.8033100137848117,0.6825419228497493,0.9393384839454095,0.6466078002943174,0.5597982884296573,0.5731437997722921,0.34686401441629683,8.254710289503432,0.0,1
1423,21.08913,79.16948,4.566730003233585,0.65182130053791,1.0,0.4093652731375448,0.06465094893972323,0.6122518493431283,0.169866555928967,14.95939462358304,0.0,-1
1424,21.08913,79.19156,6.143312957091609,1.9861589870228415,0.7399438445524745,0.3205382497932857,0.0,0.48515882642690483,0.4917125547422624,15.249995767490418,0.21049242405147736,-1
1425,21.08913,79.21364,6.276669346237434,3.320471124291892,0.4656114613054689,0.34722418123615056,0.4371986912946225,0.8355639632305097,0.37869483894283185,7.392974301027498,0.104901607618666,-1
1426,21.08913,79.23571,6.981703143832858,4.654757700034762,0.5592698582193673,0.25049093013092705,0.2565444586644332,0.5278412408611918,0.5786887353118318,10.409757508228793,0.0,-1
1427,21.08913,79.25779,8.281354733160173,5.989018701940316,0.4790914462218544,0.0479786579873043,0.2720333216170789,0.10681491491765377,0.3501214183578538,11.416852786750844,0.014289352673981376,0
1428,21.08913,79.27987,9.945177222312369,7.323254117696081,0.3736292347986253,0.15668638767086016,0.04267182714915721,0.15704099225447443,0.8284922787906519,4.499126150302276,0.3189448071866696,0
1429,21.08913,79.30195,11.820377299579581,8.657463934988636,0.32569901494585973,0.2828207685577862,0.0,0.3001930206366027,0.5940184536248128,0.8274305366611454,0.22897591143415016,0
1430,21.08913,79.32403,13.821184608905927,9.99164814150184,0.15662732067086016,0.0,0.0,0.27806833161368855,0.5575701266428251,9.909165813310635,0.0,0
1431,21.08913,79.3461,15.90025227666743,11.325806724926167,0.03995089908833144,0.01485382357222785,0.0,0.21670897708178083,0.6231076298113444,5.53007137136829,0.1380386955468492,0
1432,21.08913,79.36818,18.030528381554436,12.6599396729417,0.017055973750927794,0.0,0.0,0.23508286988658683,0.2850813945940882,3.8539650452693417,0.02341367025934714,0
1433,21.08913,79.39026,20.195814823114894,13.994046973233043,0.0,0.1989089697544476,0.08175172059436678,0.20288097973734956,0.4735201576898792,5.0239881725698785,0.0,0
1434,21.08913,79.41234,22.3859547221238,15.328128613484473,0.10615030126474281,0.024803889600651274,0.0,0.2620084490431588,0.7948291007260917,3.6794152502547477,0.0,0
1435,21.08913,79.43442,24.594309286397177,16.662184581377314,0.05220913413471299,0.0,0.04614957470537403,0.29847628810063365,0.5018637430597087,12.107809991123467,0.0,0
1436,21.08913,79.45649,26.81637887060787,17.996214864594037,0.0,0.042044183789547315,0.03713339482374292,0.17937416800261363,0.5389135402469214,2.838690335571883,0.0,0
1437,21.08913,79.47857,29.04901626544982,19.33021945081449,0.0,0.0,0.08142718248722529,0.08761033537917591,0.48311103630328744,4.901710146474517,0.04362470382971413,0
1438,21.08913,79.50065,28.98864529649732,20.664198327721035,0.0,0.0,0.10400866754918271,0.12040608980569018,0.753436124385742,7.2657654727692496,0.0,0
1439,21.08913,79.52273,26.698797134576836,21.99815148298953,0.16007028774294946,0.0,0.0,0.1933837493905123,0.5134150163149451,7.128440096041189,0.0683932128327712,0
1440,21.08913,79.54481,24.40906713899653,23.332078904299568,0.0,0.0,0.04624938110510348,0.3427295688588666,0.37132135096125785,6.523094437694281,0.0711664805087639,0
1441,21.08913,79.56688,22.119492057107816,24.665980579331364,0.05966242932707008,0.2316014436819101,0.061539232020611054,0.12266361419371,0.9,2.4739901095295944,0.11166453654583673,0
1442,21.08913,79.58896,19.830125599380832,25.99985649575923,0.0,0.0,0.0,0.23919279429050722,0.3501570296777574,3.105293498514503,0.0,0
1443,21.08913,79.61104,17.541049504262592,27.333706641260775,0.18315266454114026,0.09214576527133687,0.16226631250174847,0.2083478400122784,0.5256178066914678,0.0,0.08716904150407676,0
1444,21.08913,79.63312,15.25239455891212,28.667531003511915,0.0,0.0,0.07995975123546052,0.1989797868060699,0.4164080677607247,3.178611363887933,0.0,0
1445,21.08913,79.65519,12.96438386270782,30.001329570186655,0.04154130164695387,0.15674460597158274,0.1885607260630302,0.07863142070953848,0.4287276706699352,3.406315960973558,0.13104987955969144,0
1446,21.08913,79.67727,10.677431640106354,31.33510232895979,0.2844873107232461,0.0,0.0,0.1715539789837382,0.3678813874809964,5.2052821551777955,0.2287528886473554,0
1447,21.08913,79.69935,8.392403308285266,32.66884926750315,0.18629148027091347,0.10250503093180222,0.11078707044175157,0.2946002463233932,0.42501922109854967,7.906943318405653,0.1793451200622807,0
1448,21.08913,79.72143,6.111457302219271,34.00257037349177,0.0,0.17477008086247395,0.0450319229188568,0.17985583411518302,0.6155429123446693,5.055207473647226,0.09378093891641914,-1
1449,21.08913,79.74351,3.8418717142978505,35.336265634595,0.0,0.6625016719537201,0.5467760631953553,0.010736225376514676,0.17829633697351654,5.961134364763785,0.324234442254688,1
1450,21.08913,79.76558,1.631759007972434,36.669935038484475,0.0,0.6021864026904444,0.3136000961622901,0.02700267524113617,0.5741360891899767,3.1076043187120677,0.19383666267635644,1
1451,21.08913,79.78766,1.028536903756489,38.0035785728329,0.06296283435944394,0.48724562519473535,0.4778195804348441,0.11321803153660635,0.5338826714859118,6.471115346492958,0.24036967454356722,1
1452,21.08913,79.80974,3.1536852104896074,39.33719622530691,0.0,0.45235920935062124,0.5577487718807854,0.17209034022523984,0.5030298657040865,3.1427142152349887,0.3589866337961316,1
1453,21.08913,79.83182,5.415363701784638,40.67078798357669,0.0,0.5373417556560456,0.1729925380043718,0.27369722514241956,0.4865578823947361,6.063677691471883,0.3582207127993451,-1
1454,21.08913,79.8539,7.694100898542975,42.00435383530847,0.17697297059334183,0.0,0.011811146110804388,0.29818790197262746,0.533252559178045,5.176290116492271,0.0,-1
1455,21.08913,79.87597,9.978216457638698,43.33789376817189,0.0,0.0,0.3117157100418173,0.23207948879661539,0.7113652244193716,4.094028458241291,0.04288336772800848,0
1456,21.08913,79.89805,12.264705800059433,44.67140776983217,0.2765349101744834,0.0,0.2755696969839345,0.15790641965608737,0.27969125694815233,0.0,0.09126770765255772,0
1457,21.08913,79.92013,14.55245002460291,46.00489582795562,0.011356901599691233,0.0,0.20116742039017965,0.046530684256709844,0.6341321570790496,5.8969371089190865,0.0,0
1458,21.08913,79.94221,16.840937698521437,47.33835793020795,0.2146127793801747,0.0,0.20717756967332945,0.0,0.4334566123724725,4.029918917967435,0.0,0
1459,21.08913,79.96429,17.913774117539468,48.671794064251344,0.04317825945552204,0.0,0.0,0.06629463591573047,0.655503108460323,4.867021285572637,0.1023095894271812,0
1460,21.08913,79.98636,18.181104374141583,50.00520421774966,0.1157954298675631,0.23307819897088328,0.0,0.0,0.4544346025235827,3.8499806109825387,0.021192327017971756,0
1461,21.08913,80.00844,18.72654335497425,51.33858837836678,0.0,0.0,0.0,0.3039949569515985,0.6401399868975304,4.293403504625646,0.021331396031329514,0
1462,21.08913,80.03052,19.52679984102067,52.671946533764014,0.0,0.0,0.056518026528193016,0.36000566979173887,0.325491772369082,6.4075563290737305,0.0,0
1463,21.08913,80.0526,20.552129176493896,54.0052786716015,0.05528801588032671,0.17202734195759523,0.0,0.0,0.306532174493513,1.7900944861113848,0.0,0
1464,21.08913,80.07468,21.770754010784255,55.33858477954233,0.1187251214893865,0.0,0.0,0.2702113490024263,0.5288597868832486,4.235085978136515,0.0,0
1465,21.08913,80.09675,23.152171832569966,56.67186484524373,0.004909839662331062,0.0,0.13186329038524797,0.24416869418209947,0.7467551027227577,0.9952474394902966,0.0,0
1466,21.08913,80.11883,24.66904950714421,58.00511885636532,0.0,0.0,0.24592681786032658,0.19307006192215403,0.6218032097370698,4.513664162218371,0.0,0
1467,21.08913,80.14091,26.297957294373255,59.33834680056529,0.0,0.0,0.08635913931829046,0.20676818857275137,0.6215784392336585,3.665674011193122,0.0,0
1468,21.08913,80.16299,28.019363336262987,60.67154866550043,0.0,0.0,0.3637678146883173,0.20896107632064864,0.6685524810758375,1.3701114598912065,0.0,0
1469,21.08913,80.18506,29.817251608988794,62.004724438827864,0.0,0.03337880121561484,0.0,0.12795230173693753,0.4930340359794457,3.2526928374373396,0.002074081656570809,0
1470,21.08913,80.20714,31.67860273237715,63.33787410820119,0.013164271792817029,0.0,0.0,0.17919591188106884,0.6344861171199174,1.5292603218783667,0.0,0
1471,21.08913,80.22922,33.592869068289964,64.67099766127954,0.1350261134546291,0.13033178769016934,0.14470594105236095,0.07488882031518271,0.46810533147977496,2.024013859538131,0.0,0
1472,21.08913,80.2513,35.55150397078195,66.00409508571447,0.0,0.01865674434916445,0.0,0.0,0.505503683456649,3.9283758755209175,0.0,0
1473,21.08913,80.27338,37.54756470783461,67.33716636915891,0.0,0.030491945976023147,0.0,0.3128971857685838,0.5230380268800106,3.7029056747376794,0.15160989927317384,0
1474,21.08913,80.29545,39.57538871732766,68.67021149926802,0.0,0.23065692703202148,0.0,0.0,0.4733529287476382,0.0,0.11941816442477839,0
1475,21.08913,80.31753,41.63033463078941,70.00323046369036,0.0,0.0,0.0,0.2738584831605414,0.5405589575640125,3.9670399724251326,0.0,0
1476,21.08913,80.33961,43.70857719360653,71.33622325007958,0.25152671299515605,0.0,0.0,0.0,0.5142246839336254,2.2145842363697703,0.10906952879373139,0
1477,21.08913,80.36169,45.80694559940741,72.6691898460844,0.0,0.0,0.0,0.036087780758439374,0.4508302056531683,1.9256021715049114,0.0,0
1478,21.08913,80.38377,47.92279616640671,74.00213023935616,0.0,0.0,0.0,0.1476306428197735,0.5302477992428852,0.07181422009090754,0.0,0
1479,21.08913,80.40584,50.053911917340976,75.33504441754305,0.20470584592300956,0.0,0.018081351440491913,0.16774939571428102,0.5716896084345263,2.8840668875583324,0.0,0
1480,21.08913,80.42792,52.19842314255538,76.66793236829106,0.05400022317599955,0.0,0.2480050385212116,0.25958570495795186,0.3959856735445158,1.641951587679746,0.0,0
1481,21.08913,80.45,54.354744311625225,78.0007940792509,0.06759982885225095,0.0,0.13542209396910532,0.22933311527325106,0.6084206324925451,6.312709218736211,0.1033889172091915,0
1482,21.10797,78.75,32.6301762686594,27.192594514932825,0.024508202685400375,0.0,0.0,0.22715613458305978,0.4800154645255508,0.0,0.0,0
1483,21.10797,78.77208,30.45237461344503,25.48640584165501,0.05388981356303492,0.06827884422537872,0.12475439114770266,0.24101049121965057,0.5764988058446858,1.0239470752155415,0.0,0
1484,21.10797,78.79416,28.29244374705474,23.87840122108678,0.11200376266893948,0.03507442433509905,0.027018007530929748,0.2141782377801846,0.455067142892657,0.9516143759588158,0.11913235490470027,0
1485,21.10797,78.81623,26.154811536412303,22.38974507269,0.0,0.20823550344842806,0.0,0.39064827408968195,0.6945114679745867,4.420381054350187,0.010271109272188576,0
1486,21.10797,78.83831,24.045425797954604,21.04577873771855,0.13533488992813109,0.332722522157706,0.005561919289812801,0.32730629377593384,0.6802207003920335,6.918452435213554,0.0,0
1487,21.10797,78.86039,21.972423196145154,19.739399410799347,0.0,0.14578042427051485,0.05563664838549218,0.047429384103004776,0.3979497143125759,5.312082464191937,0.03981689991099804,0
1488,21.10797,78.88247,19.947150329097212,18.404719807485023,0.08594368295850324,0.25137390221334,0.0,0.23074400533128553,0.6163019622292805,1.3183754514812205,0.16117000335583856,0
1489,21.10797,78.90455,17.985738207160026,17.070065584815776,0.07958254688345799,0.16064327308647888,0.0,0.03548247253630834,0.7424969078025163,3.234601580868727,0.1730520235035666,0
1490,21.10797,78.92662,16.111526940434988,15.735436755094446,0.0,0.32191432223682476,0.27953243851770593,0.4041207211676785,0.4036142133824641,2.4626387782423933,0.0,0
1491,21.10797,78.9487,14.358703700713304,14.400833330617525,0.08798312145059642,0.3581624559691724,0.0,0.003170791090082059,0.41007749110552916,6.137001865332746,0.0,0
1492,21.10797,78.97078,12.777323456750905,13.066255323685503,0.038595962357657,0.2317537883262451,0.0,0.11293743464566883,0.6291302596769922,3.9384403936893886,0.1780351887951534,0
1493,21.10797,78.99286,11.438713626806617,11.731702746597323,0.012920148432303324,0.21367126071113227,0.08762607846351805,0.0,0.33727367971806066,1.7708864907726753,0.0,0
1494,21.10797,79.01494,10.436709095286213,10.397175611656143,0.1343438719648896,0.09051615982156402,0.0,0.17521739492866506,0.40602484861601545,7.355069422547015,0.0,0
1495,21.10797,79.03701,9.874319067633035,9.062673931160568,0.08833291396986806,0.13744459057416533,0.0,0.3889004135657751,0.3693721324009841,9.572410800933149,0.0,0
1496,21.10797,79.05909,9.827309427537804,7.72819771741441,0.31454848227430837,0.10537410414696934,0.06510500958267294,0.396168605933384,0.6157696487124237,6.348907931406043,0.0,0
1497,21.10797,79.08117,8.863006400357964,6.393746982722825,0.20650238112365218,0.29362396398630153,0.4494018549386021,0.2821819513495076,0.4074031671916422,7.735996961944247,0.005622796820925688,0
1498,21.10797,79.10325,7.311612290932554,5.059321739388218,0.5157597692263197,0.1381337932694538,0.20399135321118395,0.40378239072903044,0.4510268887250558,4.213473517513476,0.20905338821087865,-1
1499,21.10797,79.12532,6.233823108617493,3.7249219997138003,0.3957258366697184,0.28420581152202673,0.2932591008204217,0.2625042762463957,0.3744708576750003,3.595703271976528,0.0,-1
1500,21.10797,79.1474,5.895380522335335,2.390547776006436,0.6034214909376813,0.0,0.0,0.5288915153213688,0.6359218399425971,5.092981041496154,0.27957491723072236,-1
1501,21.10797,79.16948,5.525036854350994,1.056199080572218,0.7636377493882067,0.6832206510223303,0.3805919806110868,0.9051797137886263,0.3500488989239732,10.887144710887599,0.19000836660521567,-1
1502,21.10797,79.19156,4.347067486715505,0.27812407428332264,1.0,0.4591609968079808,0.3816125515064281,0.7274484478166979,0.2560237239055735,10.925480197343262,0.0,-1
1503,21.10797,79.21364,4.21374945319295,1.612421676250925,0.80397908647088,0.5388107052710607,0.23886142556122406,0.8271365258643277,0.2483593407188508,11.943969296779043,0.15889353198604644,-1
1504,21.10797,79.23571,5.2059675781381785,2.946693713022381,0.5865352614309775,0.6103110455886707,0.34647540300811486,0.6840583036953751,0.5631258461641071,8.973192504574367,0.23731525032778483,-1
1505,21.10797,79.25779,6.8510026612754,4.280940172290151,0.5497776687294037,0.3297237975667804,0.2642303970798612,0.5398920801879086,0.5933745012108564,11.161453398150181,0.10518464097811492,-1
1506,21.10797,79.27987,8.78965876426696,5.615161041743252,0.13938523704056388,0.4383237596535357,0.0,0.4306013396335914,0.6785794112707546,10.090515306132124,0.11744782395848605,0
1507,21.10797,79.30195,10.865895684299163,6.949356309071462,0.30886675200787994,0.0,0.17731127963271925,0.18907997119375577,0.34076505428844167,6.319769216716583,0.0,0
1508,21.10797,79.32403,13.01403089619272,8.283525961962226,0.49113245509370795,0.5013265447615303,0.3144973307663346,0.6749932643936624,0.49477204720591356,3.9763254097084912,0.10575562551987601,0
1509,21.10797,79.3461,15.203619096709929,9.617669988107524,0.21718438858441094,0.26583295809370217,0.004828146623638931,0.3351254535276196,0.8739527055367444,1.1092893432043747,0.0,0
1510,21.10797,79.36818,17.419035227088656,10.951788375190832,0.1693191786515949,0.1066985324831669,0.0,0.25256332563073824,0.4967058872175596,9.392693030907807,0.4122134474361623,0
1511,21.10797,79.39026,19.6515460609887,12.28588111089885,0.19481359815143878,0.2873504617624862,0.0,0.27258665202916776,0.4635613661980569,2.847633463456559,0.0,0
1512,21.10797,79.41234,21.89592325240681,13.619948182919149,0.21078570150727238,0.0,0.18585506027492493,0.17671417712459664,0.5418568802015502,1.0908567165607317,0.4330154108291501,0
1513,21.10797,79.43442,24.148858439029247,14.953989578934852,0.0,0.0,0.0,0.45012973793375743,0.6206197436619245,5.046222170917628,0.0,0
1514,21.10797,79.45649,26.408161372673156,16.288005286632036,0.0,0.2647357051287982,0.1222856870362054,0.34124959966645024,0.6194005206874275,0.6056062377523324,0.20376599244105467,0
1515,21.10797,79.47857,28.67232676994731,17.62199529369264,0.0782595605804223,0.0,0.0,0.0664516694949354,0.46229828021962366,4.605277796701592,0.1325842994300574,0
1516,21.10797,79.50065,29.01532857026473,18.955959587802333,0.0,0.11358582527029625,0.05250487651118056,0.10769671542700993,0.4665071326822114,3.220868312191518,0.0,0
1517,21.10797,79.52273,26.72806916199507,20.289898156639275,0.1914343646653408,0.10587904896649822,0.0,0.41973091147623437,0.5061707798626869,6.345962344197028,0.0962531644173906,0
1518,21.10797,79.54481,24.441385332373272,21.62381098788604,0.0,0.33349241246796146,0.0,0.16614204369989743,0.4443845440227497,5.989714813676393,0.0,0
1519,21.10797,79.56688,22.155455350852012,22.95769806922557,0.0,0.0,0.31886314496015317,0.306254676119449,0.3721516173858891,6.570772942146116,0.04522319407795401,0
1520,21.10797,79.58896,19.870539441411736,24.291559388334075,0.0,0.2747619730694501,0.0,0.11031726047615734,0.7958227952664112,4.141697628763036,0.026054725377065678,0
1521,21.10797,79.61104,17.587032907254695,25.62539493289336,0.0,0.0,0.12975997190760274,0.0,0.48236365692636957,1.290340125264712,0.0,0
1522,21.10797,79.63312,15.305566628329451,26.959204690579543,0.0,0.0,0.3957554168100081,0.19558469703552137,0.48536410426529253,0.7542161256974542,0.0,0
1523,21.10797,79.65519,13.027212638821121,28.29298864907265,0.0,0.0,0.21199492759429145,0.3624643254359984,0.48251978632593245,2.008308863333972,0.07146843647202256,0
1524,21.10797,79.67727,10.753949306728163,29.626746796047453,0.0,0.0,0.0,0.1992285783370114,0.5054141084656849,8.51977595011526,0.0,0
1525,21.10797,79.69935,8.48986693173169,30.960479119179812,0.1352067258944544,0.15957978622401053,0.0,0.30716749507197083,0.5622801675090984,2.640677837438832,0.0,0
1526,21.10797,79.72143,6.24495912364973,32.294185606147465,0.14841932105564995,0.0,0.10669767772899674,0.15301150433893057,0.4142406144726932,3.6674620989970492,0.2703394283477553,-1
1527,21.10797,79.74351,4.051227979385658,33.627866244621565,0.0,0.3945798910899679,0.4145776884180877,0.2288523306127023,0.6076990489789602,7.162900526006153,0.2885327913167121,-1
1528,21.10797,79.76558,2.0776530046891617,34.96152102227795,0.0,0.343239754768784,0.5935072106677282,0.08404171083765895,0.4922307043513272,3.8469960932025105,0.17756209927700073,1
1529,21.10797,79.78766,1.6468443428699744,36.295149926789236,0.0764335584033343,0.3054779881611704,0.3386554022792596,0.19285538486424975,0.37127985054674606,1.213029086804926,0.27674633288860445,1
1530,21.10797,79.80974,3.405702720011828,37.62875294582867,0.06853269758770335,0.23792070504738588,0.2561404367418025,0.0,0.343352227752167,5.03596268073294,0.0,1
1531,21.10797,79.83182,5.565679295397912,38.96233006706645,0.03863989638029252,0.24233236773421368,0.12851347487003056,0.18592714322457946,0.6227904051144386,2.0045718623394855,0.2882705968964947,-1
1532,21.10797,79.8539,7.800385947059356,40.295881278172516,0.11898896791863638,0.06394206037532153,0.15756016223591102,0.1497374424422461,0.47281124109144956,3.8540001004719917,0.18554136427334728,-1
1533,21.10797,79.87597,10.060144887318012,41.62940656681891,0.0,0.06749268731148972,0.525383279467716,0.04989490969148536,0.33861647621469665,4.419797519968334,0.0,0
1534,21.10797,79.89805,12.331190856308869,42.96290592067267,0.24182732464340648,0.14692944577260153,0.0,0.3405073496983037,0.6673355503132212,1.7908513592383812,0.12459761016306121,0
1535,21.10797,79.92013,14.608260618125344,44.29637932740463,0.0,0.19362509795213234,0.0,0.0,0.43078938821184454,3.5501388033775605,0.3284558723747056,0
1536,21.10797,79.94221,15.848500978984111,45.62982677468098,0.09040472106222781,0.0,0.0,0.22642630001856745,0.6573380617421273,7.216662994393518,0.0,0
1537,21.10797,79.96429,15.822222518694543,46.96324825016965,0.0,0.0,0.17216211349506913,0.0,0.18368792209544427,1.419766321010701,0.0,0
1538,21.10797,79.98636,16.12422871300677,48.2966437415351,0.0,0.026088909091193588,0.03437769339247547,0.0,0.4847753279508821,6.465963430014849,0.0,0
1539,21.10797,80.00844,16.736757797396233,49.63001323644403,0.18221989588095353,0.0872353035555775,0.0,0.3279006245165836,0.7001047215255889,1.500961752829457,0.1576328844017117,0
1540,21.10797,80.03052,17.62746876267311,50.963356722560754,0.0,0.0,0.0,0.27167569474485925,0.5401230509566158,7.716640318853006,0.0,0
1541,21.10797,80.0526,18.75677294278149,52.29667418754786,0.10095463584346091,0.0,0.0,0.07765704974637433,0.6249614673596545,0.8026934053174686,0.0,0
1542,21.10797,80.07468,20.08446388422127,53.62996561907202,0.028565907022467106,0.0,0.07993541154772363,0.2718288119940343,0.4166946333430136,1.9992202831989607,0.03864078893196383,0
1543,21.10797,80.09675,21.57394560223238,54.96323100479157,0.0,0.0,0.5527080014425856,0.0,0.5931902055623993,6.9415095023715505,0.0,0
1544,21.10797,80.11883,23.194069242351826,56.296470332370895,0.1637462028426321,0.0,0.12196590583243344,0.18221198684664602,0.5463355753676653,7.053089761835492,0.0,0
1545,21.10797,80.14091,24.919366878468352,57.62968358946964,0.0,0.11478979394393245,0.0,0.05370176940752766,0.580924046323647,5.142814091984791,0.04452823363982484,0
1546,21.10797,80.16299,26.729480355095507,58.962870763747475,0.0,0.0,0.0,0.21706438287284208,0.8331749213169597,0.20004394203324471,0.0,0
1547,21.10797,80.18506,28.60831469164503,60.29603184286434,0.0,0.0,0.0,0.09474478793307026,0.7309431666999477,3.2253471113784618,0.0,0
1548,21.10797,80.20714,30.543190598510456,61.62916681447681,0.06617761191043421,0.0,0.149837643222773,0.18123991245805987,0.6596481190923378,3.0128036952869706,0.0,0
1549,21.10797,80.22922,32.52410775344559,62.96227566624648,0.04748880289063608,0.0,0.1380330602550259,0.24598822871646886,0.6617618563772387,0.7831273690877332,0.014678904327330957,0
1550,21.10797,80.2513,34.54314616153451,64.295358385827,0.0,0.0,0.0,0.28221542947579165,0.42208618423830435,4.818883423599221,0.09629930634274375,0
1551,21.10797,80.27338,36.593996420871186,65.62841496087424,0.0,0.0,0.24369844490767317,0.035504557576037724,0.4835789052955776,0.9867263479119219,0.09333660981865782,0
1552,21.10797,80.29545,38.67159764311912,66.96144537904755,0.0,0.0,0.004928484479508822,0.34787007293216604,0.3351209523039619,0.0,0.0,0
1553,21.10797,80.31753,40.77186057034861,68.2944496279968,0.0,0.0,0.1554348017583947,0.31137911224522513,0.37203424708355187,0.0,0.2252783186092696,0
1554,21.10797,80.33961,42.89145627169859,69.62742769537896,0.0,0.024359067728083425,0.05956769797301805,0.22130536481168356,0.42572806805024044,7.455897581340027,0.00946203543795175,0
1555,21.10797,80.36169,45.02765462525989,70.96037956884462,0.0,0.0,0.0,0.20516664100023085,0.5458124502335295,1.6761323467828033,0.0,0
1556,21.10797,80.38377,47.17820037434584,72.29330523604875,0.0,0.2364892089653186,0.0,0.01696806870073067,0.37842184134886164,1.7302087807633637,0.0,0
1557,21.10797,80.40584,49.34121751431306,73.62620468464199,0.0925886766892834,0.07814121499102522,0.0,0.2889514344230384,0.5444625209310603,0.3227786892929312,0.3182672646211839,0
1558,21.10797,80.42792,51.51513508381357,74.95907790227292,0.09709830947595295,0.0,0.16847857524090237,0.11395450244392134,0.528398523198882,6.558777481417058,0.37757839289208295,0
1559,21.10797,80.45,53.698629191437206,76.2919248765956,0.0,0.015140990038829528,0.0,0.028474371496873027,0.39118201644079953,0.0,0.29858905893096804,0
1560,21.12681,78.75,33.31636666796135,28.58969205639938,0.0,0.02703638106324894,0.08982043476004838,0.23084885690671067,0.7628067875196906,0.24478555754477727,0.01947792285828808,0
1561,21.12681,78.77208,31.18679888944614,26.972236900887168,0.027951436454955056,0.20324802169139425,0.0,0.08319993758771503,0.36346065872096145,2.612714930799018,0.05515131412957222,0
1562,21.12681,78.79416,29.08174286843634,25.458452047021968,0.0,0.0,0.1600548092371873,0.12071284153268012,0.7048550270377434,3.475723877805479,0.23873819470872246,0
1563,21.12681,78.81623,27.006930967337777,24.06790695048492,0.0,0.1359923925304121,0.06848418763066062,0.2619750657861903,0.23218209468389983,5.333102058902613,0.0,0
1564,21.12681,78.83831,24.96990354868971,22.78182805261125,0.0,0.022649457332047204,0.0,0.08312141585279997,0.526970986606187,1.9594420609795795,0.08716653432472542,0
1565,21.12681,78.86039,22.98071058882726,21.447137563567868,0.0,0.25817476982390325,0.0,0.3090262308616386,0.3779911144381916,7.845715290215365,0.037340349522626416,0
1566,21.12681,78.88247,21.05291547304737,20.112472446586217,0.0,0.23066130891047903,0.20369407638396886,0.2817871414698213,0.4523898922962991,2.2243515234755717,0.3087119417052814,0
1567,21.12681,78.90455,19.20501645674405,18.77783271395666,0.06318073868800186,0.06158971011930428,0.0,0.12136901773855557,0.79527599619197,1.494859563505699,0.23271019095283066,0
1568,21.12681,78.92662,17.462396231939632,17.44321837797933,0.14219418918460133,0.0,0.0,0.26435093281681943,0.4905337386846596,1.4259337011490332,0.0,0
1569,21.12681,78.9487,15.85979591023142,16.108629450947443,0.0,0.12866120608982282,0.03084707511997168,0.24856771130555494,0.3811379256136961,2.4907531278042048,0.2515442361362635,0
1570,21.12681,78.97078,14.443898039925042,14.774065945159094,0.08825034367648901,0.03083404823672459,0.48455057673376034,0.30475763154034624,0.6002576910303381,1.7048836298447303,0.010678946555211115,0
1571,21.12681,78.99286,13.274580061364736,13.439527872910249,0.08007458626752684,0.3425967694209489,0.0,0.007790656245945882,0.47830855206648887,6.974062429801828,0.0,0
1572,21.12681,79.01494,12.421673904507761,12.10501524650227,0.17396822296925163,0.1012146089074568,0.18266165900340764,0.30296222150488233,0.5458697268953883,2.74266488519065,0.0,0
1573,21.12681,79.03701,11.95310467457998,10.770528078230175,0.16456017943598328,0.03792709284812554,0.1430689932233306,0.11500376851319355,0.39469692349807184,5.374284115906742,0.04659531347123745,0
1574,21.12681,79.05909,11.914304945713766,9.436066380395397,0.03305692512683189,0.041467954361347995,0.0,0.1467239492417803,0.40141328348678806,3.477491127842643,0.0,0
1575,21.12681,79.08117,10.373790361453187,8.101630165300396,0.10768312027086949,0.0,0.15355107954136343,0.2391776242291792,0.4042310910198479,3.6048654242583558,0.0,0
1576,21.12681,79.10325,9.084354789214585,6.767219445244281,0.3272529095650852,0.2737417565265405,0.06381189492866003,0.4602885839285164,0.6177776213929708,10.120167794055563,0.0,0
1577,21.12681,79.12532,8.241858432239292,5.432834232529085,0.527804546304157,0.09111202898437007,0.10720760275676608,0.5321989943866536,0.4676072519092151,12.088534252174938,0.0,0
1578,21.12681,79.1474,6.30676811848863,4.098474539458072,0.2393569876740228,0.48047452076741015,0.0,0.25942742697300875,0.33333491890769695,12.007230864866273,0.15301318927526683,-1
1579,21.12681,79.16948,4.202543563167693,2.764140378334346,0.6723353598316403,0.23238034229393478,0.36771552511904176,0.4271760066500868,0.4733797591259439,5.794543346904468,0.37742490476031665,-1
1580,21.12681,79.19156,2.456382156095882,1.4298317614610445,0.9307167352375983,0.6352893455977748,0.6916508773953769,0.7098720625133046,0.4283170259656002,7.213236877933424,0.49322156177616583,1
1581,21.12681,79.21364,2.2119328683870427,0.09554870114443643,0.9658382402833467,0.8624910712800704,0.5465789852439109,0.6343887164222262,0.49197165918375096,17.04874230356868,0.440850888877791,1
1582,21.12681,79.23571,3.7733106915210226,1.2387087903090646,0.8794900415399193,0.16177640900525397,0.620947908030994,0.5366442530173365,0.375910645241818,10.181490646334503,0.0,1
1583,21.12681,79.25779,5.836907811321086,2.5729407005955123,0.5669066118430458,0.6784782365377371,0.39288224667820537,0.45720505754416657,0.4635367289325574,6.187691681317485,0.0,-1
1584,21.12681,79.27987,8.024182469308487,3.9071470174063205,0.5071003580199908,0.18624690426231816,0.1740773776346338,0.5282279423423553,0.5565276345259685,11.64428339398529,0.03910995206127498,0
1585,21.12681,79.30195,10.256310618253584,5.241327728433962,0.22295535656867452,0.21015684631341155,0.0,0.4330582282807305,0.3724951683959554,8.202359186302184,0.19141722956882112,0
1586,21.12681,79.32403,12.509304601061144,6.575482821368877,0.05291284608798763,0.23420303451018482,0.0,0.2717793578544334,0.6492068950537315,8.815231839294205,0.0,0
1587,21.12681,79.3461,14.77362127654393,7.909612283905146,0.38073008630581356,0.2278608516386859,0.0,0.12678790121812442,0.5352538648596633,0.9188424624585201,0.0,0
1588,21.12681,79.36818,17.04474870355197,9.243716103729236,0.09604897414092231,0.13312839579183963,0.0,0.23902234559947627,0.3841823175204806,5.374145231850971,0.23709785005324277,0
1589,21.12681,79.39026,19.32028515422428,10.577794268530251,0.11687204286305192,0.23220644175493566,0.05305090587525769,0.4169445116816903,0.38683024529991417,8.245396904368196,0.0,0
1590,21.12681,79.41234,21.598837104000186,11.911846765999062,0.0,0.1428403502573453,0.3588454071458337,0.1376264522520808,0.5306183970216863,3.7307839010322574,0.0,0
1591,21.12681,79.43442,23.87954132685665,13.245873583821194,0.0,0.33139483509881884,0.11607521042614272,0.3864105611610222,0.46923097297826777,8.276683796280809,0.037135777644862596,0
1592,21.12681,79.45649,26.16183490594421,14.579874709685708,0.06717814695061673,0.12506120729647252,0.0,0.4718750537284586,0.6530900309961825,1.3575498865242075,0.0,0
1593,21.12681,79.47857,28.445335242087587,15.91385013127636,0.0,0.3491536748355775,0.0,0.0,0.5081085564133101,4.243041531482079,0.0,0
1594,21.12681,79.50065,29.19271867531792,17.247799836282415,0.10179335051379129,0.17362775224856755,0.0,0.13486843791478637,0.5908848520121266,8.600987738183598,0.00022587424017934222,0
1595,21.12681,79.52273,26.920835772999656,18.581723812384435,0.09949124315276694,0.0,0.16834182864406305,0.3264266010845938,0.42894173564852234,1.149546739238735,0.0,0
1596,21.12681,79.54481,24.65234042974047,19.915622047268002,0.07468117817068397,0.44009457637636046,0.0,0.2902399966106227,0.5434948165482024,4.690339716544261,0.0,0
1597,21.12681,79.56688,22.388262454924476,21.249494528618154,0.05759954698926327,0.0,0.12205064432501236,0.35705363990114736,0.729383068658816,5.370145393692418,0.0,0
1598,21.12681,79.58896,20.13009244958327,22.5833412441141,0.21252552234520872,0.25903686398135556,0.0,0.5114808204216849,0.522280272655285,3.9696054975977586,0.0,0
1599,21.12681,79.61104,17.880069053214616,23.917162181440066,0.0,0.025448609128275415,0.17439087750281176,0.09947433515152379,0.46242656719001923,2.98100865031173,0.15704170119135163,0
1600,21.12681,79.63312,15.641708325972282,25.25095732827547,0.008276576402327342,0.19544340933772858,0.0,0.0,0.41431549416852886,1.2657728117026243,0.0,0
1601,21.12681,79.65519,13.420846973841222,26.584726672302725,0.1478278858498183,0.0,0.39055436814029365,0.11878396333543954,0.5260123495937352,3.9802635329321783,0.0,0
1602,21.12681,79.67727,11.227873931086657,27.918470201199646,0.16127699019058866,0.15303663954923247,0.0,0.12503989000974283,0.716519760615079,3.1377038593013467,0.1883317612115039,0
1603,21.12681,79.69935,9.083011557149216,29.252187902643858,0.0,0.043370864730052555,0.3121627566607003,0.35572535842399505,0.31508390915884676,0.0,0.14333431656892645,0
1604,21.12681,79.72143,7.030431860075346,30.585879764316743,0.0,0.3874474130996065,0.16838033090489946,0.20484303123011438,0.48104596538190597,6.160434416175227,0.1078862668463936,-1
1605,21.12681,79.74351,5.1810011797962225,31.919545773891844,0.16786765564607878,0.28018408616322754,0.28871224136451734,0.10084491356341174,0.2257212290244256,0.893266333673254,0.0,-1
1606,21.12681,79.76558,3.84037792931407,33.253185919047716,0.06488739979301288,0.44080834553227544,0.34974347797978406,0.25942633771026913,0.38708904817652917,0.0,0.1367422945891781,1
1607,21.12681,79.78766,3.6254876384903536,34.586800187459986,0.02656863170020416,0.0,0.4649413558095601,0.3582725539107968,0.4774906585592804,1.6440944107146094,0.21386120378429657,1
1608,21.12681,79.80974,4.693585749362149,35.920388566804,0.0,0.22109933659194683,0.43228333859230783,0.2142032704820567,0.23727364465024617,0.845234646220403,0.1601414713336535,-1
1609,21.12681,79.83182,6.434692081064447,37.25395104475267,0.0,0.21817737346805643,0.4599797565455007,0.023047285642229673,0.41929273809447043,2.4719755920489423,0.2939679238578586,-1
1610,21.12681,79.8539,8.442197890249508,38.587487608979245,0.03619672742681382,0.12866669028127786,0.4539637975356816,0.23924872572622374,0.5416989771057356,0.0,0.3818284809679796,0
1611,21.12681,79.87597,10.565324213265402,39.92099824715821,0.0,0.20893611834393086,0.18353639701670793,0.0,0.5339808799315199,4.2713501583465305,0.132583087477508,0
1612,21.12681,79.89805,12.746425888876947,41.25448294695957,0.0,0.0,0.421547988908727,0.330997545191409,0.5735533306287841,6.682673137872577,0.0,0
1613,21.12681,79.92013,14.166977738028239,42.587941696056305,0.010258609552129993,0.03074692995821697,0.0794679874437622,0.23790807012260645,0.39469437478176417,3.354528840202126,0.2065297792699386,0
1614,21.12681,79.94221,13.761982264761418,43.921374482117315,0.0,0.21406466538162333,0.28101316319395775,0.2414260962094751,0.570435852600786,0.0,0.0,0
1615,21.12681,79.96429,13.731715257268872,45.25478129281383,0.06438561497481815,0.0,0.15163060994931066,0.22208880217406324,0.4457175710445869,0.6845777354417626,0.0,0
1616,21.12681,79.98636,14.078593764975937,46.58816211581274,0.35013381742749183,0.11724275665451198,0.0,0.1503164496293936,0.6308221050098519,3.6261598071652354,0.0,0
1617,21.12681,80.00844,14.776080371534277,47.92151693878344,0.0,0.0,0.09073870871661718,0.17757996015848926,0.20946755513310483,0.0,0.0,0
1618,21.12681,80.03052,15.777745395232163,49.2548457493933,0.03915365731570529,0.0,0.14605338581258875,0.03571438840181716,0.49503357661131087,0.0,0.0,0
1619,21.12681,80.0526,17.02999993064442,50.58814853530669,0.0,0.06491372067301338,0.02973102688144151,0.30932315890795525,0.5521381684879876,0.0,0.0,0
1620,21.12681,80.07468,18.48197754549437,51.921425284193916,0.06946281190859563,0.20415772174378538,0.11034952119787238,0.05138888814302156,0.7297316648005437,3.328220656483313,0.0,0
1621,21.12681,80.09675,20.090421544102966,53.25467598371574,0.005726629487530208,0.17152482142743233,0.19380727497189165,0.0,0.5551235038574719,8.645901020905557,0.0,0
1622,21.12681,80.11883,21.8207591049704,54.58790062153924,0.09153446410193077,0.0,0.010463263249804006,0.030862547642535824,0.5710926721296652,0.0,0.0,0
1623,21.12681,80.14091,23.646246274570732,55.92109918532713,0.141150386675911,0.1423797503941906,0.0,0.0011058416974875501,0.5986830362278112,5.140477999794172,0.0,0
1624,21.12681,80.16299,25.54649371423351,57.25427166274115,0.023162280120957144,0.14034870255381315,0.3433430606907857,0.07295569463899826,0.7226013824382651,1.5494610825096855,0.0,0
1625,21.12681,80.18506,27.506011356519828,58.58741804144397,0.1359037260965321,0.0,0.0,0.12084368862113556,0.4944926752494281,0.0,0.16186074582322496,0
1626,21.12681,80.20714,29.51299577850471,59.9205383090955,0.0,0.0,0.0,0.2284204459617577,0.35210432946505066,7.078290248427466,0.027301937077063302,0
1627,21.12681,80.22922,31.558392165998566,61.25363245335976,0.19089111529326988,0.0,0.0,0.033075954728671114,0.3257240419219365,8.62555973176536,0.2568509280533406,0
1628,21.12681,80.2513,33.63519358000719,62.58670046189312,0.0450369583318346,0.1343237798374561,0.0,0.05904092660845969,0.6422520890237923,4.079435163628128,0.0,0
1629,21.12681,80.27338,35.73792537879814,63.91974232235448,0.1293648256742368,0.0,0.0,0.2989158195316594,0.5807310949509277,3.949937332740031,0.34312434461292163,0
1630,21.12681,80.29545,37.86226753539263,65.252758022405,0.0,0.0,0.0,0.3116774094891501,0.5137485850663778,3.168293158555351,0.00041721994677588954,0
1631,21.12681,80.31753,40.00477748663031,66.58574754969848,0.0,0.0,0.0,0.5609926884517529,0.4676924512040016,2.6200692759551365,0.0,0
1632,21.12681,80.33961,42.16268567873762,67.91871089189344,0.01752472582730001,0.13316424815923192,0.10632337665793287,0.1779603730279952,0.5751390808784168,3.888956171409967,0.38540184155499935,0
1633,21.12681,80.36169,44.33374364014365,69.25164803664437,0.0,0.0,0.40632525767193833,0.0,0.5792376437299214,4.762005284708855,0.0,0
1634,21.12681,80.38377,46.5161101407893,70.58455897160808,0.03397600948030383,0.05290554265929543,0.16428416565248352,0.2529966670891991,0.6170902556194108,7.328219013926917,0.0,0
1635,21.12681,80.40584,48.70826513271086,71.91744368443821,0.13014804864882829,0.1983881379804059,0.22463365067190286,0.11072600120179363,0.3947270075111452,1.6439404268079723,0.0,0
1636,21.12681,80.42792,50.9089441053897,73.25030216278579,0.0,0.0,0.0,0.06771834416174305,0.30295590475719003,3.3338325974546827,0.0,0
1637,21.12681,80.45,53.117087565488916,74.5831343943082,0.11686228338467909,0.0,0.02098422066671891,0.2720326248360497,0.42207764218566646,2.772290278562264,0.0,0
1638,21.14565,78.75,34.11759016891165,30.067949921092964,0.007655899495156613,0.0,0.08691484120912231,0.26915047211621645,0.36016351184271156,5.981212235550706,0.09872203627868154,0
1639,21.14565,78.77208,32.04159057541631,28.53461189129879,0.0,0.06806919175790802,0.0,0.4288865050388866,0.35263144926659395,9.618048686431834,0.0,0
1640,21.14565,78.79416,29.99684931392271,27.10840005886507,0.0,0.20712013731171544,0.0,0.0,0.7684147916896715,6.194986636307764,0.0,0
1641,21.14565,78.81623,27.990217717080323,25.807081351256677,0.07391839470834298,0.0,0.17584109298729575,0.2231995823746258,0.23073594242748463,5.587025625411211,0.14294206349866573,0
1642,21.14565,78.83831,26.030510676902875,24.489472475345444,0.0,0.10399473566832744,0.22509984251682075,0.1924968609563555,0.6131472268751962,5.952722578799568,0.07454744207863358,0
1643,21.14565,78.86039,24.129164211565374,23.154796475335953,0.0988935601061019,0.18067754726001475,0.023431242123213056,0.01460067400300294,0.6733946370152625,6.982223715935124,0.06693684779446762,0
1644,21.14565,78.88247,22.30111046622801,21.820145851094303,0.0,0.0,0.0,0.0,0.683382972213536,10.074295598788844,0.195407838257386,0
1645,21.14565,78.90455,20.56590321784129,20.48552061490785,0.03931590972753323,0.001708122758745819,0.0,0.3318298955723383,0.5823198579888038,0.0,0.2594730365071748,0
1646,21.14565,78.92662,18.94906616153102,19.15092077907466,0.026796740465839387,0.09634287567939352,0.0,0.3402469927236424,0.7262867325521176,5.630752216730919,0.0,0
1647,21.14565,78.9487,17.483470162978502,17.81634635588525,0.19167913819395146,0.09161264248652637,0.04834852734543485,0.0,0.7888233515837748,0.0,0.08205132849025631,0
1648,21.14565,78.97078,16.21018932118122,16.481797357634445,0.042683478077639725,0.13806628962618767,0.09306529337559338,0.2563943426107188,0.4942693571601239,6.915350001381498,0.0,0
1649,21.14565,78.99286,15.177701930287872,15.147273796615808,0.0,0.14431616599994537,0.0,0.38980397616162044,0.5967081307474177,6.104989033986503,0.0,0
1650,21.14565,79.01494,14.437760343309217,13.812775685127715,0.039253268087212176,0.0,0.1062913070117191,0.23122679315772232,0.7105814070218868,3.5178303968314033,0.0,0
1651,21.14565,79.03701,14.036705517607132,12.478303035463096,0.2777114831362295,0.2334289633815244,0.14571277852339826,0.27116005347623673,0.41004959095560534,0.0,0.0,0
1652,21.14565,79.05909,13.45489810444653,11.143855859920395,0.2204476974876814,0.2747233195324076,0.12066005429475882,0.3674401659871812,0.49447399426716204,5.571707609143421,0.0,0
1653,21.14565,79.08117,12.060515061832065,9.809434170799678,0.14869515934071803,0.13990577446981084,0.0,0.45803146852824583,0.4355895451934766,6.605528547636336,0.2511547283632563,0
1654,21.14565,79.10325,10.552874731488666,8.475037980396767,0.21515857528271357,0.0,0.06678474691644125,0.16187497799558243,0.5800870574481723,6.345700778736102,0.0,0
1655,21.14565,79.12532,8.263286720266384,7.140667301011297,0.11612618055167015,0.17907534118920596,0.2600420197823708,0.1664721034407199,0.2338100417754842,5.454995916119793,0.0,0
1656,21.14565,79.1474,5.973751595152309,5.806322144943543,0.426565101766427,0.32053981690065203,0.5857566956935532,0.4884382699170366,0.6772293088539845,5.389619124135455,0.12603753056253142,-1
1657,21.14565,79.16948,3.684368036182465,4.472002524494817,0.26339799694357313,0.258372125659743,0.35502875216486285,0.2782260583167639,0.5165017966319759,8.341141631112922,0.043219160083956376,1
1658,21.14565,79.19156,1.3958821457889101,3.1377084519646616,0.682984037609284,0.6403283023918447,0.7308476196863442,0.6088339896333734,0.4741051172416718,7.265981361274986,0.447444173806975,1
1659,21.14565,79.21364,0.8985909869840679,1.80343993965695,0.7558282051814047,0.5731422933270258,0.8550449845392493,0.8389811650444547,0.04695399385415233,12.469941735398104,0.6472192816653111,1
1660,21.14565,79.23571,3.1861425327439203,0.46919699987510166,1.0,0.6710922659587824,0.40890741498659194,0.4919592892356289,0.2867799887872178,11.33819641370513,0.26570449863684953,1
1661,21.14565,79.25779,5.475454521370926,0.8650203550790336,0.7337242419721018,0.4417280418189031,0.5253014596822712,0.5345612827814972,0.6783679328365481,6.691117824782432,0.07744797506569798,-1
1662,21.14565,79.27987,7.764970013380632,2.1992121128998647,0.6808121814311235,0.03423055815528819,0.4353956608905404,0.7424847456129092,0.47033766260055543,10.508291119977903,0.051085970858247925,-1
1663,21.14565,79.30195,10.0545499617088,3.5333782612822637,0.7707339149576459,0.2777043282401819,0.40465186233450295,0.5327966421127949,0.2711978137156398,10.154601803951175,0.17516497834800912,0
1664,21.14565,79.32403,12.344158468630539,4.867518787919967,0.5872677066251052,0.16127026616863496,0.17647996685889417,0.4197522184237755,0.555468916996096,12.447123014364802,0.0,0
1665,21.14565,79.3461,14.633782095425198,6.2016336805094525,0.27217660313078024,0.21710812111188632,0.5279475604311413,0.5604067607910423,0.62763188962596,9.931544485962544,0.127254495684307,0
1666,21.14565,79.36818,16.923414669979486,7.535722926739194,0.3116801578996993,0.045725005982019354,0.0,0.37095282171535404,0.6124945272302624,4.559293215868163,0.0,0
1667,21.14565,79.39026,19.213052957031,8.86978651430308,0.22826543686006487,0.0,0.4491362545015891,0.319242073484052,0.5208085454582059,10.066314844878642,0.0992223789519459,0
1668,21.14565,79.41234,21.502695094580805,10.20382443089259,0.2164018218241415,0.0,0.16969901874680335,0.39297516579567576,0.7034248116687284,2.292709741214565,0.0,0
1669,21.14565,79.43442,23.792339933123444,11.537836664196652,0.06233012712454787,0.0,0.2786549944899469,0.0939006084692883,0.44792619383183496,5.5706154017781255,0.08758300921574269,0
1670,21.14565,79.45649,26.08198672291252,12.87182320190703,0.10631402101283934,0.054139724359634496,0.0,0.6730138984001164,0.6230233405653043,7.1139210937907755,0.0,0
1671,21.14565,79.47857,28.3716349526548,14.205784031710479,0.0,0.06663682617787034,0.1734952917787687,0.29821682634004115,0.5671347130326101,8.649314530237362,0.015659850324090355,0
1672,21.14565,79.50065,29.51809870187498,15.539719141298365,0.09123836606353088,0.005790285367303971,0.28912959695864865,0.45570026958664545,0.5299076228002594,9.51207969875487,0.15358313642872967,0
1673,21.14565,79.52273,27.273630510046907,16.87362851835426,0.11407087758740368,0.0,0.0,0.282203545673676,0.4948177060116314,7.694686915987818,0.0,0
1674,21.14565,79.54481,25.037417472471677,18.20751215056614,0.020804271245384892,0.0,0.0,0.38350169121349453,0.49881557120435766,3.8350571399491282,0.0,0
1675,21.14565,79.56688,22.811887486689987,19.541370025622356,0.0,0.42547007637360074,0.0,0.32644292003235575,0.550050179534372,5.533448089095945,0.049562068690701296,0
1676,21.14565,79.58896,20.60050325345051,20.87520213120452,0.1494558794131823,0.0,0.0,0.01103404070859465,0.5025637968878156,4.468384323064201,0.0,0
1677,21.14565,79.61104,18.4083634881425,22.209008454999868,0.06842943875251152,0.0,0.0,0.15880039654432904,0.6433275332088169,1.9185106722754692,0.1183247137446683,0
1678,21.14565,79.63312,16.24326163067025,23.54278898468961,0.0,0.5531217143614234,0.0,0.15228798254153647,0.46161751863033645,3.357314837161109,0.05952547065316195,0
1679,21.14565,79.65519,14.117642934082287,24.876543707959787,0.0,0.10050882760011726,0.6461506396225973,0.23130563577354366,0.7505429111992625,8.24165090064977,0.0,0
1680,21.14565,79.67727,12.052415873642563,26.21027261249061,0.0,0.0,0.43297346008124366,0.0,0.44187477815861576,5.16919858103478,0.22408289068860712,0
1681,21.14565,79.69935,10.084751289709667,27.543975685962717,0.0,0.20309520460338937,0.0,0.05855428867093092,0.6415660196793839,8.776158614994335,0.12914440754767284,0
1682,21.14565,79.72143,8.284460356967587,28.8776529160596,0.0,0.0,0.28853686379062105,0.30674034873176503,0.6345720410803035,0.5492118470229634,0.0,0
1683,21.14565,79.74351,6.786085286923443,30.211304290457793,0.15391528141541827,0.28866611281034815,0.39272554874965926,0.0945577243146308,0.508679543647781,2.3215660464971863,0.0,-1
1684,21.14565,79.76558,5.827368132897078,31.544929796838296,0.0,0.14582108262385984,0.20971789184656375,0.30255103493338154,0.48502283694207454,4.3500951588537875,0.09731642882697776,-1
1685,21.14565,79.78766,5.6880647978023795,32.87852942288001,0.08099599082940558,0.11465573495311096,0.3200718815517971,0.0,0.3704423989009366,5.163310255753211,0.20941244589316488,-1
1686,21.14565,79.80974,6.4217239831230915,34.212103156260724,0.0,0.4115413925663599,0.30409005467762695,0.0,0.4090280020978501,2.8974277488545805,0.0,-1
1687,21.14565,79.83182,7.785344725783374,35.545650984656355,0.03242745231156368,0.20066098119062048,0.0,0.2427998160124962,0.5261300478536189,5.254678294174447,0.0,-1
1688,21.14565,79.8539,9.51174229687258,36.87917289574225,0.0,0.2277229008040966,0.0,0.353116613739503,0.5027033584984592,5.211190608346524,0.0,0
1689,21.14565,79.87597,11.437809467211562,38.21266887719562,0.10648104452353675,0.11466843007758046,0.1344433270078696,0.058330707747604724,0.6859059717646872,0.0,0.0,0
1690,21.14565,79.89805,13.018606861618402,39.54613891668979,0.0,0.0,0.09488831985939383,0.0232726109745352,0.46351660270340356,5.0701074075908314,0.0,0
1691,21.14565,79.92013,12.15305914743767,40.879583001900144,0.0,0.13526428059106974,0.0,0.08843103261040497,0.4684456630196569,5.8863392517847215,0.04370002407698658,0
1692,21.14565,79.94221,11.67849239196402,42.2130011204986,0.0,0.23521738848119653,0.0,0.26661993295827713,0.2883807184824347,3.8526557742550986,0.0,0
1693,21.14565,79.96429,11.642814889925875,43.54639326015881,0.0,0.06346744018772307,0.07836995945188995,0.02833397346561145,0.6113665914955716,0.0,0.0,0
1694,21.14565,79.98636,12.049925671679782,44.879759408549475,0.0,0.326055249412366,0.26668344136212135,0.2152883987824079,0.6006078674794936,2.3416827779065876,0.0,0
1695,21.14565,80.00844,12.857833983907124,46.213099553344215,0.04967728150390239,0.166985545219302,0.06193560667899677,0.2897099770058369,0.6633303348117329,4.191639261962016,0.0,0
1696,21.14565,80.03052,13.997310326077725,47.54641368221251,0.0,0.05723631805600743,0.38732677273690147,0.1671772336393598,0.6752779881234102,0.7948655266483122,0.0,0
1697,21.14565,80.0526,15.394905420928621,48.87970178282175,0.28524249981911615,0.056773145758162474,0.0,0.252114589768829,0.6450812514602549,5.427005774163646,0.24205140347129173,0
1698,21.14565,80.07468,16.987028687347557,50.21296384284437,0.0,0.03316080034731041,0.07507631992742905,0.0,0.6545674802631279,4.930914255793956,0.28439350471354924,0
1699,21.14565,80.09675,18.724123143150244,51.54619984994413,0.024621745482098868,0.0,0.0,0.20800120932105878,0.6265842599093122,3.3789664381985864,0.0,0
1700,21.14565,80.11883,20.569493024387643,52.87940979179054,0.0,0.0,0.1365972235412708,0.0,0.6504843231905798,3.0706111155217335,0.0,0
1701,21.14565,80.14091,22.49650883178329,54.212593656049656,0.0,0.03838216542594822,0.0,0.2971456344047617,0.2874190735187188,3.5232925510571684,0.1378678456049077,0
1702,21.14565,80.16299,24.485901757609835,55.545751430385636,0.01706571836574886,0.0,0.39480390389363534,0.08158795423944294,0.3926511317136665,3.0082335058072482,0.09541909915500457,0
1703,21.14565,80.18506,26.52363978152619,56.87888310246415,0.0,0.05522179702196771,0.0,0.29174146748399143,0.37074744971807255,0.0,0.30031727284330983,0
1704,21.14565,80.20714,28.59939081048888,58.21198865994694,0.028480295180706768,0.004170836904111002,0.34750978831910206,0.0,0.7261223096924703,1.895692986564262,0.34277029738528586,0
1705,21.14565,80.22922,30.705446505057417,59.545068090501665,0.2283978715787216,0.12428480862723758,0.0210072820621938,0.1981078028435629,0.43918755479998134,3.200484023887388,0.0,0
1706,21.14565,80.2513,32.83597624354732,60.87812138178709,0.0,0.10642602382208244,0.11252794681688036,0.02093751153369803,0.4619592878530452,6.698756321183842,0.18544448958620835,0
1707,21.14565,80.27338,34.986509178231586,62.211148521464864,0.03120834840357835,0.0269686541241355,0.26828683761003436,0.5267141063818469,0.5503450390630946,4.808273007360052,0.0,0
1708,21.14565,80.29545,37.15357194239427,63.54414949719918,0.12301575219619254,0.0,0.17246414926664816,0.04371462160758641,0.37547583834208714,6.835752165341249,0.08787131694077822,0
1709,21.14565,80.31753,39.33443254493583,64.87712429664563,0.0,0.2866310091258143,0.0,0.0,0.6029918827045059,0.0,0.12446494544318858,0
1710,21.14565,80.33961,41.52691714900695,66.21007290746638,0.0,0.0,0.12043865246974232,0.215323577698172,0.251548033266913,2.0796839722431364,0.11775127002449097,0
1711,21.14565,80.36169,43.729277348728154,67.54299531731837,0.0,0.0,0.3737767049316952,0.0,0.38501473552318033,8.396985154675138,0.1600617686349224,0
1712,21.14565,80.38377,45.94009282327772,68.87589151386113,0.0769292281415701,0.0,0.0,0.2551810311731276,0.5777396915746316,1.0725547739595622,0.0,0
1713,21.14565,80.40584,48.15819906890319,70.208761484751,0.0,0.0,0.4238117084010206,0.3206774494762187,0.37610558076536604,1.020071993889696,0.0,0
1714,21.14565,80.42792,50.38263312130226,71.54160521764209,0.0,0.24708449960097736,0.07722458724445924,0.24908522524654145,0.7318307306809879,2.2966147847980785,0.18990649259156436,0
1715,21.14565,80.45,52.61259233665726,72.87442270019358,0.015196916197738717,0.22179620374239914,0.0,0.13594166868411026,0.5564480183160686,8.249830160351467,0.0,0
1716,21.16449,78.75,35.02595346686628,31.615985801274462,0.0,0.07602508818645412,0.0,0.08974406814500874,0.7079066864661621,1.5223335736385073,0.2978553387898733,0
1717,21.16449,78.77208,33.00739954151383,30.161638214360483,0.0,0.0,0.0,0.2565070872838937,0.5992919842182602,4.764810778025217,0.0,0
1718,21.16449,78.79416,31.02663331187039,28.816241327385004,0.08096243890286657,0.10619686739087313,0.0,0.20080873998572174,0.547194174666951,4.385486931212263,0.0,0
1719,21.16449,78.81623,29.091374481627266,27.531724454050824,0.0,0.020332550361047627,0.0,0.03334931166218469,0.408913370384106,0.0,0.0,0
1720,21.16449,78.83831,27.211334226998268,26.197037582312074,0.13837758484148113,0.0,0.0,0.30029190885562784,0.677935570334519,3.4491373659094555,0.0,0
1721,21.16449,78.86039,25.398777534642388,24.862376077755542,0.0,0.0665822380099537,0.0,0.3048733765584064,0.6088742685134148,2.130605950851902,0.0,0
1722,21.16449,78.88247,23.66921292705983,23.527739952668266,0.0,0.0,0.16038603354591877,0.12126765825690079,0.8379799553565858,5.421768748753012,0.14673484549580154,0
1723,21.16449,78.90455,22.042185305498286,22.193129219336726,0.2555053976293822,0.05899596745654276,0.0,0.20677136288760606,0.66089956284035,8.28597145842729,0.0,0
1724,21.16449,78.92662,20.542073387339478,20.858543890055895,0.1662003475123776,0.05552135595325751,0.0,0.36078815030643274,0.48784512125408386,2.9907476780150923,0.4051237169103242,0
1725,21.16449,78.9487,19.198650469280267,19.523983977112994,0.050332003012905926,0.12442352057332423,0.0,0.2315466719569007,0.5823647455356962,3.132349891665107,0.0,0
1726,21.16449,78.97078,18.046942578753296,18.18944949280166,0.0,0.0,0.10108612595218902,0.09766493034569429,0.5992195036426833,10.738999731808754,0.0,0
1727,21.16449,78.99286,17.125672240042405,16.85494044941158,0.0,0.15439368440954226,0.05019114874946668,0.3473733121413727,0.7012946913275768,2.5332664299068024,0.0724838846365171,0
1728,21.16449,79.01494,16.473546071273244,15.52045685923903,0.08405783075650164,0.0,0.0,0.22052311447697903,0.7222197263195226,1.1125628446813454,0.0,0
1729,21.16449,79.03701,16.12325489251827,14.185998734574046,0.09851476182593577,0.0,0.06778425896934424,0.046752772340154125,0.5137093283276617,8.442479508861378,0.0,0
1730,21.16449,79.05909,15.088012228344382,12.851566087711488,0.10652374888731488,0.0,0.04135219095624587,0.14409184668140315,0.36364910778448445,5.0265490189915685,0.0,0
1731,21.16449,79.08117,13.023105447531066,11.517158930949627,0.1429764969622264,0.0,0.0,0.4582957648345715,0.2676388859754028,6.239756293370309,0.0,0
1732,21.16449,79.10325,10.77226879701221,10.182777276582092,0.15748364885433846,0.2832690524560165,0.05514431015117709,0.3629829039449261,0.3572501464438229,11.705090596458891,0.0,0
1733,21.16449,79.12532,8.542013708504786,8.848421136904925,0.05580148840481622,0.01630601696605996,0.2851415901518094,0.20962165999283083,0.41898553663084803,2.7194043975064623,0.3051412006623061,0
1734,21.16449,79.1474,6.35404956025751,7.514090524215707,0.2238514634348603,0.13907440862450238,0.3664026805024569,0.6508436197406131,0.6912470367616879,6.397062535620061,0.14325611848088163,-1
1735,21.16449,79.16948,4.2738294911124255,6.179785450813653,0.4667746132013,0.5739861206772661,0.3218117339988491,0.46536116849873643,0.6646283075912076,4.31506599216954,0.2703498982090136,-1
1736,21.16449,79.19156,2.5770170233236973,4.84550592899571,0.2817338836142599,0.43892191301870903,0.6360826283034036,0.5764263919603352,0.554255890773765,9.124664461184313,0.20932873756264597,1
1737,21.16449,79.21364,2.345237876463958,3.511251971061864,0.5342429658185156,0.5483650557266695,0.3262894220990172,0.4576314197442736,0.5869626271932777,7.654854753790328,0.146427761406979,1
1738,21.16449,79.23571,3.8526601741222812,2.1770235893143286,0.5973291675953489,0.3147767539634361,0.20727857590899265,0.7677179562305835,0.3457288180688971,7.0166344482119705,0.19426310020861218,1
1739,21.16449,79.25779,5.888086762100776,0.842820796051259,0.8823116692734368,0.5303698117918471,0.22400185929273564,0.633198788128468,0.2628946723817344,13.099360729746728,0.0,-1
1740,21.16449,79.27987,8.061009007319527,0.49135639642415163,0.8747348045898775,0.47055003218858005,0.48425771556214303,0.42640321402384174,0.3568999197171404,11.548671349017154,0.0,0
1741,21.16449,79.30195,10.284643470984598,1.8255079758100734,0.9149626834933119,0.37455995839638523,0.15595724768170205,1.0,0.2291005093502756,7.093479478555286,0.0,0
1742,21.16449,79.32403,12.53202458729885,3.1596339298011413,0.6513962712053972,0.2871224185488756,0.02687294533063015,0.46789153994611,0.36927593386485147,6.240463732176963,0.0,0
1743,21.16449,79.3461,14.7923328795276,4.493734246097937,0.31544371926810405,0.1729097949758628,0.36315869218204694,0.5753260945154807,0.46217226406107537,9.002878948141207,0.11409839966349389,0
1744,21.16449,79.36818,17.060430985677957,5.827808912392224,0.4591373493764178,0.047298479238490496,0.0,0.5831705619412382,0.5616931045206025,3.3659990863718443,0.0,0
1745,21.16449,79.39026,19.333577502743257,7.161857916380003,0.21015678375399116,0.0,0.47074022797324555,0.32968502410230227,0.560991066038148,7.652594485329802,0.0,0
1746,21.16449,79.41234,21.610179345193252,8.495881245754356,0.173448048008844,0.29620589143132636,0.0,0.38314246940198804,0.4479953910525871,9.98451001956078,0.10882014364940136,0
1747,21.16449,79.43442,23.889248637096486,9.829878888208102,0.231965816456715,0.1974455909049339,0.0,0.34391769119754034,0.62592133962997,7.753628975892893,0.0,0
1748,21.16449,79.45649,26.17014070252706,11.163850831435118,0.0965630605456202,0.0,0.0,0.21918842709073735,0.4535870823996391,3.9826985752482322,0.0,0
1749,21.16449,79.47857,28.452417137362936,12.497797063125459,0.2317028940498329,0.05940113399818042,0.0,0.38633593784027265,0.5496621420781378,5.958003959531493,0.1789784392480512,0
1750,21.16449,79.50065,29.986651596878126,13.831717570972499,0.006789040222321269,0.0,0.0,0.3534804031351783,0.39325189533920624,1.6814045760293888,0.3651582370688338,0
1751,21.16449,79.52273,27.78035724344853,15.165612342663701,0.005576680964242048,0.0,0.5255172904406961,0.10849210461209956,0.7004625880230797,5.023224356421612,0.10972628127408361,0
1752,21.16449,79.54481,25.58875675070196,16.499481365889164,0.0,0.06145988971472427,0.07135548642043833,0.26970668514725565,0.5501058917416097,3.5891918729267434,0.0759191550511916,0
1753,21.16449,79.56688,23.415976312510818,17.833324628338538,0.0,0.0,0.10417660021973377,0.20605744193898137,0.6409978853107805,1.5384711113667588,0.0,0
1754,21.16449,79.58896,21.267784898589504,19.167142117697942,0.1728890296076685,0.0,0.0,0.11928619236757917,0.37395706934356393,5.691538748431011,0.0,0
1755,21.16449,79.61104,19.152458259253063,20.50093382165672,0.10827210569483697,0.0,0.0,0.22218358693686263,0.566202089705389,0.0,0.03930466863208373,0
1756,21.16449,79.63312,17.08220995530384,21.83469972789909,0.23146881945431613,0.0,0.24094059055717787,0.3459333997187579,0.6185235046102171,0.7123321098827713,0.22497826261836504,0
1757,21.16449,79.65519,15.075622530894401,23.168439824113502,0.29315568978899,0.0,0.0,0.4616691899253911,0.24764719391913342,0.9153731636927693,0.07767560415370743,0
1758,21.16449,79.67727,13.16184454505735,24.502154097980576,0.0,0.026001818052823825,0.0,0.2159963043153156,0.6912315746825262,2.2789155419413065,0.16956331459689866,0
1759,21.16449,79.69935,11.387764021198585,25.835842537189656,0.021938040648798774,0.0,0.051436205326061316,0.20585341686268294,0.3451057681855364,6.888236598279095,0.0,0
1760,21.16449,79.72143,9.829315757319097,27.169505129421243,0.0,0.17674108361617397,0.4041590341170107,0.2790885965877182,0.540660875831538,5.400799087609425,0.1409200411634317,0
1761,21.16449,79.74351,8.604474942145794,28.5031418623569,0.0,0.08386715948623735,0.09245904173529283,0.4026093971573118,0.7526114621589495,3.6529735680018525,0.0,0
1762,21.16449,79.76558,7.870564919809131,29.83675272368031,0.0,0.2031419372272156,0.274483840309923,0.056653344421910085,0.6298173477504017,3.4781693712585455,0.0962972921704405,-1
1763,21.16449,79.78766,7.768002180169014,31.17033770107223,0.0,0.08337611263000852,0.20039917756796022,0.49437952209228153,0.286610875413265,3.251347918962607,0.1746011241461212,-1
1764,21.16449,79.80974,8.320167438430271,32.50389678221432,0.0,0.0,0.4354929707470794,0.10522680382133895,0.47509509223260055,6.8098358481525025,0.0,0
1765,21.16449,79.83182,9.412532973792976,33.83742995478263,0.0,0.0932011892570386,0.0,0.15042598219221504,0.6810193146083219,0.0,0.0,0
1766,21.16449,79.8539,10.883640467924145,35.170937206460614,0.0,0.0,0.2577758216591018,0.247814090200385,0.40304937870926644,5.186797841907508,0.08924813673500562,0
1767,21.16449,79.87597,12.55044120130008,36.5044185249231,0.10333411835673902,0.12145747268924367,0.041892385690664107,0.09427947447682768,0.4749224195825513,1.8345513037048617,0.0,0
1768,21.16449,79.89805,11.191639386594053,37.837873897848134,0.0,0.0,0.2895375846670459,0.057856196450527225,0.4647256872666493,4.442168271343416,0.05038262382125512,0
1769,21.16449,79.92013,10.17193641134994,39.17130331291262,0.3386093985475957,0.20775909374406487,0.0,0.31366735581211735,0.5930974526711701,4.436104184276608,0.1434186151772307,0
1770,21.16449,79.94221,9.600003612577868,40.50470675779268,0.0,0.015466982236844631,0.1445310205803376,0.0,0.2944419207469877,5.006365544304786,0.25423600884860265,0
1771,21.16449,79.96429,9.556575191677098,41.8380842201641,0.009578942051359198,0.2401251927284659,0.12025813552212797,0.0,0.5969828228303163,7.20365192185904,0.15175540847139568,0
1772,21.16449,79.98636,10.04850588250329,43.17143568769719,0.0,0.0,0.0,0.34890986223832526,0.42533714921419163,0.0,0.12475998398062355,0
1773,21.16449,80.00844,11.004230659329188,44.50476114807217,0.20533168377909738,0.0,0.0,0.4704995587835056,0.5164594087349198,5.678228156548339,0.0,0
1774,21.16449,80.03052,12.316249218096496,45.838060588956175,0.1348210655941981,0.09626333710814355,0.0,0.17225943728944138,0.4928406728068706,2.8892269878232124,0.0,0
1775,21.16449,80.0526,13.883917929454068,47.1713339980225,0.036015050132117095,0.21128177983406143,0.09007460227281557,0.30903502670701366,0.6141940873305074,1.8494167802935726,0.08597382027602363,0
1776,21.16449,80.07468,15.630503460042892,48.50458136294478,0.0,0.28230533742368413,0.0,0.1643925982620566,0.5322749911687923,8.328864001840405,0.0,0
1777,21.16449,80.09675,17.502524898664486,49.837802671390456,0.02552698130957485,0.01654623351997538,0.0,0.0843661591772058,0.7408426221103699,4.860395230093981,0.07677072852818902,0
1778,21.16449,80.11883,19.46382270029602,51.17099791103172,0.0,0.300234545154373,0.0,0.38708756310221926,0.6807183276898779,1.945816574648359,0.0,0
1779,21.16449,80.14091,21.489967097375153,52.50416706953641,0.17564098292690003,0.0,0.0,0.10395317041053667,0.43308893634521617,5.515354546409757,0.31020439730098043,0
1780,21.16449,80.16299,23.564236703727218,53.83731013457266,0.09723016966017393,0.1781745888948847,0.21574276628671435,0.28212746344599715,0.7372026175472746,2.9029636692928658,0.031822468147184764,0
1781,21.16449,80.18506,25.67497008842822,55.17042709380768,0.011554223254463732,0.0,0.14854756645920394,0.0,0.5919460214154686,1.8940876875277037,0.02093712180762393,0
1782,21.16449,80.20714,27.813866985086186,56.5035179349074,0.0,0.06816263357402724,0.0,0.0,0.5718436977875947,1.4410650256243986,0.0,0
1783,21.16449,80.22922,29.974899033586514,57.83658264554042,0.0,0.0,0.05216765185164652,0.3214872433513812,0.6673960284493224,3.806430298566556,0.30621688261678914,0
1784,21.16449,80.2513,32.15360341927323,59.169621213369034,0.0825834744683701,0.0,0.0,0.24654751293173222,0.4032980098121719,1.4164935957029858,0.0,0
1785,21.16449,80.27338,34.34661724747544,60.50263362605819,0.1455877946281989,0.07493807306956987,0.32644009025403414,0.17127736925195883,0.3562256031897796,3.414946687497209,0.0,0
1786,21.16449,80.29545,36.551364950469214,61.83561987127423,0.13313381139799518,0.0,0.414592177181396,0.3094845611516953,0.5530395809719414,5.315581740676342,0.13659507480853106,0
1787,21.16449,80.31753,38.76584450260178,63.1685799366759,0.0,0.06845134512246254,0.03365980940508026,0.4710714496613941,0.4648050883714469,3.2953835496621666,0.038355867576770994,0
1788,21.16449,80.33961,40.98847855039831,64.50151380992746,0.03620771681583558,0.1451386635345385,0.5186011819718614,0.19899996244312104,0.8401047336513512,8.14584860817011,0.0,0
1789,21.16449,80.36169,43.218008953765775,65.8344214786892,0.12187899500449634,0.0,0.0,0.05408714947579607,0.44284593635063746,3.04032591857284,0.0,0
1790,21.16449,80.38377,45.45342086692689,67.16730293062214,0.0,0.0,0.0,0.16997698825570273,0.5555320631150212,6.512665523788095,0.0,0
1791,21.16449,80.40584,47.69388725780042,68.50015815338652,0.0,0.0,0.0,0.024945173748998406,0.5768044218867419,5.542822301949813,0.016343191469615267,0
1792,21.16449,80.42792,49.938727793505,69.8329871346397,0.032869904776671774,0.0,0.0,0.21465758258044357,0.7223298150030283,6.969624330828459,0.24858141016374646,0
1793,21.16449,80.45,52.18737797465937,71.16578986204303,0.0,0.0,0.46247387740043794,0.060160607829216894,0.41072806958944996,8.130782994523717,0.09682612928545238,0
1794,21.18333,78.75,36.033354824963965,33.22404745160879,0.0,0.020355563955320975,0.0,0.014876527662884526,0.32381784200774233,0.0,0.16375728866963488,0
1795,21.18333,78.77208,34.074787140087004,31.84340740872833,0.0,0.0,0.0,0.0,0.7445375679106037,3.9510289623991057,0.0,0
1796,21.18333,78.79416,32.160080627806494,30.57227521939253,0.0,0.2736127504258363,0.0,0.05346255983707138,0.5603324751923109,3.010427607896037,0.08258827511470775,0
1797,21.18333,78.81623,30.29755211921632,29.239195678730727,0.0,0.0,0.23124569454627364,0.0064331786331142116,0.6620815633966096,3.6391130147545954,0.0,0
1798,21.18333,78.83831,28.49743420327455,27.90452330516757,0.0,0.23087322967690144,0.20395667312356783,0.07323603498546968,0.6682065340320866,2.3719992413999647,0.02934566634285427,0
1799,21.18333,78.86039,26.772318974718658,26.56987630248885,0.0,0.0,0.0,0.16421587547738065,0.6918934709609832,2.057031063610066,0.01920714817903669,0
1800,21.18333,78.88247,25.13765278608956,25.235254682978628,0.010142970574387504,0.02370919955666881,0.0,0.16119929823590123,0.4940686721729071,0.6862226321167295,0.2919586894982972,0
1801,21.18333,78.90455,23.61222841522347,23.90065845892127,0.07171596647867796,0.203947468342182,0.0,0.0,0.45524138983764584,3.8854884185847034,0.25003621908437174,0
1802,21.18333,78.92662,22.21855742687836,22.566087642609087,0.0,0.1988093927717028,0.35833043837352097,0.31447311043218723,0.26559457954815024,6.161800187747822,0.0,0
1803,21.18333,78.9487,20.98290921249133,21.231542246326008,0.0,0.0,0.1553904367968014,0.05561540528772581,0.4046570945424171,2.566972936729178,0.0,0
1804,21.18333,78.97078,19.934690527433524,19.89702228236327,0.047374033385097394,0.11473491345967277,0.03442244593105999,0.1462365303716002,0.5514882683138833,3.1324162513531326,0.0,0
1805,21.18333,78.99286,19.104777338970024,18.562527763007566,0.0,0.0982702972829074,0.3985709054260749,0.0,0.44352167010082194,2.329228975893985,0.0,0
1806,21.18333,79.01494,18.522536864168348,17.22805870055339,0.11386703968700464,0.0,0.41923937733898686,0.05120397277388807,0.3811469629372728,1.7417880912426025,0.21180019869017708,0
1807,21.18333,79.03701,17.933305362113146,15.893615107287188,0.0706588648256015,0.14131057430994054,0.023504347194740722,0.048926985069196904,0.5469903028573189,3.9252332730718345,0.0705525407389767,0
1808,21.18333,79.05909,15.71896894791766,14.559196995501413,0.09310582397992595,0.3532458037859339,0.04239263699606831,0.07509398141082278,0.7234488111720467,5.677572811530108,0.09072690710398867,0
1809,21.18333,79.08117,13.529631001329541,13.224804377491655,0.225634153581741,0.14881013083931244,0.0,0.3850555735590212,0.521181783789941,8.339624265393887,0.1444582094872749,0
1810,21.18333,79.10325,11.379729047291534,11.890437265548542,0.0,0.1907724305447966,0.04412475886335239,0.2268735806948544,0.36139029924194044,2.301962957117832,0.0,0
1811,21.18333,79.12532,9.29666285797818,10.556095671966027,0.0,0.2477600162543595,0.0,0.32237034714411916,0.6856662485611023,5.706214926699281,0.0,0
1812,21.18333,79.1474,7.337577064757348,9.22177960903869,0.24788957026434205,0.0,0.0,0.15560062949567482,0.3827502466465319,9.29347912033586,0.16926155789346867,-1
1813,21.18333,79.16948,5.633340437031725,7.887489089063355,0.26773267665509676,0.35032096805303736,0.0,0.24005736960554072,0.6788997123043964,3.6815769021949776,0.015360174698107729,-1
1814,21.18333,79.19156,4.484573850154183,6.553224124333668,0.35589751479151005,0.19194987019432921,0.5708453658776352,0.22364728381689547,0.41844478009243247,10.639515663938592,0.0,-1
1815,21.18333,79.21364,4.355533471365394,5.218984727147918,0.3635671979141992,0.2882642855168706,0.050100702731805336,0.34288111901162444,0.4676625932937691,6.898373782962135,0.028458753154280647,-1
1816,21.18333,79.23571,5.320933387072978,3.8847709098029273,0.6030949477354032,0.6980548818680314,0.694035506832251,0.5173049561235631,0.6861324710952921,10.694461107087967,0.32175528537065845,-1
1817,21.18333,79.25779,6.938038865928404,2.550582684598045,0.7656229591075048,0.2735942574568371,0.08051621153078312,0.4011504693309582,0.29786322150470423,9.212005941529096,0.03657378094504449,-1
1818,21.18333,79.27987,8.856795414985756,1.2164200638312674,0.8745710895884008,0.17823868577169114,0.5073278802314997,0.5660618418124256,0.3572813087546569,12.054948766997729,0.09186882666897334,0
1819,21.18333,79.30195,10.91932491852866,0.1177169401976765,0.9492723046325148,0.47968421423610264,0.03685716208922048,0.8082906291405246,0.4718744889651773,16.066553889866526,0.0,0
1820,21.18333,79.32403,13.057675040991239,1.4518283151864202,0.5321559150634094,0.085545072888121,0.0,0.5054092775277678,0.5077119091237889,10.343544615681425,0.07748669001482526,0
1821,21.18333,79.3461,15.23996346550234,2.7859140488376486,0.7208713507298248,0.12150671235695659,0.3068401644393974,0.4743101876972405,0.9,12.194920284432325,0.0,0
1822,21.18333,79.36818,17.44971295873497,4.119974128846125,0.6498603888259025,0.358784525824549,0.313886233472351,0.48882812391657476,0.4147575731216228,9.40826545570654,0.07617650174157457,0
1823,21.18333,79.39026,19.67767424812299,5.4540085429102545,0.48027338533057684,0.1387530044743041,0.0,0.6022981985738471,0.35987678168835296,5.866101691113398,0.0,0
1824,21.18333,79.41234,21.91829439641354,6.788017278726417,0.2170448121163432,0.0,0.0,0.5631899863018501,0.4138007139602217,6.854852009794017,0.08202014638396574,0
1825,21.18333,79.43442,24.168052814329027,8.122000323989845,0.33914676685901446,0.1793988716408622,0.0,0.35622709214213344,0.5789366749585918,6.109121695067353,0.0,0
1826,21.18333,79.45649,26.42461550474314,9.455957666397412,0.31006567266102153,0.014246080041422401,0.0,0.4052950643626391,0.6164395920419175,2.476652114911732,0.0,0
1827,21.18333,79.47857,28.686376736181682,10.789889293640977,0.3526356208692337,0.3118443371802173,0.025910312932385486,0.5461974858656369,0.4493303911012378,6.907294398233944,0.0,0
1828,21.18333,79.50065,30.59179943568178,12.123795193417527,0.027438391846722684,0.0,0.0,0.3557633217437765,0.5517240430759579,7.050690925692296,0.004309997686354079,0
1829,21.18333,79.52273,28.43278707481857,13.457675353416926,0.07897080043757118,0.2153005959156728,0.0,0.14368989484895897,0.8205784959263689,7.1298537347417525,0.044857837948655166,0
1830,21.18333,79.54481,26.29590241332442,14.791529761331981,0.17465981739834435,0.32450979529679624,0.0,0.4869065754968956,0.5524251463931223,8.457168550120405,0.0,0
1831,21.18333,79.56688,24.187011052185554,16.12535840485535,0.07493599775957958,0.0,0.15054884764120788,0.2651287025596916,0.5913878887304865,6.980285578390152,0.0,0
1832,21.18333,79.58896,22.114123148352128,17.45916127167526,0.0,0.0002575574178110031,0.0,0.35432218474823346,0.809442363090213,2.725587107385172,0.031099926484749504,0
1833,21.18333,79.61104,20.088387255582692,18.792938349483755,0.09337758033743102,0.09098640901472627,0.0,0.38085010931392127,0.4452459350953534,3.1007746249811126,0.08348134003049433,0
1834,21.18333,79.63312,18.12561957613584,20.126689625968385,0.1043680320389147,0.0,0.0,0.2239348929755369,0.43337167285261935,6.142450064520512,0.0,0
1835,21.18333,79.65519,16.248655068483146,21.460415088819992,0.038522384992505355,0.07325309688937924,0.0,0.025065902347235783,0.4709119589545401,4.842463868611904,0.0,0
1836,21.18333,79.67727,14.49087379433789,22.79411472572221,0.04874291690436658,0.0,0.3391817636851581,0.08185759587900718,0.4582216625168164,3.6686654964375265,0.02497588497449458,0
1837,21.18333,79.69935,12.901084505920362,24.127788524366494,0.0,0.0028474690360568294,0.0,0.11753827427660324,0.2717655432617608,1.342260805678586,0.12480507570403945,0
1838,21.18333,79.72143,11.54887296197706,25.461436472436056,0.19174968131498313,0.05999700672261411,0.2421498386219481,0.403935171482422,0.5401385478826439,2.1517559081966375,0.0,0
1839,21.18333,79.74351,10.526199682263243,26.795058557615786,0.0,0.07415398707875574,0.12741961312294853,0.1510052689388034,0.5457684235033836,4.973708576199076,0.0,0
1840,21.18333,79.76558,9.935352084441742,28.128654767591758,0.0,0.09621665749770114,0.18035398212202808,0.23300963748168965,0.4857954680425752,0.0,0.0,0
1841,21.18333,79.78766,9.854313309316037,29.462225090047756,0.008688016386503138,0.0,0.0,0.22549038684506284,0.5459423491132732,0.0,0.011138759484683253,0
1842,21.18333,79.80974,10.295129384854157,30.79576951266755,0.11137551400228114,0.0,0.05271658480220118,0.16469831615591568,0.5501732504215855,5.096677723165332,0.0,0
1843,21.18333,79.83182,11.196330453700671,32.12928802312992,0.0,0.031180896401710245,0.10332756578412947,0.24365021031104972,0.3347921505091494,1.8663738421636158,0.1204178938282584,0
1844,21.18333,79.8539,12.458405602519004,33.462780609121616,0.0,0.0299496788081356,0.0,0.1308964407700435,0.565333461714749,4.436720342917524,0.0,0
1845,21.18333,79.87597,11.04789491487258,34.79624725831989,0.0,0.0,0.17361592288678074,0.3661053272082122,0.5964699733177634,7.2877785572793945,0.0,0
1846,21.18333,79.89805,9.476249966966016,36.129687958405505,0.00634917670127795,0.12473923760223234,0.2343180997892818,0.16088315952936721,0.28518502013913993,0.5285113905381853,0.0,0
1847,21.18333,79.92013,8.247277694858031,37.46310269705838,0.0,0.0,0.6131338279314364,0.06341039666997937,0.7042453752138906,0.0,0.018241381338133918,0
1848,21.18333,79.94221,7.530658025211172,38.79649146195677,0.0,0.0,0.259084120661916,0.2224262600271185,0.3199796005087356,2.4021808851485016,0.0,-1
1849,21.18333,79.96429,7.475224170955419,40.129854240779146,0.08061076967973219,0.07259975463315949,0.0,0.06842551826075896,0.3331086017696142,1.3236983645538456,0.23798060587353093,-1
1850,21.18333,79.98636,8.09457149775928,41.46319102119919,0.0,0.0,0.4162243763257309,0.13564971710427226,0.526378760759649,3.02390014233576,0.09918641430956274,0
1851,21.18333,80.00844,9.254196025808078,42.796501790899505,0.028552362924982165,0.3360414371349131,0.10794070949086951,0.05073108268889437,0.5820829358304458,4.476348677009881,0.15826100944213292,0
1852,21.18333,80.03052,10.78114766942846,44.12978653755024,0.0,0.054665400921157355,0.515048297755021,0.048165476024116555,0.6257101659937402,3.916202921123163,0.0,0
1853,21.18333,80.0526,12.54197313404944,45.46304524882683,0.08116572381469854,0.06174280939947839,0.3759829054366029,0.20120634277991464,0.6038096334715208,3.1778552362074755,0.08526599614771606,0
1854,21.18333,80.07468,14.451435166139209,46.79627791240566,0.05742535731784366,0.0,0.0,0.1732150849093021,0.4592528589961966,5.80088224061396,0.0,0
1855,21.18333,80.09675,16.45787984113812,48.12948451595744,0.0,0.010336058593118662,0.18451640631220412,0.22877892796545773,0.5523229380111141,4.7866498706441725,0.0,0
1856,21.18333,80.11883,18.529829475790315,49.4626650471568,0.0,0.0,0.0,0.24953626412624058,0.4965503178113861,2.5652953893648287,0.05996711796910284,0
1857,21.18333,80.14091,20.647573502980464,50.79581949367464,0.12545971930201036,0.0,0.019275301609769105,0.17607441472608246,0.5679914177302342,4.683495240213102,0.0,0
1858,21.18333,80.16299,22.798353903940324,52.12894784318118,0.047373794681713134,0.0,0.14786974396315897,0.5069596180242277,0.5551085503239015,0.0,0.13038511363670668,0
1859,21.18333,80.18506,24.973636621237628,53.462050083346654,0.0,0.0,0.23113312248013215,0.13352041609864074,0.47619836949792016,5.789429166187311,0.022809961780342614,0
1860,21.18333,80.20714,27.16753661304355,54.79512620183945,0.07878226007645531,0.0,0.18476740861936355,0.27487773144079003,0.4992288730764208,3.0781164599979056,0.0,0
1861,21.18333,80.22922,29.375882916081082,56.12817618633145,0.0,0.0,0.018830521333156797,0.15876902287452394,0.28919607946725223,0.0,0.1350194007403187,0
1862,21.18333,80.2513,31.595646505427013,57.46120002448744,0.16957088218607744,0.23469649819603072,0.4992446301791941,0.18239100606119077,0.6651852966559985,1.931926598671954,0.1686685322893579,0
1863,21.18333,80.27338,33.824579612744515,58.794197703975335,0.12294736603072474,0.13318384704167152,0.0,0.13659549457974182,0.5909456487281709,5.710700816925936,0.0140598844114747,0
1864,21.18333,80.29545,36.06098193217821,60.12716921246334,0.03483070492008878,0.21127354121159245,0.0,0.050286279712569854,0.22657404176871554,1.0153788467102085,0.21380064956914874,0
1865,21.18333,80.31753,38.303545147391475,61.460114537613805,0.018903534537868246,0.2222026431825944,0.0,0.3576146280604791,0.6607047408218497,4.07729313921094,0.0,0
1866,21.18333,80.33961,40.551247102549524,62.793033667093454,0.0,0.107805177191508,0.2953039542502561,0.17587306290611332,0.5423439225000222,5.293217972483819,0.0,0
1867,21.18333,80.36169,42.80327822267157,64.12592658856526,0.08144569916115714,0.0,0.0,0.0,0.4186853799390208,3.0707807845194046,0.000704040284678189,0
1868,21.18333,80.38377,45.05898936187946,65.45879328969335,0.0,0.0,0.032032866949207706,0.0,0.40633094022268346,0.7583028352221657,0.0,0
1869,21.18333,80.40584,47.31785418673973,66.79163375814,0.028283021755314056,0.1835437628430545,0.0,0.0,0.453573725518445,2.839237222718853,0.0,0
1870,21.18333,80.42792,49.57944160758504,68.12444798156537,0.10464384561281932,0.010384062687031766,0.0,0.12065697350291138,0.4195348887984122,0.0,0.0,0
1871,21.18333,80.45,51.84339527750819,69.45723594763415,0.0,0.39908780988128106,0.0,0.1466538852183094,0.4383583225720079,1.7335003826012088,0.0,0
1872,21.20217,78.75,37.13173427096852,34.883834724675374,0.0,0.0,0.0951657201524184,0.07768914455352756,0.7876782597729619,0.3078096942851638,0.01773905798594897,0
1873,21.20217,78.77208,35.23452297179478,33.57169347322124,0.0,0.3195375975378913,0.0,0.02364028648851993,0.6013944294445702,3.09393038206703,0.19176421599779855,0
1874,21.20217,78.79416,33.38663509123718,32.28127067578047,0.0,0.0,0.08884946454117726,0.33234094874448483,0.83427509873313,0.0,0.13032263770779912,0
1875,21.20217,78.81623,31.596725675433945,30.94658744453229,0.0,0.21926940323803806,0.07044702500053557,0.029086961646265813,0.5805706858538523,3.505902263637894,0.06217758011433887,0
1876,21.20217,78.83831,29.875217545149823,29.611929575581954,0.09476760357657568,0.2780703071205366,0.0,0.013955511151465658,0.6297212920335974,6.280675072540029,0.20000445099565406,0
1877,21.20217,78.86039,28.234625101782008,28.27729708121468,0.22604860062005722,0.0,0.0,0.07873228467417086,0.4248926848151348,6.497525898345062,0.003299178321280356,0
1878,21.20217,78.88247,26.689873904711927,26.94268997371216,0.1822550876140453,0.0,0.0,0.26928242068553865,0.524136367792544,0.21279440129597305,0.0,0
1879,21.20217,78.90455,25.25855435764136,25.608108265356073,0.0,0.0,0.6134326128863011,0.23073806162286395,0.5355947868688672,1.7911745981120855,0.0,0
1880,21.20217,78.92662,23.961002767748642,24.273551968435722,0.10448190265709624,0.0,0.30589276972754376,0.19086035651430716,0.6331259283913395,5.823819382650333,0.0,0
1881,21.20217,78.9487,22.82004878333878,22.93902109523325,0.19251115782505923,0.12343957538960468,0.28065940484752294,0.1408677967454803,0.5386130695987082,5.534106151113248,0.0,0
1882,21.20217,78.97078,21.860226160306667,21.604515658036313,0.0,0.0,0.0,0.17127706935953413,0.5939530497207406,2.2165286604232,0.098967790416715,0
1883,21.20217,78.99286,21.106260644166387,20.2700356691292,0.046277736740709084,0.03205120225144785,0.01913983544962622,0.19116899892499548,0.5882404443163107,2.68166271615497,0.15136956098245524,0
1884,21.20217,79.01494,20.580789073726137,18.935581140803418,0.0,0.11681037981894928,0.0,0.31384486232456976,0.5011233894927092,4.311647680106767,0.0,0
1885,21.20217,79.03701,18.542202507797075,17.60115208534331,0.0852174666060411,0.0,0.0,0.23532264298608307,0.4841062001002335,0.0,0.0,0
1886,21.20217,79.05909,16.410524390242287,16.266748515039048,0.0,0.251003688347166,0.0,0.35850705369658326,0.4433632939985038,5.842556828716591,0.0,0
1887,21.20217,79.08117,14.327539876875319,14.932370442181725,0.10697166351417196,0.0036765555874940167,0.3243590737871599,0.27875635578171637,0.6831584829065617,7.528687779682344,0.0,0
1888,21.20217,79.10325,12.317976277074047,13.598017879060762,0.0,0.16535329311364422,0.2533472197473719,0.24702819434434115,0.4819896174001613,3.974728900380645,0.004291310601085056,0
1889,21.20217,79.12532,10.424381694720157,12.26369083796703,0.19465929523192088,0.2086545682131621,0.0,0.4365594890703494,0.560850073760768,1.613905046352107,0.3198056757082939,0
1890,21.20217,79.1474,8.722613267921615,10.929389331192402,0.28471391803259766,0.36782350685165244,0.10084266577191321,0.569584229055186,0.48134470411273717,9.344850809081258,0.29411197931061006,0
1891,21.20217,79.16948,7.347195771669011,9.59511337103101,0.10807943379588686,0.17806234772309879,0.36017150881237925,0.20719107080312588,0.6399874297315361,6.669582250053437,0.2349642848533669,-1
1892,21.20217,79.19156,6.508428735255276,8.260862969773799,0.11595153536149447,0.0,0.13080641627005912,0.33313162049882916,0.20406967032829487,8.437600968241163,0.0,-1
1893,21.20217,79.21364,6.4202070940774885,6.92663813971636,0.05651135116578915,0.264975364632206,0.2648795159908285,0.45861344674674687,0.5238164426933575,3.733729699666336,0.0,-1
1894,21.20217,79.23571,7.110522436232398,5.592438893152818,0.3617669650078675,0.28315545720696655,0.29996548326461053,0.3236809513528508,0.31316861833876186,4.409361322753243,0.0,-1
1895,21.20217,79.25779,8.389341748726519,4.258265242379519,0.4219950931514241,0.07342128621077507,0.25222466695851714,0.2599253716700041,0.5552911295303806,9.684097425306286,0.30795502039286893,0
1896,21.20217,79.27987,10.034123565572774,2.9241171996923607,0.4281279168113137,0.2580991624784622,0.1798824019942788,0.425966683629704,0.491922589449741,12.175052823627272,0.0,0
1897,21.20217,79.30195,11.894001470737525,1.5899947773880705,0.8215688685367647,0.18551891869913203,0.0,0.8286999989199623,0.31547996130255035,7.606516753097912,0.0,0
1898,21.20217,79.32403,13.882793665435418,0.25589798776661327,0.9042505932781082,0.050610580343210726,0.0,0.7075196303479943,0.5774925943619859,11.483019985578936,0.0,0
1899,21.20217,79.3461,15.952357244296792,1.0781731568779993,0.7064362530344769,0.33981776758528176,0.0,0.8178518925859105,0.5673779791433031,6.8571249443985955,0.0,0
1900,21.20217,79.36818,18.074968737664996,2.412218644242933,0.6024076793262194,0.10290292486446927,0.0,0.8790947009479853,0.5077952660296545,8.059944649573595,0.057220644262276195,0
1901,21.20217,79.39026,20.233940254227946,3.7462384620295976,0.6641536460979931,0.0962652899750039,0.0,0.39629706145866717,0.5284988531417528,8.267383725505157,0.026694593341994748,0
1902,21.20217,79.41234,22.378573022440047,5.080232597936177,0.5011778345010314,0.06125569866752156,0.17692980756268656,0.17477655767278993,0.5678118430053981,9.388845262180714,0.0,0
1903,21.20217,79.43442,24.341315342978636,6.414201039661507,0.32773706575897765,0.31151660100130774,0.0,0.3419086065982164,0.7114902648118242,1.9378987479310874,0.0,0
1904,21.20217,79.45649,26.356556464078558,7.748143774904869,0.34919001486736023,0.089396148224756,0.061230656655685896,0.23792424527805006,0.5035209268685911,10.238050328294399,0.04120565399033507,0
1905,21.20217,79.47857,28.413127891527857,9.08206079136113,0.08078979309983186,0.09360760583157134,0.16149201861282814,0.09234848306188492,0.6900688995754329,5.83743611295235,0.0,0
1906,21.20217,79.50065,30.502670936111297,10.415952076729381,0.18010970788714034,0.0,0.0,0.3638675842223389,0.5435176718179043,9.194331684685842,0.0,0
1907,21.20217,79.52273,29.22116216038643,11.749817618702497,0.1587763492238752,0.13211725227829346,0.0,0.2273906140431447,0.7298684716022023,7.255859907322495,0.0970741498984329,0
1908,21.20217,79.54481,27.146681357843516,13.083657404975689,0.056592264175129255,0.26545324438756396,0.33499003728993065,0.24676518690210064,0.514912024645387,7.319233144524198,0.0,0
1909,21.20217,79.56688,25.109617313229645,14.417471423244924,0.14270917587873932,0.14630100335053137,0.11871290157390088,0.029514806752672818,0.4536699743209905,10.066314989894137,0.0,0
1910,21.20217,79.58896,23.119862427766854,15.751259661200839,0.0,0.147117655543407,0.0,0.13635282413722818,0.39208340768456224,2.531548662434185,0.08383281318745524,0
1911,21.20217,79.61104,21.190747551350444,17.0850221065385,0.11916738386836148,0.1302917939958266,0.1486430089833104,0.2786884663953889,0.5394153377088052,4.700512516113645,0.0,0
1912,21.20217,79.63312,19.340426897759162,18.418758746947248,0.1126538118346388,0.0,0.0,0.22560919773030713,0.4309919169986555,1.5868017019414085,0.05279525238087783,0
1913,21.20217,79.65519,17.593778233678286,19.752469570121548,0.0,0.0,0.1709080592244176,0.19947364329173978,0.735973455877563,3.73676476450805,0.0,0
1914,21.20217,79.67727,15.984822266036064,21.086154563747442,0.17260355903288138,0.0,0.0,0.0,0.4140983560312246,5.73667907303414,0.0,0
1915,21.20217,79.69935,14.559280361834368,22.4198137155191,0.0,0.0,0.046076256132742334,0.11790837197689834,0.4357284536083931,6.6764508358839745,0.0,0
1916,21.20217,79.72143,13.375923845125346,23.75344701312276,0.0,0.0,0.0,0.2038388713899716,0.6098313341878013,2.648844198380244,0.0,0
1917,21.20217,79.74351,12.503704478433844,25.087054444245403,0.13832229516947195,0.0,0.08300068958894,0.23062126309306932,0.6911233496193733,0.42175752441167,0.0,0
1918,21.20217,79.76558,12.010599735691509,26.420635996575836,0.0,0.0,0.0,0.2260382881417909,0.6253270706566757,3.6684727685221388,0.09463846048701202,0
1919,21.20217,79.78766,11.94365856532968,27.754191657801137,0.0,0.004610792987921261,0.04649075989657683,0.20705420154214793,0.6708934348368746,1.1964281633921403,0.004703903225245193,0
1920,21.20217,79.80974,12.309835395225678,29.08772141560752,0.0,0.030038547624179478,0.0,0.25568155330486775,0.5130649360065271,1.8528280981134588,0.20642544760639575,0
1921,21.20217,79.83182,12.971246938949943,30.421225257676753,0.1295098268996756,0.0,0.17378840658138422,0.4536205366901668,0.5177206510640443,5.052890399371585,0.0,0
1922,21.20217,79.8539,11.751697801513203,31.754703171697727,0.0,0.057081193487332066,0.12949465128457538,0.2251661105620476,0.8034354090981455,4.526829992048834,0.0,0
1923,21.20217,79.87597,9.766076037144535,33.08815514535041,0.13950609751935783,0.0,0.0,0.06947584142881848,0.7473606623144247,5.396737462747584,0.09805272411801638,0
1924,21.20217,79.89805,7.945041752435213,34.421581166318866,0.0,0.28078044785174033,0.3872645062665767,0.3904787885542056,0.5967837900646772,2.3196719927587983,0.0,-1
1925,21.20217,79.92013,6.429987846004597,35.754981222285444,0.0,0.12729492801197886,0.21326233430809513,0.09226066918766182,0.6364373140029528,5.792721801073133,0.1316315783619392,-1
1926,21.20217,79.94221,5.48082177621654,37.08835530093113,0.0,0.30437800492495776,0.327684045166355,0.0,0.589968618247282,3.1833716929656717,0.0,-1
1927,21.20217,79.96429,5.404412974286238,38.4217033899374,0.0,0.22878187452748028,0.4523754290950825,0.2683278150745452,0.29990942825390865,2.387147974788994,0.10544222122026445,-1
1928,21.20217,79.98636,6.232941558998329,39.75502547697975,0.10527269371522935,0.0,0.3232334132629,0.1968465123913719,0.47367455797796704,0.25172232816284934,0.2303782337809695,-1
1929,21.20217,80.00844,7.678870346527679,41.088321549744435,0.0889528570060624,0.09695120344331754,0.4310775526598051,0.0,0.7039304698590513,0.0,0.17090867042876348,-1
1930,21.20217,80.03052,9.463305298244586,42.421591595904,0.0,0.0,0.0845077500023244,0.05813380481561062,0.6095376826160392,0.0,0.00674665650227476,0
1931,21.20217,80.0526,11.428772987050072,43.75483560313662,0.0,0.026826447783543608,0.3070342689132085,0.054610068090847015,0.5113268314633436,3.6298413010947765,0.018515067224814802,0
1932,21.20217,80.07468,13.496412985119008,45.088053559121676,0.0,0.0,0.0933515438957241,0.15506033297667815,0.7401336410659101,0.7004993456341171,0.0,0
1933,21.20217,80.09675,15.6257185623814,46.42124545153203,0.15565762984631343,0.07695310220890952,0.1482186449919618,0.08633958559734123,0.5869110888508438,0.0,0.0,0
1934,21.20217,80.11883,17.794566647160746,47.75441126804503,0.0,0.0,0.11220216892983353,0.27322228217308675,0.6454769011412864,1.9542776653007847,0.10461967344709641,0
1935,21.20217,80.14091,19.990090714217267,49.087550996334905,0.19278734209016163,0.007959207361488769,0.2692624606246077,0.1656384459282206,0.5952878105429645,3.765933843073215,0.0,0
1936,21.20217,80.16299,22.204379135282963,50.42066462407429,0.0,0.09495678784021712,0.1584004931487918,0.13346878390909683,0.6208216193944828,4.1123849759710165,0.0,0
1937,21.20217,80.18506,24.43233059705857,51.75375213893616,0.0,0.14727150947424597,0.0,0.0,0.6323652176036737,2.9535706416097884,0.0,0
1938,21.20217,80.20714,26.670521209793723,53.086813528591925,0.0,0.0,0.0,0.1531282059732387,0.7296071534720788,2.8664519790487044,0.10381495310760316,0
1939,21.20217,80.22922,28.91657345108059,54.4198487807153,0.0,0.003661765685676357,0.0,0.15093555534677316,0.7485796340206623,1.621427200800184,0.0,0
1940,21.20217,80.2513,31.16878777916806,55.752857882974666,0.0,0.030008347210714614,0.0,0.1778200577276095,0.48573817602503,4.666515802566962,0.0,0
1941,21.20217,80.27338,33.42591858695036,57.08584082304042,0.01145301173119311,0.24791539308102792,0.0,0.4514813785554252,0.5990102073309315,2.556115290578247,0.1316257127711515,0
1942,21.20217,80.29545,35.68703297544026,58.41879758858407,0.0,0.0,0.0,0.12940719509442328,0.7274189529417061,2.8151895750224973,0.0,0
1943,21.20217,80.31753,37.951418895835644,59.7517281672692,0.0,0.0,0.0,0.0,0.5312235751645618,5.710171726797373,0.0,0
1944,21.20217,80.33961,40.218523729585264,61.08463254676616,0.0,0.4488669782205031,0.39761501185814546,0.06037707920586388,0.3665091132137943,5.069093545673763,0.1341052015332114,0
1945,21.20217,80.36169,42.48791220430783,62.41751071474097,0.0,0.0,0.0,0.11210951882501717,0.42262112024164655,2.5281060285611616,0.0,0
1946,21.20217,80.38377,44.75923692418525,63.75036265886017,0.0,0.0,0.380925826739048,0.0841166105187856,0.4323437886877654,2.157203389976067,0.0,0
1947,21.20217,80.40584,47.03221732805609,65.08318836678878,0.0,0.0,0.08078555326169232,0.23203979265219413,0.4857761034835875,2.1359320927119128,0.14464179278612851,0
1948,21.20217,80.42792,49.30662439971145,66.41598782619002,0.0,0.0,0.0,0.19653814257003344,0.4454740735653281,0.0,0.0,0
1949,21.20217,80.45,51.58226938079908,67.74876102473067,0.24012805123019787,0.03860168576958253,0.0,0.23027572234746288,0.6940379215210962,5.856772631794663,0.4745123704914432,0
1950,21.22101,78.75,38.31326801967184,36.58830887430411,0.009016630315125004,0.13219781457577334,0.001688477572989306,0.0,0.5109074782767241,1.373911151705376,0.0,0
1951,21.22101,78.77208,36.47780003942335,35.32326248462821,0.03221922727155399,0.0,0.3794904288091618,0.18426260856399096,0.7260964366132359,5.399719269475472,0.0,0
1952,21.22101,78.79416,34.69642380497537,33.98856840702028,0.0,0.0,0.3129840450631026,0.09587141227833887,0.39114287675457915,3.31425239941758,0.2720206279445325,0
1953,21.22101,78.81623,32.977906182870704,32.653899683130994,0.0,0.15220122283524426,0.05683871413423264,0.37112254279366363,0.4997144415556905,6.857407296652306,0.0,0
1954,21.22101,78.83831,31.33259184959913,31.31925632523759,0.031244314976659887,0.0,0.0,0.10501899462210804,0.5635196309460143,4.653950523626184,0.032328413118477256,0
1955,21.22101,78.86039,29.772619540720896,29.98463834562322,0.0,0.0,0.0,0.06972233480678047,0.6620929853723507,5.693134523581673,0.0525211158529273,0
1956,21.22101,78.88247,28.312099621058625,28.650045756566566,0.1174055609602291,0.0,0.0,0.27036250867137235,0.7083223620965005,1.8336213110646231,0.0,0
1957,21.22101,78.90455,26.9671957303241,27.315478570348308,0.0,0.0,0.2615696556427741,0.21378816399137618,0.47240159913962965,0.09058491892446385,0.0,0
1958,21.22101,78.92662,25.756025655456234,25.98093679924997,0.0,0.0,0.33374570038976836,0.045133639648057396,0.6863449173631231,3.8853713602423943,0.3043457293434771,0
1959,21.22101,78.9487,24.69827164407468,24.646420455556104,0.0,0.0,0.04814974399949473,0.41385928551054996,0.3112743148694561,0.0,0.0,0
1960,21.22101,78.97078,23.814385159109772,23.311929551549657,0.04025970093388399,0.04980220723580977,0.0,0.0,0.6682081451037054,2.4583579913040863,0.2541618595011706,0
1961,21.22101,78.99286,23.12431216916384,21.977464099513142,0.0,0.0,0.321685648729858,0.11794505953357645,0.358012158492898,0.6904016285852594,0.07648498367110985,0
1962,21.22101,79.01494,21.44246065163057,20.64302411173476,0.0,0.11033033190867837,0.0,0.25957890188114646,0.6069200214898054,1.7249461532279065,0.020868572402082095,0
1963,21.22101,79.03701,19.359776363271532,19.308609600495867,0.011695369969638884,0.06036820987235217,0.03404517651335787,0.24777532352722198,0.7001479026554417,5.601991260786985,0.0,0
1964,21.22101,79.05909,17.32923761967961,17.974220578084935,0.0,0.06935814507512612,0.12684849833692366,0.1474941861164862,0.663077049358201,5.599424215172364,0.36568999985805745,0
1965,21.22101,79.08117,15.371523254754374,16.639857056787662,0.12066623124964612,0.0,0.0,0.35214859535335896,0.30508380934624174,3.9956340778655726,0.0,0
1966,21.22101,79.10325,13.518309589347497,15.305519048894674,0.1066164812488868,0.14126322809123454,0.0,0.23880406113290498,0.46637184657202935,5.475166020841296,0.0,0
1967,21.22101,79.12532,11.818856901714229,13.971206566691333,0.08680477214495379,0.02973166328105155,0.0,0.3237860439642617,0.6224739514607196,3.499944034614281,0.12292430234673944,0
1968,21.22101,79.1474,10.349192284213002,12.636919622468332,0.07005023424097656,0.08127513641999806,0.40521360414785057,0.20121634228473007,0.6107218801948209,11.519606311512037,0.0,0
1969,21.22101,79.16948,9.21986454359841,11.302658228515591,0.24760023917902219,0.30340712935632397,0.5325194875604513,0.15443196205721565,0.5456100161858503,6.345677827108938,0.0,0
1970,21.22101,79.19156,8.566547886501782,9.968422397123163,0.16157215375421782,0.04489659404956499,0.19147903341040717,0.4772588255734444,0.19380577282997813,4.438312802917027,0.04273925271022412,0
1971,21.22101,79.21364,8.499723679577794,8.634212140582733,0.20035274517331936,0.3907307332833099,0.11693679900597687,0.5744123536121003,0.6692203917847929,8.72420604414194,0.16323644077073415,0
1972,21.22101,79.23571,9.032418393584049,7.300027471187024,0.3087773568278549,0.4099068395784099,0.034865825667536196,0.13231544661815178,0.6982908897097242,10.22374813268007,0.34524211106970903,0
1973,21.22101,79.25779,10.069934494990633,5.9658684012269925,0.5735685256648129,0.29953880279353085,0.12856503255143326,0.045633612004544744,0.5355861998166511,5.625341916786473,0.36427829232592834,0
1974,21.22101,79.27987,11.162937971007368,4.631734942997923,0.30126563634728293,0.02925203667511475,0.0,0.2834080532354825,0.5508816267288078,4.691199973046073,0.0,0
1975,21.22101,79.30195,12.389130762435897,3.297627108794042,0.6695608558608124,0.0,0.06469697339339954,0.5513820444214835,0.5950611203575215,6.065830207126108,0.17867650942763774,0
1976,21.22101,79.32403,13.886610152935516,1.9635449109111123,0.4937175592223342,0.3915022715240984,0.1467035778000341,0.7271269755532631,0.7346975924505684,8.494001030967446,0.0,0
1977,21.22101,79.3461,15.577333688688064,0.6294883616425431,0.9264740782737984,0.26417183356072477,0.0,0.4702702708083607,0.570166647000793,11.250922921343125,0.0,0
1978,21.22101,79.36818,17.405077132924276,0.704542526713338,1.0,0.11936092903194484,0.0,0.5772686737933178,0.5122402137129816,7.086590223356378,0.0,0
1979,21.22101,79.39026,19.331013833348507,2.038547741859349,0.7705828455907564,0.3875076914904412,0.0,0.5642315641710958,0.5954364593923398,9.0883940459414,0.0,0
1980,21.22101,79.41234,21.32856021706646,3.372527271498768,0.5904927022544981,0.029780552320168047,0.0,0.6063140296294796,0.5427269702361898,8.646665885281523,0.0,0
1981,21.22101,79.43442,23.379368334932167,4.706481103330752,0.38913335033844004,0.07312245587123944,0.0,0.7990119269881202,0.5459725995354514,9.179600299985351,0.0,0
1982,21.22101,79.45649,25.470576013440972,6.040409225057079,0.3691358092364556,0.20276624986521719,0.16023522021760217,0.39420878873236537,0.2999128165518463,9.190687705469744,0.22365123428911016,0
1983,21.22101,79.47857,27.592999385457755,7.37431162437713,0.26232228289585185,0.0,0.0,0.44504417471495067,0.6211837092900478,8.010404078929735,0.13576137029933896,0
1984,21.22101,79.50065,29.73995594194678,8.708188288991199,0.1399331919287384,0.06710404903672024,0.31844308232603497,0.4354722828236055,0.7125964278419944,11.079676372784828,0.0,0
1985,21.22101,79.52273,30.13481475069133,10.042039206595774,0.15277179085276366,0.24591381279713267,0.030444502465547297,0.0526989531153578,0.691534539043213,8.793650933777776,0.0,0
1986,21.22101,79.54481,28.128063336927294,11.375864364888775,0.17397722583665745,0.09474887173789728,0.12681217488307836,0.46706597322791005,0.6812978095529391,6.11983470832974,0.18966126821303658,0
1987,21.22101,79.56688,26.167767971359993,12.70966375156798,0.0281725379557521,0.25171679347826836,0.15188330107515072,0.1799128722356128,0.5400273054950644,2.6692261532984873,0.0,0
1988,21.22101,79.58896,24.265190348888677,14.043437354327938,0.0,0.22632442810145278,0.0,0.3212034526610466,0.566889917802367,3.1342091011110456,0.0,0
1989,21.22101,79.61104,22.435019392388295,15.37718516086522,0.0,0.0405604483759669,0.0,0.34610255746519586,0.712041611679658,0.9155811695687257,0.0,0
1990,21.22101,79.63312,20.696472638190563,16.710907158873386,0.10860675985199132,0.0,0.0,0.194578106167389,0.6650767400581186,4.804286453795595,0.07984279682861081,0
1991,21.22101,79.65519,19.074619726168237,18.044603336047118,0.11485712052865252,0.0,0.0,0.24900685596853034,0.7497652830152707,5.073537714320268,0.0,0
1992,21.22101,79.67727,17.601747370310946,19.378273680078454,0.06736813521731211,0.1535171247420637,0.17244034289628038,0.3570239594334315,0.4451789280962731,6.366642443751223,0.03821037560594396,0
1993,21.22101,79.69935,16.318246201086975,20.711918178661602,0.14750309973144854,0.0,0.0,0.0,0.44176736301091885,4.596163048220581,0.02543874619028002,0
1994,21.22101,79.72143,15.271937149988506,22.04553681948679,0.03591238548293855,0.0,0.17138039711846573,0.0,0.4877508904397193,6.517398376676906,0.10247684430055,0
1995,21.22101,79.74351,14.514207757552338,23.379129590243732,0.06735375602574573,0.08752407393964114,0.0,0.2043306813000413,0.40017392797996826,6.463711596950006,0.037729534467903905,0
1996,21.22101,79.76558,14.091687161743296,24.712696478623347,0.05272479125122123,0.26865199833656245,0.0,0.24379640075958342,0.3458960078341313,0.9046907586574786,0.0,0
1997,21.22101,79.78766,14.034682940919419,26.046237472316037,0.002038180417961869,0.0,0.2957829306848211,0.04959423682951403,0.5963266037773913,2.151211370810646,0.09335365312629522,0
1998,21.22101,79.80974,12.830537039441595,27.37975255900882,0.0,0.0,0.04342276827618327,0.15481511215063842,0.5825089452342345,3.40087018074061,0.16197345649207318,0
1999,21.22101,79.83182,11.272021332373612,28.713241726390077,0.27404792523151233,0.04330780761219211,0.0,0.29131822970689025,0.5539129945756472,1.534619225809819,0.26730947856866993,0
2000,21.22101,79.8539,9.998148050987515,30.046704962147842,0.0,0.12358354557633672,0.0,0.39984575383734305,0.5617375520510853,2.6867635026855363,0.0,0
2001,21.22101,79.87597,8.801951583993315,31.380142253966678,0.0,0.0633301414730496,0.0,0.023647470124325477,0.29895673098359266,4.058692355133243,0.2265100598953068,0
2002,21.22101,79.89805,6.725021724434559,32.713553589532495,0.0563677893996667,0.3116762250669179,0.033179548123187186,0.13694585943390683,0.41759128654268146,2.917495132204376,0.0,-1
2003,21.22101,79.92013,4.842494535623743,34.04693895653033,0.0336549494960482,0.09919071167573965,0.5431241374998854,0.051949037036434845,0.41968284400040823,3.2055945420014815,0.32976817870786806,-1
2004,21.22101,79.94221,3.48509117691787,35.380298342644814,0.0,0.3360406705010742,0.3079993054748864,0.08009443254479481,0.444906150460802,0.72572985120869,0.1561094515593747,1
2005,21.22101,79.96429,3.36366451448071,36.713631735558245,0.13692218114092325,0.3972606711698464,0.34108758066171224,0.235823305320001,0.23146111687910503,4.4690243706984525,0.3943861571362436,1
2006,21.22101,79.98636,4.577651003229169,38.04693912295243,0.0,0.1769211577142491,0.0,0.0,0.32685070383975473,4.2577879359283175,0.42009282315124086,-1
2007,21.22101,80.00844,6.408417085975921,39.38022049251245,0.0,0.2872778558259437,0.0,0.20726397798838603,0.4201587507048153,1.1307266431031031,0.1408697071520586,-1
2008,21.22101,80.03052,8.464809572314925,40.71347583191577,0.143784046648706,0.11574037364769843,0.40967664483513727,0.5265803905286424,0.6493704247592402,0.0,0.05476249911783413,0
2009,21.22101,80.0526,10.616518391391176,42.04670512884181,0.0759858798518645,0.18028959725144778,0.23954532235835083,0.04165224844617821,0.5525754691271838,6.282830309918515,0.017966001169221296,0
2010,21.22101,80.07468,12.815623033068444,43.379908370974164,0.0,0.06261317346267273,0.0,0.3218989363059213,0.6693925020873627,7.617857817512626,0.0,0
2011,21.22101,80.09675,15.041349440944828,44.71308554598811,0.21384211574475012,0.07861621082413385,0.0,0.25900309078925476,0.5165553911168166,3.6728508769082904,0.1894272824244293,0
2012,21.22101,80.11883,17.28341573253694,46.04623664156314,0.07952026606818735,0.0,0.02870741149303053,0.2924578565090996,0.5389178820646167,2.113605514383122,0.0,0
2013,21.22101,80.14091,19.536196954659417,47.3793616453754,0.0,0.0,0.0,0.16476031678826658,0.6121624296504242,5.766876526323932,0.0,0
2014,21.22101,80.16299,21.796370972974742,48.712460545103234,0.19112415943736916,0.19969547625047396,0.0,0.33911990633233713,0.5199016988719918,4.263054547099637,0.1428483929126639,0
2015,21.22101,80.18506,24.061854583234663,50.045533328419985,0.019354286303034467,0.10399208294023723,0.0,0.0,0.4589128740718537,2.486779194126643,0.1337859815790555,0
2016,21.22101,80.20714,26.33127730678996,51.37857998299965,0.0,0.0,0.12118829095463855,0.17083309490858828,0.33894628667759585,5.546845672994511,0.007277363474687058,0
2017,21.22101,80.22922,28.603701530239583,52.71160049652022,0.0,0.029870122377547877,0.12278174633928772,0.21555442270247366,0.46459090601491393,0.9206960587466244,0.0,0
2018,21.22101,80.2513,30.878464557433322,54.04459485665097,0.06994454868077012,0.0,0.17796386388418373,0.3203091291837823,0.6659021644114692,1.2261053736033218,0.0,0
2019,21.22101,80.27338,33.15508495769886,55.377563051065955,0.05729044914831313,0.0,0.0,0.11466594131650398,0.7256978815518244,3.9645851882021548,0.0,0
2020,21.22101,80.29545,35.4332046782993,56.710505067438305,0.0018401686993782067,0.1540796723502868,0.012854444800512909,0.0,0.44121316852320447,3.3135351373511646,0.031838372646806716,0
2021,21.22101,80.31753,37.71255196942708,58.04342089343819,0.0,0.0,0.0,0.0859125295871785,0.3069040994637786,4.671160560197913,0.0,0
2022,21.22101,80.33961,39.992916899396654,59.376310516735174,0.015641955675626647,0.01904961965108049,0.0,0.0,0.6794706948735239,6.114935976571104,0.06791410438409316,0
2023,21.22101,80.36169,42.2741347463013,60.709173924997856,0.0,0.0,0.0,0.1574058190702234,0.5595275822066768,0.0,0.011613926203706427,0
2024,21.22101,80.38377,44.556074464321654,62.04201110589701,0.0,0.0,0.0,0.13573651120339847,0.36129433347174433,3.110403323140568,0.20596574152234562,0
2025,21.22101,80.40584,46.83863050546672,63.37482204709895,0.0,0.05422039880543305,0.0,0.14492204345375195,0.11440806061888148,7.950681233495359,0.11220056511394025,0
2026,21.22101,80.42792,49.1217169117357,64.70760673627107,0.0678391215211163,0.07452662761129737,0.23247156129819246,0.0,0.41506685815302474,1.4557490123109313,0.0,0
2027,21.22101,80.45,51.40526297559534,66.0403651610809,0.0,0.15404386673464124,0.06606785554259134,0.5445749093763106,0.4851495427787974,1.1475100617985603,0.0,0
2028,21.23986,78.75,39.57050807197006,38.33150913564103,0.02632989609229307,0.0,0.0,0.1866536770906535,0.3884954571293676,0.0,0.0,0
2029,21.23986,78.77208,37.79637520504882,37.03046610377995,0.0,0.0,0.09545539578738599,0.1781595724652091,0.6464994084027993,3.4115533388536554,0.22101199234490398,0
2030,21.23986,78.79416,36.08038320755539,35.6957865362893,0.15959726392242216,0.0,0.0,0.15816378470996112,0.4357513513298203,4.680089903312527,0.04712140658890547,0
2031,21.23986,78.81623,34.43122612991527,34.361132326214715,0.0,0.0,0.0,0.3319298364178043,0.5510923777331701,4.702005349092426,0.09561150853242616,0
2032,21.23986,78.83831,32.85896867067692,33.0265034858311,0.08320686467926328,0.0,0.0,0.0,0.8814517064723015,0.5330440668715619,0.0,0
2033,21.23986,78.86039,31.37517366197437,31.69190002741887,0.0,0.0,0.11005064322586998,0.046585583189059476,0.5653730152522192,3.2433873488161216,0.07765164379627382,0
2034,21.23986,78.88247,29.992973098776563,30.357321963253728,0.019998170837009978,0.0,0.0,0.27666642972199024,0.5324782581703117,3.884588510064199,0.0,0
2035,21.23986,78.90455,28.727035396847267,29.02276930561428,0.09635017773714386,0.24860317164198073,0.0,0.22046112015173366,0.5353240315948777,3.4933706905306328,0.1498232036600006,0
2036,21.23986,78.92662,27.59336706378634,27.688242066779335,0.0,0.0,0.23164858624438012,0.0,0.6416494353799859,0.5686037589174262,0.0,0
2037,21.23986,78.9487,26.608879461774656,26.353740259030157,0.13195894964672739,0.04542300787179762,0.0,0.09113728888520192,0.6239404498908883,3.682441915279183,0.0,0
2038,21.23986,78.97078,25.790661965225738,25.019263894647302,0.0,0.0,0.0,0.20987071601072227,0.4067844345520264,1.4405238914640885,0.3624145114421883,0
2039,21.23986,78.99286,24.392201439157137,23.68481298591059,0.05465464151966311,0.0,0.14797739162574006,0.0464582401464515,0.4890072516138899,0.0,0.0222401209069039,0
2040,21.23986,79.01494,22.350252327850363,22.35038754510552,0.1348283097259829,0.16788329354534037,0.0,0.1413755486497299,0.45175153038290694,5.522545369906679,0.018333039859552758,0
2041,21.23986,79.03701,20.360904749003044,21.015987584510754,0.10932152567400413,0.0,0.0,0.31510776705546995,0.5037116732622506,4.235291983442918,0.0,0
2042,21.23986,79.05909,18.441189818862927,19.681613116412066,0.2675915269154536,0.0,0.08912803916555206,0.46037056119844966,0.7964754399232641,5.5493603967183445,0.10321409876934037,0
2043,21.23986,79.08117,16.615261050496088,18.347264153092457,0.0,0.028270391135700814,0.0,0.2617043918049671,0.6239003497064228,2.782333574480546,0.14783621724506496,0
2044,21.23986,79.10325,14.917596889660794,17.012940706839554,0.0,0.08469376660724706,0.09732748051308926,0.45073488654393334,0.5221892111015161,5.988211246263987,0.0,0
2045,21.23986,79.12532,13.359455789217813,15.678642789936625,0.0,0.0,0.0,0.1721657112523591,0.7026550568308887,7.233948039927846,0.15778102756810305,0
2046,21.23986,79.1474,11.579468222668606,14.344370414671355,0.170816072879611,0.0,0.2685361813226492,0.3991215065157713,0.5473537653036924,9.388706024391237,0.21288317555417324,0
2047,21.23986,79.16948,10.007985518806368,13.010123593331269,0.17411646788861057,0.0,0.23900075086038708,0.3246935410873505,0.28294807068326056,7.236530633575031,0.12422682738224769,0
2048,21.23986,79.19156,8.757975172479528,11.675902338203118,0.1551174318331126,0.022267598574383082,0.2456657460398634,0.36153942830614866,0.7364921255310767,6.459815399338943,0.0,0
2049,21.23986,79.21364,7.981926441012838,10.341706661576186,0.043664651064641846,0.04689738761450479,0.0,0.4550860170901637,0.4752256767979898,2.2646602813234904,0.0,-1
2050,21.23986,79.23571,7.822201490789302,9.007536575740195,0.314874138407082,0.34241100446142136,0.17226362504884601,0.36198891187606436,0.17985121162355028,6.031177983790101,0.3448042139083456,-1
2051,21.23986,79.25779,8.314396462126009,7.673392092984298,0.1313791032509513,0.0,0.0,0.5282545405634427,0.27602424151430205,3.137829498136317,0.07825638085278115,0
2052,21.23986,79.27987,9.356185475674097,6.339273225600172,0.48672864835008883,0.2336595236279605,0.1386097696542163,0.4585916801183817,0.6658220172677336,5.32073045578503,0.06222275744626575,0
2053,21.23986,79.30195,10.789526874706953,5.0051799858796455,0.7771157791018294,0.20959254560231538,0.0,0.1402296864791143,0.2952065273207764,13.24396125300579,0.0,0
2054,21.23986,79.32403,12.480233913647178,3.6711123861157726,0.5863196171978833,0.34478509230662824,0.0,0.5575620318395512,0.7139063682572996,6.325513053740464,0.0,0
2055,21.23986,79.3461,14.337546894925577,2.3370704385989596,0.7473605114423915,0.18618131819375228,0.29682133053639154,0.5550542337841808,0.5430132315583661,3.850982711364617,0.20246619478854574,0
2056,21.23986,79.36818,16.304628989363234,1.003054155625427,0.7869077811157342,0.35985039027511556,0.1150805479499136,0.7084629283491597,0.6367364354922213,13.16505344197055,0.2463922295691432,0
2057,21.23986,79.39026,18.346205708834297,0.3309364505103491,0.7291118382004134,0.21995494748374264,0.0,0.6445243405895604,0.5046479785515319,9.925099661810739,0.1312570457925634,0
2058,21.23986,79.41234,20.439967266889905,1.6649013675149562,0.6853616963790216,0.2770587859269594,0.0,0.5413505912950073,0.616640739361911,12.476840014490888,0.09028769063951822,0
2059,21.23986,79.43442,22.571396030712762,2.998840583089956,0.4755004457560593,0.0,0.0,0.6274501024840629,0.5896714966601645,6.407274533459756,0.10136698903358368,0
2060,21.23986,79.45649,24.730754797013034,4.332754084940138,0.31207812577481,0.0,0.04894950015780466,0.4372993018096143,0.5413626953118854,7.453788394514546,0.0,0
2061,21.23986,79.47857,26.91132107569093,5.66664186076699,0.5955803648494152,0.1844217959310187,0.0,0.36769948043788225,0.39858369651615505,10.904406902006766,0.0,0
2062,21.23986,79.50065,29.108329120731828,7.000503898273517,0.3441205745846971,0.17371664055386168,0.31335308183623634,0.176039159808824,0.5986304690316744,3.6973483079808607,0.0,0
2063,21.23986,79.52273,31.16272784925261,8.334340185159519,0.2948728785071626,0.16459596980816585,0.0,0.3827579825291767,0.29450643831951334,6.1249894631744795,0.21045779819191504,0
2064,21.23986,79.54481,29.22689512686492,9.668150709125321,0.1625335769701161,0.0,0.01568193232903732,0.3255098193592778,0.6788772745944064,6.831409730404902,0.0,0
2065,21.23986,79.56688,27.34573276759633,11.00193545787172,0.13908365108492238,0.3023556139436658,0.0,0.41302882695807863,0.575481912130062,3.780592124864591,0.07661422201303433,0
2066,21.23986,79.58896,25.531328100732658,12.335694419095375,0.2437174060686163,0.0,0.0,0.6184838668218711,0.6121495212418753,5.914638642552467,0.03419653966516057,0
2067,21.23986,79.61104,23.798954653210206,13.669427580495569,0.09858414327972398,0.11457177791870785,0.04596309520202454,0.42805778456132443,0.1798451299190476,5.011404660004598,0.042618407052943785,0
2068,21.23986,79.63312,22.16785254024828,15.003134929769178,0.14572539393830758,0.13640463657009522,0.0,0.24449869374013383,0.3874260117289977,6.089099709708025,0.05643433422021211,0
2069,21.23986,79.65519,20.66201943230015,16.336816454613295,0.04216986720891086,0.3117199775739199,0.0,0.1797694193119524,0.47280328765138474,9.254953036380957,0.11349537191575225,0
2070,21.23986,79.67727,19.310782639703408,17.67047214272298,0.011539573811325483,0.0,0.08927432325695686,0.14456030158316446,0.636311656148369,11.218989292315484,0.0,0
2071,21.23986,79.69935,18.148705868553414,19.004101981794538,0.0,0.0,0.3324781338379571,0.10515473684395088,0.4082928096848596,5.294089041125181,0.19310384881598697,0
2072,21.23986,79.72143,17.21414080050731,20.33770595952093,0.0,0.0,0.06397357589915968,0.2726429406535836,0.895369661200066,3.652368862637834,0.0,0
2073,21.23986,79.74351,16.545684730074612,21.671284063595188,0.0,0.2770160093824241,0.26833744397254383,0.0,0.5004476413370119,4.956409317157403,0.04450900852912695,0
2074,21.23986,79.76558,15.450627805538236,23.004836281710645,0.0283995400491063,0.09728032907245851,0.1725227723395215,0.20389099882253303,0.392531458321391,3.0946364666624913,0.0,0
2075,21.23986,79.78766,13.424892408075914,24.338362601560412,0.0,0.11057110553927751,0.28653735801580593,0.2233647586408451,0.5024956385886923,0.0,0.0,0
2076,21.23986,79.80974,11.49786709661333,25.671863010834542,0.009724463949578413,0.5511067716188414,0.0,0.2773886361518344,0.3874376021669727,3.398200541334848,0.0,0
2077,21.23986,79.83182,9.728388115847686,27.005337497223525,0.017549426118364474,0.12644529027290846,0.09504480467591533,0.07359182605584949,0.34466774673829326,6.261322307988421,0.047321313102887605,0
2078,21.23986,79.8539,8.218850259364716,28.338786048418115,0.0,0.0,0.13896325630236234,0.10145776521696134,0.6407060164174244,0.0,0.18453998293592755,0
2079,21.23986,79.87597,7.136164310091918,29.672208652106203,0.0,0.10074930340947862,0.32783003258554333,0.38847202699781924,0.5609705237257497,0.77304142704536,0.10328836672147487,-1
2080,21.23986,79.89805,6.008826813526799,31.005605295976107,0.054569890387694095,0.01619850558750524,0.42678041916186377,0.008710019554295144,0.5487924922430212,1.7740487518799954,0.43948448696580056,-1
2081,21.23986,79.92013,3.7858444579037673,32.33897596771591,0.051009799531000044,0.23213406223340058,0.4269406062208734,0.1672089207682506,0.6223307788351531,4.215680598953906,0.36466736253499765,1
2082,21.23986,79.94221,1.7407382913644274,33.67232065501233,0.0,0.42465972814687425,0.7582985657460427,0.32685327003563086,0.46849977836067613,9.393692556548558,0.3891439208030818,1
2083,21.23986,79.96429,1.4827860648343412,35.00563934555042,0.02193931476549479,0.4269109582372097,0.4982831783144419,0.2511816413767631,0.24435533771386894,1.0798752743363829,0.4444787292445662,1
2084,21.23986,79.98636,3.440649999748204,36.3389320270153,0.12503147918769966,0.09705683665387305,0.6050394765765212,0.0,0.536493614919089,3.3959078559767946,0.3223615812727072,1
2085,21.23986,80.00844,5.65229363455413,37.67219868709447,0.0951245930880787,0.43959921436303084,0.4894280394218986,0.0,0.3143077223097781,3.1519148470583898,0.25192345072865185,-1
2086,21.23986,80.03052,7.907572753591039,39.00543931346783,0.0,0.15359730789217108,0.32547023082653503,0.20656414547274082,0.4295367508659289,2.334802855711271,0.0,-1
2087,21.23986,80.0526,10.177520444139873,40.338653893818716,0.0,0.02443042588460332,0.15256605822687866,0.19556455635558423,0.5069256142323759,2.97776247016317,0.14007923534627803,0
2088,21.23986,80.07468,12.454118561488164,41.671842415831655,0.0,0.15592171980037076,0.22577977816125236,0.0918988842708949,0.5043007166914766,1.8794580278613007,0.0,0
2089,21.23986,80.09675,14.734284716501376,43.00500486718585,0.056909621767717584,0.09537756439118455,0.0,0.11724319024311666,0.28207397874865925,10.207431632759421,0.0967705524112495,0
2090,21.23986,80.11883,17.016584618314308,44.338141235563235,0.024030064025892642,0.05574383643855102,0.07593143928446913,0.10497036215522357,0.4028045392462062,5.0144246964680255,0.1814306719987491,0
2091,21.23986,80.14091,19.300261283900074,45.67125150864266,0.07602302432706107,0.11644828811590946,0.08404024277477726,0.22062911052183543,0.5388314449460618,1.8703084581342908,0.05077704806159397,0
2092,21.23986,80.16299,21.584877696057433,47.00433567410552,0.01622087357366754,0.025531643493590148,0.0,0.2109759917104593,0.4590253254233577,6.125847558681484,0.0,0
2093,21.23986,80.18506,23.87016398837531,48.33739371962726,0.09856879341386521,0.10974992727412435,0.10534576219687847,0.04218902234285592,0.7039328394752091,3.7092521351584833,0.0,0
2094,21.23986,80.20714,26.155944537258,49.670425632884644,0.011605046054299165,0.1220853443473778,0.0,0.23434563367517608,0.7290906017794707,3.1867543115838046,0.09043243396234266,0
2095,21.23986,80.22922,28.442100139356647,51.00343140155897,0.09436599797446776,0.02707306956676949,0.0,0.0,0.39139884480911724,2.557882183419354,0.0,0
2096,21.23986,80.2513,30.72854704507626,52.33641101332195,0.10466157362710563,0.0,0.010949166038263354,0.0,0.5571721613780104,2.376750575817428,0.09768799799167933,0
2097,21.23986,80.27338,33.01522469242478,53.66936445585066,0.0,0.24536391910828112,0.0,0.254742432342522,0.7707651649080267,0.0,0.15762822147041056,0
2098,21.23986,80.29545,35.30208820261448,55.00229171682039,0.0,0.0,0.017815608329437224,0.330770484056289,0.5306525901578404,0.0,0.18165766424145074,0
2099,21.23986,80.31753,37.58910361230921,56.335192783904034,0.1853027651496648,0.06289100443197641,0.014172303405918562,0.0,0.49264247394488714,3.9811338977248236,0.0,0
2100,21.23986,80.33961,39.87624474516815,57.66806764477446,0.030866012407946435,0.0664455307123487,0.0,0.20820503906474086,0.6701711033262053,2.515427457131662,0.07016877194079817,0
2101,21.23986,80.36169,42.16349110083105,59.000916287102754,0.0,0.0,0.11396964872726388,0.062474200992565655,0.5114342742476725,5.294120979041571,0.03342679484170772,0
2102,21.23986,80.38377,44.450826395225484,60.3337386985624,0.0,0.0,0.0,0.2822019897900834,0.7278006063086637,0.6972910019961986,0.0,0
2103,21.23986,80.40584,46.7382375292437,61.66653486682272,0.09265930470342226,0.0,0.45775799812967455,0.1346225536878125,0.46665269112982344,0.15486438114897583,0.1192041079644891,0
2104,21.23986,80.42792,49.02571384597482,62.99930477955297,0.0,0.0,0.0,0.6138608170061336,0.48350113949521917,5.026273048014513,0.2224768589409124,0
2105,21.23986,80.45,51.31324658653322,64.33204842442436,0.0,0.0,0.0,0.13767503200334,0.6605832817396146,2.2391979298635025,0.11030439898314501,0
2106,21.2587,78.75,40.896472930433724,40.07228044593605,0.1693632179242466,0.0,0.0,0.23444691730582934,0.5638569192557649,5.329755114784241,0.0,0
2107,21.2587,78.77208,39.18264740703381,38.737590046188835,0.0,0.04460986891852376,0.2301604476044785,0.4044065668947061,0.5648851755511257,3.208607640895797,0.11840156417616932,0
2108,21.2587,78.79416,37.53030888980487,37.402924995281744,0.0,0.20494463597713392,0.0,0.3020805858029913,0.28230944772348276,8.022607383922166,0.20763645560947455,0
2109,21.2587,78.81623,35.94793712048069,36.06828530548523,0.027817078713197354,0.09155002791147555,0.0,0.027682783933652443,0.5000220632902264,5.128522011155402,0.18662224928662152,0
2110,21.2587,78.83831,34.44517605748174,34.733670989072024,0.04991580139186307,0.0,0.17226733294342605,0.19856824926566966,0.6703228446285476,4.2550895492934195,0.1643366746935956,0
2111,21.2587,78.86039,33.03289267753866,33.399082058319294,0.06338495230547654,0.10664717259276305,0.0,0.2434351097784352,0.43946771678225705,5.29988403552571,0.0,0
2112,21.2587,78.88247,31.723173235081568,32.06451852549975,0.11412487810042693,0.0,0.13318508079330824,0.17654080213886245,0.6470823452847584,2.545718460065395,0.06379539599421227,0
2113,21.2587,78.90455,30.52922075062279,30.729980402889584,0.029795525120376556,0.07822291983480847,0.19022078522515232,0.17321982863363306,0.5862847564836424,0.0,0.10341728949729875,0
2114,21.2587,78.92662,29.4651115506639,29.395467702764627,0.06617828288990175,0.004553464010049246,0.058663626686759604,0.11412473260607532,0.5205666429083494,4.281785836086756,0.16634004585742543,0
2115,21.2587,78.9487,28.545370176164074,28.060980437404346,0.0,0.0,0.48363878458104653,0.19838369660572447,0.7383683487229341,8.446387229653649,0.08270077210423003,0
2116,21.2587,78.97078,27.375360403934987,26.726518619085688,0.019150860679475946,0.0,0.0,0.07575366706921377,0.5003347744709115,0.0,0.24859292436878666,0
2117,21.2587,78.99286,25.224032608665414,25.392082260086084,0.02742721734565296,0.008239961697767376,0.0,0.41591142096469247,0.5091922885347586,4.75551068568487,0.0,0
2118,21.2587,79.01494,23.00162174646379,24.05767137268804,0.043952210554169216,0.22984827548453204,0.0,0.32202812218847393,0.5161146015667682,0.0,0.09031538383907432,0
2119,21.2587,79.03701,20.793333104449395,22.723285969168117,0.11536341044408474,0.015599113268057421,0.47048179742621743,0.1585294450271218,0.5550223596093935,3.660070209301084,0.0784802043895028,0
2120,21.2587,79.05909,18.604196268873974,21.38892606180909,0.09491953263977314,0.19810003317603372,0.38676824347133926,0.22738357622381475,0.6483705182239068,4.042430533446701,0.14787515841272025,0
2121,21.2587,79.08117,16.44186292089445,20.054591662891266,0.040656922087859045,0.18306672979548885,0.2979910756817665,0.0,0.3309322124443934,5.911233758384013,0.2531213439660523,0
2122,21.2587,79.10325,14.318481608443195,18.72028278469987,0.0,0.15172305730167207,0.0,0.2994773361683996,0.6531345586711621,4.670760241305516,0.0,0
2123,21.2587,79.12532,12.254317519719612,17.385999439514862,0.06327231359135443,0.0,0.0,0.15438181238241605,0.5335899696084363,7.875162062182301,0.26247854761075023,0
2124,21.2587,79.1474,10.285086498959403,16.051741639621532,0.06552469529946685,0.26960563684478683,0.0,0.317831484167994,0.5915426098931564,7.54504084994926,0.16744136393808684,0
2125,21.2587,79.16948,8.47720683306678,14.717509397304406,0.1092239183796612,0.05653911851899135,0.014594922149517048,0.09837476812553098,0.8361702321837382,4.242729500308263,0.03217067564923291,0
2126,21.2587,79.19156,6.957614011735494,13.383302724848429,0.37225229381051184,0.2931600943546325,0.524327677893656,0.14491057301763458,0.4156453702255677,7.879801161042655,0.0,-1
2127,21.2587,79.21364,5.951392768678243,12.049121634539285,0.07137909122855701,0.06922942218202216,0.2223608243524427,0.11179525311345462,0.30437175751174433,4.546231148911815,0.15923784578891848,-1
2128,21.2587,79.23571,5.7354237330001245,10.71496613866429,0.21833291684370737,0.054681728474076624,0.259672264813712,0.2749047852463907,0.5002389742542667,4.475851311652092,0.18167200722414395,-1
2129,21.2587,79.25779,6.390338122168164,9.38083624950959,0.33762304362545403,0.5454006928043367,0.4051953472558889,0.3448343465159525,0.5303616713691244,3.0423392907698767,0.1673508593081819,-1
2130,21.2587,79.27987,7.6969528702884915,8.046731979364761,0.2733122730866735,0.047807087580634705,0.0,0.22378563461459827,0.6165747419432162,10.091954538192393,0.0,-1
2131,21.2587,79.30195,9.386962850269281,6.712653340518629,0.6072209647040118,0.36316423069510384,0.15569709413913443,0.7964913055780105,0.4327884801293697,6.48891138762892,0.14539302723930045,0
2132,21.2587,79.32403,11.289481163694868,5.378600345261838,0.362657608792935,0.19117592519753906,0.0,0.44030603246632927,0.4033152032117416,1.6551520769005812,0.0,0
2133,21.2587,79.3461,13.313715593219897,4.044573005881487,0.5485078671072415,0.11045800224024675,0.012206268403872338,0.593664727596295,0.3136394954181122,10.151486489375191,0.21025037864822285,0
2134,21.2587,79.36818,15.411780702860137,2.7105713346713913,0.5406490212354823,0.1868926700196092,0.0,0.5164423934864416,0.34322281355692924,8.531093415806845,0.28219832317102794,0
2135,21.2587,79.39026,17.557228379616948,1.3765953439230174,0.7528016145031042,0.011611003375339934,0.0,0.567240690770564,0.4810452731422481,9.947118577440516,0.0,0
2136,21.2587,79.41234,19.734611051048873,0.04264504592797124,1.0,0.2518703032756204,0.0672367694772449,0.96641579893851,0.5262206441162026,11.349012910137922,0.012073246225165011,0
2137,21.2587,79.43442,21.934420387392677,1.2912795470189198,0.9079259447106924,0.042613084488512254,0.059070947508098354,0.5708406617411197,0.8339502929901583,9.922041792718298,0.15687475658962777,0
2138,21.2587,79.45649,24.15052876780731,2.6251784226248556,0.6839207070787202,0.11858362541432205,0.0,0.5179677206435476,0.30946596580837327,16.815220740736653,0.04484607226919187,0
2139,21.2587,79.47857,26.378828583534315,3.9590515685940337,0.6680268225423937,0.30148441540295967,0.08074605840897779,0.7839474761148597,0.594492038231537,13.119973517555543,0.0,0
2140,21.2587,79.50065,28.616471979481044,5.2928989726324716,0.4024963200005622,0.17026139963690975,0.0,0.18453125378243346,0.446671906913829,9.816281563944461,0.13856459437599836,0
2141,21.2587,79.52273,30.86142658231613,6.6267206224420745,0.2915317357308266,0.0,0.139242609014365,0.4368373714000582,0.580033979579796,7.937377323189961,0.0,0
2142,21.2587,79.54481,30.43045618711598,7.960516505725891,0.5898156936252177,0.22903548558318187,0.0,0.318291198444174,0.4712926814922766,9.65105760444283,0.03219232559058905,0
2143,21.2587,79.56688,28.628725811646163,9.294286610188024,0.25975869725295375,0.0776801861022171,0.0,0.31195110931071207,0.6932602309683523,6.8379198497955835,0.0,0
2144,21.2587,79.58896,26.901222917132436,10.628030923527547,0.08376736728522571,0.0,0.0,0.22879711904234068,0.6918279760117491,7.884294602762119,0.1274568634014156,0
2145,21.2587,79.61104,25.263179216623215,11.961749433446759,0.05288916296675332,0.1768737479418704,0.0,0.3727612037473375,0.5311981541764283,6.833855375399914,0.0,0
2146,21.2587,79.63312,23.733125212159504,13.295442127644646,0.0,0.02267731465754707,0.3848198754738249,0.24074983341255432,0.7476459342066841,5.3880340186902185,0.14486305800532082,0
2147,21.2587,79.65519,22.333267125620765,14.629108993821024,0.19970752940394654,0.0,0.001128266656834664,0.4352265230265623,0.6515791256145469,7.21620847322918,0.0,0
2148,21.2587,79.67727,21.08954693410091,15.962750019674264,0.026190894112444893,0.3334897922133099,0.0,0.20011605851316908,0.7390082450304589,3.434974915622917,0.0,0
2149,21.2587,79.69935,20.031069405462127,17.29636519290309,0.07126535915817378,0.031020731293867117,0.20472346225983148,0.20801141599920941,0.5368628416792858,4.46904417963581,0.06824626665523992,0
2150,21.2587,79.72143,19.063993428161822,18.629954501203493,0.03720381753823816,0.0177186542015655,0.0,0.10490214982659275,0.6749124759731037,1.5891406850095655,0.0,0
2151,21.2587,79.74351,16.85280686626866,19.963517932270598,0.12367065325663067,0.0,0.09410673562190858,0.3962054716192772,0.43038772526831814,1.7329459204143727,0.29339186392280386,0
2152,21.2587,79.76558,14.66507368695435,21.297055473800473,0.0,0.22542311844832064,0.0,0.1680760112863785,0.4108882610134237,0.0,0.04030120944396963,0
2153,21.2587,79.78766,12.513101441828153,22.630567113489544,0.0,0.0,0.338383197543378,0.2884853809377342,0.8303270133124606,4.915200827982602,0.0,0
2154,21.2587,79.80974,10.419072164289787,23.964052839030284,0.04534137765896956,0.0,0.002177687930943431,0.38622797803662756,0.3627511996468562,5.529805577205591,0.0,0
2155,21.2587,79.83182,8.426295650904423,25.29751263811592,0.08686895098811942,0.0,0.4524447257320975,0.11689329392399893,0.43984149327033395,6.363483819269,0.06583892898277073,0
2156,21.2587,79.8539,6.626755565374431,26.6309464984402,0.0517176286181983,0.3643195404994525,0.029933935970394288,0.18246414324087382,0.21800103808196863,0.6005305688335167,0.2647280988204633,-1
2157,21.2587,79.87597,5.224113137627826,27.964354407693143,0.0,0.3438945812565909,0.2508614345246246,0.0,0.3478462736428557,4.546317246490994,0.014227829023635952,-1
2158,21.2587,79.89805,4.597267120373413,29.29773635356581,0.08887277101715764,0.2032562589061079,0.626798024396636,0.5323746182212514,0.3178528878463156,3.345273557962503,0.12920781475499493,-1
2159,21.2587,79.92013,3.7407670998671416,30.631092323749595,0.0,0.5195372115869178,0.43887191539747433,0.0,0.34894215479573903,5.217035752989715,0.23247484339096178,1
2160,21.2587,79.94221,1.6408336921885338,31.96442230593363,0.0,0.6219040334690429,1.047936307389841,0.0,0.4398370447053607,1.5644147239655524,0.6848181712871508,1
2161,21.2587,79.96429,1.3641577038234451,33.29772628780602,0.0,0.4945121110543994,0.5704419645592055,0.14468213234485974,0.46641810405520234,2.3482014420074595,0.6339169136671562,1
2162,21.2587,79.98636,3.3910340042666056,34.631004257053974,0.15925304282724845,0.2980305562090553,0.48325070443062845,0.15005645346412283,0.29539422498395973,0.0,0.5200864019551221,1
2163,21.2587,80.00844,5.622000635802025,35.96425620136774,0.07850414784193818,0.23941379614378572,0.6688770573169486,0.18981302353971452,0.36108639599240083,1.3015043451071755,0.14540763786014477,-1
2164,21.2587,80.03052,7.885699996900987,37.297482108430856,0.07459592992675637,0.0,0.0,0.07538349580091433,0.6479580723337289,3.15076547606663,0.3027950050251659,-1
2165,21.2587,80.0526,10.160277107339986,38.63068196592816,0.15126425837247173,0.061865470010559837,0.0,0.18182067287825207,0.7519616317314376,3.5757882261564236,0.24116760533888143,0
2166,21.2587,80.07468,12.439766465595557,39.96385576154811,0.33879823312435936,0.08450692240304168,0.0,0.1473471682708789,0.7006742086230318,0.0,0.13150447862274517,0
2167,21.2587,80.09675,14.72188642456167,41.29700348297176,0.0,0.0,0.2177060024797503,0.24502913138377921,0.30231776656851994,1.7617356964488706,0.13475128444471943,0
2168,21.2587,80.11883,17.00557791508073,42.63012511788374,0.0,0.0,0.0,0.16892442795696405,0.7047646363005943,3.495729792901273,0.0,0
2169,21.2587,80.14091,19.290282768516878,43.96322065396627,0.0,0.0,0.14339142853828532,0.1458884434259402,0.8014857516271701,6.728958433898986,0.29535664560935804,0
2170,21.2587,80.16299,21.575679026859245,45.29629007890314,0.0,0.16876783627753558,0.12116902981143096,0.14505757391313273,0.3070801590001504,0.8616448079587613,0.0,0
2171,21.2587,80.18506,23.861567990087323,46.62933338037255,0.0,0.0,0.4133232704307867,0.12061156215349633,0.697829451974593,4.324766000176703,0.09031820297818612,0
2172,21.2587,80.20714,26.147820400354462,47.96235054605428,0.0,0.0,0.21598968292041676,0.16553786224697853,0.5789694554559087,1.583564436734629,0.10867034693324384,0
2173,21.2587,80.22922,28.434348550128995,49.295341563631766,0.0,0.0,0.07735824123579586,0.22242093746308692,0.5024513444429854,1.8786082438872498,0.0,0
2174,21.2587,80.2513,30.72109083110845,50.62830642077947,0.0404215557319437,0.15440390104328205,0.27482762689261864,0.1514116114477107,0.5636706113805241,0.7507619302105666,0.0,0
2175,21.2587,80.27338,33.00800269932482,51.96124510517776,0.006377146901787228,0.0,0.10976090672302603,0.00136064539161046,0.6112402149035858,0.31269666567938614,0.032596141707495085,0
2176,21.2587,80.29545,35.29505114974235,53.294157604504406,0.057862255999575965,0.28780525868125983,0.0,0.0,0.7115043506722489,1.7896671248636835,0.0,0
2177,21.2587,80.31753,37.58221120686931,54.62704390643531,0.061038577824395084,0.10628711318591666,0.0,0.018923712993441227,0.7044611973842655,5.745636328379076,0.0,0
2178,21.2587,80.33961,39.869463622561256,55.95990399864519,0.07244984230686408,0.0,0.0,0.16234519498900593,0.338770050416751,1.0550215258908617,0.23883745851174426,0
2179,21.2587,80.36169,42.15679332284704,57.29273786880875,0.0,0.03855920448159799,0.0,0.0,0.4590082124696795,0.6475565500821228,0.0,0
2180,21.2587,80.38377,44.44418833413717,58.625545504601924,0.25459429588047394,0.0,0.03525122931468484,0.09523156950603452,0.5629778194090412,3.557075734519005,0.0,0
2181,21.2587,80.40584,46.731639024654505,59.95832689369677,0.0281774503312216,0.1376486953090321,0.0,0.29536904664078456,0.7700277371717709,3.0250615639208838,0.0,0
2182,21.2587,80.42792,49.0191375581655,61.29108202376562,0.0,0.0,0.0,0.17223101552648049,0.16809457518997717,2.8324881708593206,0.11908008568060917,0
2183,21.2587,80.45,51.306677493812494,62.623810882481735,0.0,0.0,0.0057874391832472465,0.17552933515511374,0.46444437716466713,3.6689251958426223,0.13466864058629643,0
2184,21.27754,78.75,42.284697865476986,41.77931012393553,0.0,0.07427819368820168,0.10987407753331874,0.42767981946371614,0.3359213809013888,0.4618310307915139,0.0969651948925509,0
2185,21.27754,78.77208,40.62968783125696,40.44463424355366,0.0032618895616155523,0.19774354053353893,0.3258554702594083,0.3958361632808365,0.3580579732596082,0.7634521806875632,0.14589620304359088,0
2186,21.27754,78.79416,39.03885146536405,39.10998371570588,0.0,0.0,0.037792130378945236,0.19739134908092879,0.6877041662604267,5.68093045195735,0.040976308165900026,0
2187,21.27754,78.81623,37.52035244280338,37.77535855265847,0.0,0.22220320524286985,0.0,0.19942529972949602,0.47515123359061767,2.755910907440073,0.0,0
2188,21.27754,78.83831,36.08332449490582,36.440758766683544,0.2436143243310612,0.0,0.0,0.0,0.22279337021595658,4.7077098269982125,0.0,0
2189,21.27754,78.86039,34.737879948216225,35.1061843700543,0.06875487718291037,0.0,0.13884794933876654,0.019394013881462627,0.5272067203912577,6.364560217210416,0.0,0
2190,21.27754,78.88247,33.49505693904538,33.77163537504253,0.09072538503754943,0.0,0.0,0.20213708499732408,0.8342677063499054,5.410083481293988,0.0,0
2191,21.27754,78.90455,32.366679106809855,32.43711179391965,0.0,0.0,0.1755924044777072,0.10359411059320933,0.2961548857502892,0.0,0.12620242283803013,0
2192,21.27754,78.92662,31.365100603906033,31.10261363896029,0.0,0.0022645556265096798,0.28215346362741245,0.12221539333327358,0.6235378653917184,2.981148460797641,0.0379954822716942,0
2193,21.27754,78.9487,29.36629976070249,29.768140922440008,0.011420078892973171,0.0,0.0,0.11963458327083223,0.7679808284492867,6.035606591382852,0.0038304479101515226,0
2194,21.27754,78.97078,27.097751254552755,28.43369365663397,0.029508692589549523,0.10932000763761458,0.11657787347169414,0.26326566062306495,0.5408949295497983,4.741237783897068,0.0,0
2195,21.27754,78.99286,24.832653029916468,27.09927185381661,0.0,0.0,0.26727912258014425,0.029868439406678576,0.8167315725827117,3.9214155517512497,0.4132633649203545,0
2196,21.27754,79.01494,22.57204386604739,25.764875526267716,0.0,0.0,0.21701297342034723,0.17904165092399782,0.4529790754366477,0.0,0.0,0
2197,21.27754,79.03701,20.31742229003195,24.430504686261468,0.018736165842063068,0.0,0.0,0.0,0.7456644533641441,1.9931928063419924,0.021406760205149495,0
2198,21.27754,79.05909,18.071029607078724,23.096159346077034,0.0,0.02749826931194299,0.0,0.42237557384963853,0.7095509808779656,3.8716655926687342,0.16448932840502944,0
2199,21.27754,79.08117,15.83636806925029,21.761839517993224,0.0,0.06769887277604966,0.0,0.018566151943920278,0.5311645291412832,0.0945735981903999,0.014359788583337724,0
2200,21.27754,79.10325,13.619213548870865,20.427545214291055,0.0,0.0,0.17194280685177393,0.116007060828461,0.32112627371543756,5.99351609221134,0.0,0
2201,21.27754,79.12532,11.429758725955661,19.09327644724989,0.020270635330961552,0.2102772227298509,0.18279576885218118,0.394052916566127,0.3799920850603824,3.7729173701168754,0.15610627520664624,0
2202,21.27754,79.1474,9.287614076296673,17.759033229150525,0.0627232701817347,0.0012970985986333894,0.0,0.1603920874577058,0.17927649287054104,0.0,0.0,0
2203,21.27754,79.16948,7.234925752813303,16.424815572275367,0.1373089543761089,0.015825675848311793,0.15451842759856294,0.21463559996051812,0.5732917765732481,2.9777997289223936,0.3673123521732617,-1
2204,21.27754,79.19156,5.375175481150872,15.09062348890637,0.2105572543826007,0.14676485856879337,0.4612032177240226,0.08234473443025472,0.5347510125270588,3.938402263036174,0.1958612419226094,-1
2205,21.27754,79.21364,3.988089530435907,13.756456991327498,0.0656673587220509,0.49349315390513715,0.41701332486038445,0.0,0.4582029823868869,4.614084127193464,0.18345000197779304,1
2206,21.27754,79.23571,3.6580310075036513,12.422316091822182,0.07139833792847289,0.3322021213378426,0.44063248680419953,0.21641959522322265,0.4241142200216148,8.954639412181507,0.019525760140681386,1
2207,21.27754,79.25779,4.6175220356636535,11.088200802674152,0.2100653634336992,0.1878342501030652,0.27252531838888916,0.36235694849079025,0.6474219786604243,7.129315556516015,0.0028106108942902996,-1
2208,21.27754,79.27987,6.3028417909104695,9.754111136171081,0.2700781896013536,0.3771845347736146,0.04254380995852444,0.3718351403650709,0.5217373341714554,2.494611343565074,0.10728040616223655,-1
2209,21.27754,79.30195,8.282155828386694,8.420047104598183,0.19367036100786325,0.524693595389929,0.17405238126457945,0.11682307371362174,0.422052042804795,2.6585703392478397,0.36851667442656666,0
2210,21.27754,79.32403,10.38876223415653,7.086008720243398,0.401818384542433,0.1925122016888074,0.13141328424696214,0.21761162187977273,0.5352068166854986,6.4017830980157475,0.07325248774306586,0
2211,21.27754,79.3461,12.558767481230628,5.751995995392017,0.500954247159383,0.3516967701359275,0.20459952827148975,0.4303109968801141,0.8119905438961718,8.078000868014177,0.07488279716884948,0
2212,21.27754,79.36818,14.764243423212013,4.418008942334641,0.6338682065827222,0.3283947376780987,0.1939092649060446,0.8967886239294768,0.6200284546671784,11.088932912419367,0.07208307583047278,0
2213,21.27754,79.39026,16.99138338142636,3.084047573359141,0.8114921606296567,0.083845498417357,0.05359779169539544,0.6163404228549175,0.48363125022082337,13.886562019968043,0.3837010084313472,0
2214,21.27754,79.41234,19.232662720668525,1.7501119007549997,0.6430336318308351,0.21126141687693703,0.24321585114570998,0.7785769814286974,0.5356656766887139,15.04851365783978,0.0,0
2215,21.27754,79.43442,21.483656593029497,0.4162019368154394,0.9346520069782777,0.03560649428592508,0.0,0.5607766881676561,0.6093012797608965,10.44316488474625,0.2519860044836403,0
2216,21.27754,79.45649,23.741601952282178,0.9176823061706523,0.8595284836948109,0.19209846520809087,0.0,0.4090258178415304,0.4872236233243352,13.557386362194514,0.0,0
2217,21.27754,79.47857,26.00468806364677,2.251540815909585,0.6753439755184633,0.08960935766280695,0.10248516211697213,0.6363393699338447,0.4760410694103403,11.114641778921248,0.0,0
2218,21.27754,79.50065,28.271680397240218,3.5853735801106876,0.47223957597797256,0.09587599814009382,0.029960631122396695,0.5328389471762485,0.5466174711866241,6.206647784666797,0.0,0
2219,21.27754,79.52273,30.541709094931893,4.919180586477887,0.2622243675012633,0.015553137667611058,0.10248683513825799,0.26842946773046344,0.761441362919431,3.3018334729676226,0.0,0
2220,21.27754,79.54481,31.726830003702325,6.25296182271773,0.36381347017197335,0.06874986276196668,0.0,0.494663678083196,0.6597261440279617,7.8673685642158935,0.09000311738352551,0
2221,21.27754,79.56688,30.003276547866722,7.586717276537639,0.1901910781719384,0.18241762307480375,0.36157863632400017,0.39598669951368004,0.49131910570161846,2.986438275137746,0.0,0
2222,21.27754,79.58896,28.359843127523494,8.92044693563681,0.2364275256061982,0.06348060681332192,0.14671070750596876,0.13483639538371048,0.6698905751702653,4.1265160572574295,0.02386947606821189,0
2223,21.27754,79.61104,26.811267030370193,10.254150787722752,0.08575697398826833,0.0,0.0,0.47297955382387724,0.5489074797592416,4.099677240011674,0.0,0
2224,21.27754,79.63312,25.37492104288989,11.587828820495675,0.012999930621652223,0.0,0.0,0.23937106512581902,0.5953294258202133,6.0523011135763465,0.0,0
2225,21.27754,79.65519,24.07090438991981,12.921481021659298,0.14418367353406575,0.0,0.22548581917271746,0.3377300277204053,0.5818872410906564,8.471110732257817,0.0,0
2226,21.27754,79.67727,22.92181279200135,14.255107378913825,0.11104592940985766,0.0835638375867084,0.0,0.24937777593728652,0.25017978807313074,4.879691715193921,0.0,0
2227,21.27754,79.69935,20.938253124824833,15.588707879959996,0.1439273307540514,0.12014640057877266,0.47004554129576476,0.1551492804932513,0.11725701000242028,3.1911519840815155,0.0,0
2228,21.27754,79.72143,18.669150375161998,16.9222825124995,0.32188692377333367,0.07824572859650206,0.0,0.1554719249193756,0.5728204013261673,0.0,0.0,0
2229,21.27754,79.74351,16.405139406976062,18.255831264226906,0.08098358514188163,0.0,0.38462361313911975,0.18950170493742569,0.41761010271022225,5.375653243312247,0.0,0
2230,21.27754,79.76558,14.148664783970935,19.589354122843194,0.09641085910732922,0.0829204991896528,0.024181745714472604,0.16833493787722872,0.3015834832841179,4.095103870899559,0.027991737260230607,0
2231,21.27754,79.78766,11.904013008237905,20.92285107604571,0.0,0.0,0.4080075089247967,0.18700391244956382,0.40741514183655747,2.4510751749602186,0.0,0
2232,21.27754,79.80974,9.679412776629325,22.256322111530555,0.0,0.0,0.0,0.4143372249482182,0.63960156796773,6.7908791193819305,0.0,0
2233,21.27754,79.83182,7.492745432025939,23.589767216993966,0.20955125484381507,0.24703547391606556,0.20862062962244488,0.0,0.5427253125978492,0.558424817109548,0.0,-1
2234,21.27754,79.8539,5.3903741671201875,24.923186380131423,0.0,0.33687329635534186,0.46117831976302676,0.25164705376913177,0.5766020793613246,1.7836938985178872,0.026198650764474987,-1
2235,21.27754,79.87597,3.5264331679097958,26.256579588638072,0.0,0.47179813255942415,0.5537562498280538,0.3200377330726855,0.5023169553304739,2.8495957132330094,0.2621600490101503,1
2236,21.27754,79.89805,2.5059980273302505,27.589946830204983,0.0053768214515168,0.3114551639835941,0.7273880340744512,0.13892796905068314,0.2896471349225891,1.95797694088588,0.25225073448243646,1
2237,21.27754,79.92013,3.254077358912381,28.92328809252759,0.0,0.527895844570832,0.3452361062578423,0.05001470636694826,0.5424397587344845,4.7938300966742275,0.04433392742827322,1
2238,21.27754,79.94221,3.3365186543205763,30.25660336329655,0.0,0.2524098801813388,0.4531054601125055,0.3298497307624108,0.5173137724567867,4.5182170993020705,0.12769264274402803,1
2239,21.27754,79.96429,3.209525532922406,31.589892630204478,0.0,0.44557513196981613,0.6960090729543502,0.26232390284650076,0.41640921496086186,6.001597506495845,0.003535179029298896,1
2240,21.27754,79.98636,4.4651994691550545,32.92315588093982,0.15166453489020434,0.16795083155227675,0.21417599094529663,0.16929149996559206,0.46321477012686924,4.538059424890974,0.37739134996440327,-1
2241,21.27754,80.00844,6.32797068585515,34.25639310319606,0.0,0.121790234829331,0.3676808459975506,0.16243467029204273,0.5912831774305026,2.9001078916223983,0.32244604146746664,-1
2242,21.27754,80.03052,8.403372766867081,35.58960428466065,0.0,0.0,0.12976308572785486,0.1763126777855715,0.39578541902366815,2.2890049249540674,0.29046773649006663,0
2243,21.27754,80.0526,10.566853281649422,36.92278941301907,0.11523662818177921,0.0075979006676209285,0.15831433820841365,0.36900407692982645,0.6679339222924949,4.332498779697918,0.0,0
2244,21.27754,80.07468,12.773736941497269,38.255948475964104,0.06077756107509896,0.04744225378164132,0.09533279627134697,0.1220508798057665,0.6053208738297163,2.6334974118032353,0.22573788742209921,0
2245,21.27754,80.09675,15.00488501711743,39.589081461178324,0.0,0.0,0.0,0.0,0.5339124665950744,3.233421002129824,0.07474087349045709,0
2246,21.27754,80.11883,17.250885306111076,40.92218835635061,0.0,0.29253895634489513,0.0,0.12275864841155369,0.7530915334667525,4.420575734644938,0.0,0
2247,21.27754,80.14091,19.50660817361203,42.25526914916408,0.0,0.0,0.05204313419369737,0.0,0.3610472750575937,3.442510577010513,0.0,0
2248,21.27754,80.16299,21.76903141024946,43.5883238273068,0.0,0.0,0.0,0.339667793920559,0.4802611912814002,3.8732873162553516,0.0,0
2249,21.27754,80.18506,24.03626302746801,44.92135237845817,0.14044103267446117,0.0,0.324665858481648,0.19980268258772857,0.4508438329531585,1.004777378442463,0.017121018122873966,0
2250,21.27754,80.20714,26.307059808467816,46.25435479030222,0.0,0.0,0.20868710875935215,0.3417435752695267,0.5976389471282795,6.561986874853524,0.05844564066370104,0
2251,21.27754,80.22922,28.58057194371954,47.5873310505245,0.0,0.1662700967692901,0.06242496805569964,0.10137429390216816,0.7138305708844666,0.1681407773623773,0.0,0
2252,21.27754,80.2513,30.856199190436932,48.92028114680252,0.08130512021395703,0.23737231877593326,0.0,0.18367075788558435,0.4112085493219465,4.181142192262948,0.0,0
2253,21.27754,80.27338,33.133505710598286,50.253205066818815,0.0,0.0,0.0,0.2557439723493933,0.9,1.770642279064518,0.21638868411632034,0
2254,21.27754,80.29545,35.412167490391255,51.58610279825382,0.12423887286645381,0.0,0.3960411524410415,0.01854566603002064,0.4566673394463271,5.843271168638676,0.0,0
2255,21.27754,80.31753,37.69193869395935,52.91897432878714,0.0,0.0,0.0,0.209362676876241,0.6001217508556291,5.322882131143128,0.0,0
2256,21.27754,80.33961,39.97262945872591,54.2518196460946,0.039957796703648484,0.2093235949162381,0.023330067184911506,0.0,0.5501203918494931,3.016363709522658,0.0,0
2257,21.27754,80.36169,42.25409084236206,55.58463873785634,0.02969674332845297,0.1796202057634354,0.07255837714747154,0.3088155949798088,0.5562870976137113,7.060980233653817,0.0,0
2258,21.27754,80.38377,44.536204374143956,56.91743159174804,0.13022625599182402,0.0,0.0,0.2823314892070821,0.4389428855433677,2.5288942856587115,0.0,0
2259,21.27754,80.40584,46.818874649007356,58.25019819544582,0.0661716986209676,0.0,0.0,0.14475337911810657,0.6993748168195449,5.306310687350842,0.0,0
2260,21.27754,80.42792,49.102023979399654,59.58293853662528,0.0,0.0,0.0,0.13260101134923297,0.430395189289784,1.123796777964528,0.39135846737639673,0
2261,21.27754,80.45,51.38558846798669,60.91565260296128,0.0,0.0274260059325852,0.0,0.2541481772075152,0.3023117674655741,4.063277631174602,0.0,0
2262,21.29638,78.75,43.72925377077331,43.486259982118376,0.017296418076242954,0.08899692636523114,0.0,0.08754314485992938,0.3927836492434746,0.6473521047899968,0.043486889712610305,0
2263,21.29638,78.77208,42.13123550247641,42.15159862758679,0.0,0.0,0.2659210398759391,0.12321009636800742,0.7521657560431564,3.1338437197522735,0.054808070230465473,0
2264,21.29638,78.79416,40.59947742909699,40.8169626292805,0.058423918406246195,0.0,0.0,0.3418284394543195,0.7248355008974586,2.962849514668246,0.16204225397488994,0
2265,21.29638,78.81623,39.14175935560072,39.48235199946215,0.09611129204501866,0.26076662781215865,0.0,0.06172471526288385,0.26869333749997193,5.396202835946189,0.05869463977479477,0
2266,21.29638,78.83831,37.766655676956084,38.14776675040152,0.07474710464279992,0.0,0.022225165983445188,0.12915639899692324,0.6635528361162863,1.3858948529840556,0.30255308013606347,0
2267,21.29638,78.86039,36.483509100300445,36.81320689436906,0.0,0.24093292736039773,0.13464376331520866,0.0,0.272072022934295,11.141310308598,0.038364136412399275,0
2268,21.29638,78.88247,35.302348265300964,35.478672443633585,0.0,0.10692183285805613,0.0,0.0,0.5456312218186734,0.0,0.21568589893747478,0
2269,21.29638,78.90455,33.7501503445487,34.144163410464415,0.0,0.0,0.18212643091476105,0.19918880882855822,0.38019348709860706,3.8082577742743604,0.16644100540301413,0
2270,21.29638,78.92662,31.465415475527077,32.80967980713318,0.05418265962241185,0.0,0.0,0.003544263293781068,0.6736538444849698,3.9832262849236795,0.24680568388668409,0
2271,21.29638,78.9487,29.181067828283616,31.475221645912743,0.0,0.0,0.2382315083398359,0.08741743269057457,0.6261078630039922,4.671569788511316,0.004141570044490386,0
2272,21.29638,78.97078,26.89720611232267,30.140788939075872,0.08233465040459713,0.0,0.004224256967308982,0.2084637980142904,0.684880904285008,1.976061666566115,0.06398481096954305,0
2273,21.29638,78.99286,24.613965643657167,28.806381698893688,0.11722819407991446,0.0,0.0,0.0,0.5053595973315728,3.995203062742147,0.0,0
2274,21.29638,79.01494,22.331537029034937,27.471999937643304,0.02549261587320215,0.25196866285146596,0.0,0.054278218956385654,0.5183764655263875,1.957624286650263,0.026746639681574626,0
2275,21.29638,79.03701,20.05019757669652,26.13764366759708,0.0,0.0,0.0,0.0,0.33303023347133953,8.363306722681136,0.03667406006935394,0
2276,21.29638,79.05909,17.770366821150667,24.80331290103059,0.0,0.1926314648076182,0.0,0.0,0.39538626384087094,1.9206730480812106,0.0,0
2277,21.29638,79.08117,15.492710868345153,23.46900765022023,0.24635313635705808,0.0,0.0,0.2112679935563212,0.6676719512044134,3.2785022669966697,0.0,0
2278,21.29638,79.10325,13.218354043714697,22.13472792744434,0.0,0.03914851131391366,0.18986722258261746,0.06999966136136855,0.5793241492151756,2.044697574581063,0.15840876694294012,0
2279,21.29638,79.12532,10.949352444890273,20.80047374497926,0.0,0.15701924312349957,0.0,0.28068030128455557,0.5323598904077564,1.811623690068124,0.0,0
2280,21.29638,79.1474,8.689902021152735,19.466245115103685,0.18722264566595562,0.011589223895872205,0.0,0.2288538542024564,0.6797028461319939,0.3920786717334366,0.0,0
2281,21.29638,79.16948,6.450047985792016,18.132042050097322,0.050306043116478204,0.2663227509060265,0.06580208880150884,0.2283031094220018,0.2997210888829023,5.947651434259637,0.295757065372519,-1
2282,21.29638,79.19156,4.260808053922441,16.797864562238814,0.193424567835984,0.0,0.2917097585147117,0.3374934583522354,0.5525051079472919,2.642747300900276,0.4221050710680778,-1
2283,21.29638,79.21364,2.2734327253803572,15.46371266380973,0.10921501726391453,0.5313738518426434,0.46004360546458134,0.18406074483409607,0.24799600601250033,2.541924111589485,0.26627273504075416,1
2284,21.29638,79.23571,1.6263924885763916,14.129586367090488,0.14992714495178244,0.14721443808922524,0.5694252984451207,0.3006548691750146,0.6043890195492068,2.3682531874187305,0.46767128497437394,1
2285,21.29638,79.25779,3.2533757594265986,12.795485684362708,0.16209208623880716,0.3467368722995659,0.6493082783056845,0.20765280628984054,0.509936267665043,5.9630839926859665,0.26382740660175374,1
2286,21.29638,79.27987,5.383901941587633,11.461410627911357,0.23174417373043132,0.391560464287935,0.5504328486251877,0.19782952383485386,0.6034977995458621,5.5750325974410995,0.33864461434351767,-1
2287,21.29638,79.30195,7.605983895595401,10.127361210018343,0.4582002714003953,0.28207095396915566,0.6017712900211354,0.4996432659379766,0.3954717698360687,5.989377235881319,0.0,-1
2288,21.29638,79.32403,9.857901702522584,8.793337442969195,0.34747025259764186,0.0,0.0,0.515572507185828,0.816813323004679,4.408284225500626,0.0,0
2289,21.29638,79.3461,12.123040221644066,7.4593393390462,0.09881225149682246,0.0,0.0,0.5541581453124633,0.8032804517287757,8.060700136211443,0.23644177011695006,0
2290,21.29638,79.36818,14.395159768519697,6.125366910537843,0.4138719194228104,0.026585542848967553,0.19809668461855304,0.4665274216990558,0.5920948297780504,5.834728081084174,0.0,0
2291,21.29638,79.39026,16.671406252401844,4.791420169729287,0.5869496436148582,0.1787587936572271,0.0,0.49472623448921177,0.7021111541822592,8.467322864033243,0.0,0
2292,21.29638,79.41234,18.950292552991723,3.4574991289067007,0.7063261055280398,0.0,0.19766814751318046,0.5987197920935895,0.49923696159655634,8.765855339748505,0.02438023953013471,0
2293,21.29638,79.43442,21.23096859317396,2.1236038003608972,0.6507287180200214,0.19331415612862657,0.05827411771066751,0.4688369321265008,0.3666012211182916,5.718278554751804,0.2454274902613146,0
2294,21.29638,79.45649,23.51291354379018,0.7897341963777487,1.0,0.278428323952138,0.32696964417886343,0.5307626107992145,0.6574377639730418,16.518761537309906,0.0,0
2295,21.29638,79.47857,25.795790617525068,0.5441096707511648,1.0,0.18946260729398265,0.21589151532854198,0.5665702221358457,0.4185809713677584,12.966459328609671,0.0,0
2296,21.29638,79.50065,28.07937242878968,1.877927788737888,1.0,0.28241574291242527,0.21705474453783954,0.5012520408634835,0.731574823290164,10.77358614669024,0.09503768993809218,0
2297,21.29638,79.52273,30.3634999323354,3.2117201452896618,0.49550119981611485,0.20350932804968613,0.0,0.40706835535716035,0.6954317675566695,10.177741474082671,0.11963152290705839,0
2298,21.29638,79.54481,32.64805855492452,4.54548672811545,0.4079109554321004,0.05518736452991693,0.0,0.0018608831083994914,0.5820644393041751,13.767314849533093,0.033911137183176676,0
2299,21.29638,79.56688,31.45738524774152,5.879227524925387,0.33862513589166987,0.0,0.0,0.4214139248347005,0.5740444393082371,10.639031368743447,0.0,0
2300,21.29638,79.58896,29.894204085887775,7.212942523421688,0.24171855194576675,0.12325013330724517,0.0,0.1645086667978401,0.6871288259951968,7.944935841228566,0.020881063590094572,0
2301,21.29638,79.61104,28.429521443621155,8.546631711313681,0.13384102813108376,0.0,0.298906038335838,0.48993150375899164,0.586688179049658,4.640369969684148,0.0,0
2302,21.29638,79.63312,27.07932501072994,9.880295076305188,0.0,0.0,0.15489628524426727,0.3408481693813458,0.49118273959099173,4.570998800448162,0.016533005366478844,0
2303,21.29638,79.65519,25.365165845948805,11.213932606102356,0.10211565862517374,0.13952336135942253,0.0,0.5016481368382806,0.33505130588191656,0.9004308048951684,0.23763818551190785,0
2304,21.29638,79.67727,23.078197301564202,12.5475442884081,0.1678546788114878,0.28120655259480065,0.2729626128276881,0.1628337176626501,0.679974521508892,4.274811615351213,0.0,0
2305,21.29638,79.69935,20.791298414787125,13.881130110926177,0.03972567803321964,0.042150634665232445,0.0,0.12596910778553025,0.5950482123318154,6.645685093088788,0.0,0
2306,21.29638,79.72143,18.504495064879343,15.214690061360404,0.31144552844263496,0.13331841316315565,0.0,0.1337604868300803,0.9,6.307245669006329,0.0,0
2307,21.29638,79.74351,16.21782771984562,16.54822412740807,0.06502120716460612,0.0,0.24340035386951453,0.17987146829115408,0.5231712136367106,6.033207861606407,0.0,0
2308,21.29638,79.76558,13.931363406408176,17.881732296773475,0.2057016578933903,0.08906602606831376,0.0,0.0,0.5726675191735111,2.8941823561015765,0.3076932437899742,0
2309,21.29638,79.78766,11.645221774996914,19.21521455715639,0.0720294213002613,0.05385494293622707,0.057128571819433725,0.45956566532248744,0.566854710158065,5.496889257663087,0.0,0
2310,21.29638,79.80974,9.35963934019226,20.548670896255935,0.1317253692034867,0.2880896576733668,0.1871155137391224,0.15668940035072448,0.5990761495515183,6.060508450148218,0.0,0
2311,21.29638,79.83182,7.075158123367384,21.882101301770465,0.05957776557495138,0.05765035723259254,0.29810558676068044,0.10303235901119766,0.3531315890438552,0.0,0.21609354688394483,-1
2312,21.29638,79.8539,4.793352960180033,23.215505761398198,0.18512815485468143,0.20133850567719988,0.5043328208812652,0.02190628872779371,0.4492244597034308,4.473805077355041,0.07446154639895966,-1
2313,21.29638,79.87597,2.5214994546153946,24.548884262837593,0.02342718795738993,0.5803258816666117,0.6219783513803978,0.0,0.5344957909729655,8.999084361363135,0.46660857959486646,1
2314,21.29638,79.89805,0.45060347586982963,25.88223679378216,0.07291834019671717,0.6652087994423262,0.847049209684878,0.0,0.31788308417732414,2.7495293782483006,0.5839095106060121,1
2315,21.29638,79.92013,2.1240255883479366,27.215563341930046,0.05467691763216369,0.2719221540228395,0.38556466780800114,0.27539693683798616,0.520252029318412,0.0,0.45498325058524997,1
2316,21.29638,79.94221,4.391273509781778,28.548863894974936,0.0,0.66550864891225,0.41888267214432096,0.1368821405854193,0.46733936099861006,1.264327844338232,0.0,-1
2317,21.29638,79.96429,5.24585915087385,29.88213844061157,0.05546949130257396,0.035460692943049266,0.007111652220370246,0.08625929309061456,0.5228319869048134,0.0,0.22928103639124653,-1
2318,21.29638,79.98636,6.095470159431328,31.215386966531142,0.2736287848905069,0.158099473719887,0.5765319255432622,0.09626818891087842,0.6387446617908997,1.6311727023834708,0.1575198385213084,-1
2319,21.29638,80.00844,7.56686123088511,32.54860946043075,0.0,0.17285520742923516,0.0,0.07717574919546438,0.46150424817300906,0.05931472796313342,0.03970857141218706,-1
2320,21.29638,80.03052,9.371602590098036,33.88180590999937,0.05386398644181427,0.11847440983723737,0.07628595009050092,0.08873699617509907,0.30479480848237783,5.628806685983259,0.0,0
2321,21.29638,80.0526,11.35180137796592,35.21497630292641,0.15375871197151975,0.016613757744984636,0.0,0.16589604571656355,0.48255741809282504,5.204003158655553,0.062016080399974846,0
2322,21.29638,80.07468,13.430069483798356,36.5481206269065,0.13909273861197535,0.0,0.0,0.18845498332223048,0.4130953049967555,4.0468686649077465,0.13093563662727672,0
2323,21.29638,80.09675,15.567178599367024,37.88123886962494,0.0032175792471695625,0.0,0.04987726930835908,0.07071887959949533,0.23746075572391967,6.321949054576133,0.0,0
2324,21.29638,80.11883,17.741878224370776,39.214331018773926,0.0,0.0,0.0,0.08973512255603305,0.5246694397504691,1.6453468293165625,0.0,0
2325,21.29638,80.14091,19.94187416155451,40.54739706203904,0.06316600491969802,0.35073558612192995,0.250151580972224,0.5376546946554548,0.5706600383528477,3.2906872315063254,0.1293698296970891,0
2326,21.29638,80.16299,22.15963344382925,41.88043698711104,0.0,0.0,0.059613548390619886,0.3626614225366489,0.6879285037549591,8.791234621062141,0.2748811527492873,0
2327,21.29638,80.18506,24.390310965055825,43.21345078167239,0.1771373817021794,0.09832243752962642,0.0,0.03782309327093186,0.38706411616782826,4.595688322927895,0.15099769777491495,0
2328,21.29638,80.20714,26.630660653980065,44.54643843340895,0.020933379402703234,0.0,0.0,0.04540370122486752,0.5600307806579045,4.579045705570685,0.037061418516324225,0
2329,21.29638,80.22922,28.878431498557923,45.8793999300099,0.1204385637463744,0.0,0.24813548776898012,0.0,0.706308212775333,1.0593836790580695,0.0,0
2330,21.29638,80.2513,31.13201605070855,47.2123352591552,0.0,0.0,0.1845591691363295,0.26292921957403803,0.4684335062894688,1.9643327475706314,0.0,0
2331,21.29638,80.27338,33.3902371497738,48.5452444085304,0.0,0.0,0.0,0.15381423844117065,0.6243051604624036,0.4332101331008351,0.0,0
2332,21.29638,80.29545,35.65221372620428,49.87812736581807,0.03153582790703101,0.0,0.0,0.20198746183778882,0.7731551857122863,7.405640430131848,0.0,0
2333,21.29638,80.31753,37.917273640272164,51.21098411870089,0.0,0.0,0.09576900363885951,0.0,0.2889018489635399,0.0,0.17919533566800724,0
2334,21.29638,80.33961,40.184895469045856,52.54381465485708,0.0,0.18782759240762978,0.07121033024468101,0.0,0.5879248020382312,5.402988033628709,0.0063488014311634915,0
2335,21.29638,80.36169,42.454668656790666,53.87661896196984,0.010285327502479218,0.0,0.0,0.45465587497293974,0.7126355160170352,4.533531744672018,0.0,0
2336,21.29638,80.38377,44.726265631553204,55.20939702771819,0.332193188324553,0.0,0.15006049022553242,0.09534513523083303,0.5007844219569008,0.0,0.0,0
2337,21.29638,80.40584,46.9994219086421,56.54214883978038,0.10022385292852044,0.0,0.0,0.08121581554229099,0.7440671278802619,5.987078175418494,0.0,0
2338,21.29638,80.42792,49.27392164105627,57.87487438583417,0.12600452862496236,0.23098855667474746,0.26086822539956717,0.11777295301318723,0.6387367917669337,2.34188693408706,0.0,0
2339,21.29638,80.45,51.549586957530046,59.20757365355806,0.10132423690531375,0.0,0.10595784533604473,0.0,0.7976728712759226,0.0,0.0,0
2340,21.31522,78.75,45.224743044838256,45.19312995220183,0.17807102224522658,0.0908573323147958,0.0,0.02988208270312303,0.6314385253653569,4.007008190295513,0.24525251410008525,0
2341,21.31522,78.77208,43.68166975887087,43.85848313001452,0.0,0.15627932664258148,0.0,0.12194139617579311,0.8092176195639742,0.930384632345501,0.0,0
2342,21.31522,78.79416,42.20640966378306,42.5238616677395,0.0,0.0,0.0,0.0,0.5918237949654069,2.5470138785634098,0.0,0
2343,21.31522,78.81623,40.80631834994039,41.18926557763734,0.0,0.0,0.03245498453628744,0.0,0.35828609065565875,1.7776596014699662,0.04662010788849971,0
2344,21.31522,78.83831,39.48939195381607,39.854694871974814,0.09871211526052821,0.0,0.0,0.3873915867924611,0.46138281105753076,0.8216984968683896,0.0,0
2345,21.31522,78.86039,38.264218240685324,38.52014956301998,0.0,0.13964156845922274,0.0,0.09957905586711524,0.6922309676228535,0.03473374978808108,0.014193936136914116,0
2346,21.31522,78.88247,36.0057103262004,37.185629663038355,0.0,0.0,0.0,0.1637904946846931,0.6893212703789888,5.216264656782311,0.13808396069222648,0
2347,21.31522,78.90455,33.71896686151015,35.85113518429684,0.0,0.06571737845843398,0.11154467621799322,0.07932244680944048,0.5057907439826029,4.01226789290252,0.0,0
2348,21.31522,78.92662,31.432269364468414,34.51666613906439,0.18341746250689972,0.021928853068609484,0.05988440390839136,0.3121693413123589,0.8015406960490892,3.8720974143995823,0.12076749669912243,0
2349,21.31522,78.9487,29.145628704747747,33.18222253961087,0.0938993621152974,0.06480465716155476,0.025103961607115942,0.02377956432452885,0.4988907166510702,2.2784520223760656,0.0,0
2350,21.31522,78.97078,26.859059449433207,31.847804398207234,0.08313685637229422,0.08103007749666669,0.06020295838703895,0.1705939450228288,0.6124021714785876,3.3948449868943302,0.0,0
2351,21.31522,78.99286,24.572581582971043,30.513411727121014,0.080777526532837,0.0,0.0,0.2808133393549917,0.6074699387275682,1.3895233899531223,0.3081599188196318,0
2352,21.31522,79.01494,22.286223285531637,29.179044538626908,0.0032560118544311236,0.0,0.05070795862437806,0.13511859027746578,0.3588600176462047,1.3931449248222594,0.0,0
2353,21.31522,79.03701,20.000025616279423,27.84470284499428,0.033356884720862796,0.12713909585401634,0.5287793994759519,0.08429294159939492,0.5273963625904625,7.854563502285997,0.09682137108734935,0
2354,21.31522,79.05909,17.714050821474917,26.510386658496614,0.0,0.0,0.26685393748958053,0.23162481033917795,0.8728026846408699,5.77294545312188,0.18492145877517716,0
2355,21.31522,79.08117,15.428398023955525,25.176095991407283,0.0,0.0,0.0,0.4266615291270812,0.40559693632115645,2.088969952210997,0.0,0
2356,21.31522,79.10325,13.143235270550777,23.84183085600223,0.03681462301971339,0.14455388643455921,0.0,0.4274557641289034,0.6151507772082934,0.0,0.0,0
2357,21.31522,79.12532,10.858872002224844,22.5075912645545,0.06236684051875717,0.0,0.0,0.0,0.355649459909706,0.0,0.0,0
2358,21.31522,79.1474,8.575947178714895,21.173377229340367,0.17444902855950944,0.18035345407198794,0.38197160869172775,0.027344730906781356,0.37152939090086706,2.207239194191704,0.0,0
2359,21.31522,79.16948,6.296025794220468,19.83918876263655,0.22520334938985892,0.39919942104089223,0.41196845086602885,0.16106233847585305,0.2819657941392131,4.272926944382685,0.12647604205715904,-1
2360,21.31522,79.19156,4.02421597257308,18.50502587671987,0.2341677789566954,0.3016640713625263,0.27611613768515364,0.2179514041345759,0.5794801071643203,4.459309229221374,0.3645123665305775,-1
2361,21.31522,79.21364,1.7916446771748278,17.170888583868294,0.0,0.6677708155684617,0.2912449260376791,0.23047518875612621,0.2796356210826685,4.721187396529323,0.36143224734249657,1
2362,21.31522,79.23571,0.8288367886256366,15.836776896359835,0.029127809788442267,0.6687760374067527,0.45703271752262764,0.4088241585456967,0.5532537378656114,5.417935715028306,0.7009672613307434,1
2363,21.31522,79.25779,2.936878200094611,14.502690826473403,0.14681862996101963,0.6546962221854876,0.5578941608078326,0.1585743784427343,0.353026136553448,2.0967132693544244,0.5266287232201953,1
2364,21.31522,79.27987,5.198542095010178,13.168630386490957,0.4152125454338223,0.08273733283670603,0.2930166005093524,0.26451877520398337,0.4838293894521844,9.003641943487773,0.22747393869929172,-1
2365,21.31522,79.30195,7.475675830014725,11.834595588692295,0.3167299304610541,0.17135125805931922,0.3438085205358681,0.14115013322980935,0.5500595851791586,4.903172895859319,0.16677351221486886,-1
2366,21.31522,79.32403,9.757454616943068,10.500586445360236,0.30808461889980177,0.24039976184508882,0.15299982381987737,0.4057286643747388,0.2843038794016639,6.569037499586021,0.0,0
2367,21.31522,79.3461,12.041238042705537,9.166602968773754,0.17048514201147258,0.0859817808260771,0.2829464264154779,0.2644532503316806,0.5516292326243206,4.5440589259016075,0.0,0
2368,21.31522,79.36818,14.326067399572707,7.832645171218923,0.16506905602470548,0.29914420003714914,0.13305293964823672,0.33795562049922584,0.5806171489052174,7.579328083305935,0.10539321748879396,0
2369,21.31522,79.39026,16.61151106997984,6.498713064977897,0.4332069760671643,0.05361768522547425,0.20478932607781522,0.4057756114767774,0.697052233612769,12.771800076103652,0.13351575187975734,0
2370,21.31522,79.41234,18.897346133442245,5.164806662334728,0.2907438668209724,0.46884368580706604,0.0,0.6046302260952212,0.40709530847792175,5.49781160148874,0.041955096444771085,0
2371,21.31522,79.43442,21.183445850999505,3.8309259755775176,0.49947810928733727,0.49818223337844897,0.0,0.20156918575296334,0.4297593232273594,5.97951012070023,0.1472095865762596,0
2372,21.31522,79.45649,23.469732847566053,2.4970710169888246,0.6457891723171684,0.23022500046700625,0.0,0.5362036453466656,0.6383351109648986,7.57161329984978,0.0,0
2373,21.31522,79.47857,25.756157211943613,1.1632417988578125,1.0,0.30578260356408377,0.22331519310832243,0.9182720821166426,0.7450012626543137,10.042593775853176,0.08340831557783111,0
2374,21.31522,79.50065,28.042685304466836,0.17056166653057794,0.9294096232687055,0.43607044691190944,0.38098983344967297,0.7894324291600958,0.4651822689674764,10.475401685657637,0.23577499626226517,0
2375,21.31522,79.52273,30.329293625143237,1.5043393668857035,0.4855277796846679,0.017575337791648105,0.0,0.49001763079399785,0.37579586465890147,7.908945288417724,0.10662756736371135,0
2376,21.31522,79.54481,32.61596526017094,2.838091289919244,0.6836539480536337,0.0,0.0,0.7347572458484769,0.5047866812136625,9.436722249456212,0.2149037256173262,0
2377,21.31522,79.56688,32.98053047859504,4.1718174233446526,0.4150406769135037,0.3496346721095789,0.0,0.2962865273363354,0.4073147680864416,12.72046867670384,0.21592163246238982,0
2378,21.31522,79.58896,31.493237394242463,5.505517754866563,0.4045978342416186,0.16974495600289896,0.17532071348893377,0.5504274959534936,0.6046386666661222,7.492204597793657,0.0,0
2379,21.31522,79.61104,29.982403665342545,6.839192272197318,0.3094575150660269,0.07050733583432613,0.0,0.38322099032049767,0.3974715839681701,6.9586340988061055,0.11520224988076794,0
2380,21.31522,79.63312,27.699210894242462,8.172840963042862,0.22326758956776704,0.09252120278105828,0.5968655453424032,0.38821959925155,0.6842292607920999,7.521282917411871,0.0,0
2381,21.31522,79.65519,25.416727549901104,9.506463815112058,0.2999094874137464,0.0,0.0,0.4026554541636956,0.5768736203262851,7.813671185981923,0.0,0
2382,21.31522,79.67727,23.135163657839666,10.840060816111144,0.0,0.03630413446071741,0.43297502740259486,0.0031566447912935447,0.6863429140369441,9.269101367989537,0.0,0
2383,21.31522,79.69935,20.85482104269673,12.173631953746309,0.06943327993015863,0.0,0.16771770883691398,0.48694878303847966,0.20454940025800017,5.951151635918357,0.28247405931803976,0
2384,21.31522,79.72143,18.576149521797973,13.507177215724074,0.18735777068516551,0.20030942917993189,0.0,0.15817956461103488,0.29481317394384493,4.999663937463931,0.0,0
2385,21.31522,79.74351,16.29985000656675,14.840696589744761,0.010603418914363047,0.21105939352539665,0.08773454573445372,0.3441844118054387,0.7177548963003229,2.1522521305653313,0.0,0
2386,21.31522,79.76558,14.027077379856754,16.174190063514786,0.0,0.14786917413021028,0.2167178490708585,0.22458644360600544,0.42995999677579166,6.415861834909537,0.0,0
2387,21.31522,79.78766,11.759876749319108,17.50765762473665,0.13427138764781718,0.13094628875438022,0.049246839006474474,0.2518240056095939,0.3165341518487181,2.090762404050944,0.10085623594237976,0
2388,21.31522,79.80974,9.502237389108744,18.84109926111279,0.17804622443188972,0.0,0.3097535594158377,0.10156101296520449,0.4805795991405346,1.833046520130234,0.0,0
2389,21.31522,79.83182,7.263080853258311,20.174514960344,0.029251905435837482,0.23661573426485527,0.376779997194651,0.22404198085647578,0.5243195642534835,4.458731486767308,0.0,-1
2390,21.31522,79.8539,5.066970114491499,21.507904710131513,0.0,0.3290105187732763,0.4376791564058914,0.12225757351350088,0.44192310102888144,7.83282429438087,0.0,-1
2391,21.31522,79.87597,3.009658437498965,22.841268498175914,0.10693380138118143,0.5670380094850717,0.4595544354767996,0.3382232016947958,0.4944109627650779,5.60006460084312,0.32294929149536955,1
2392,21.31522,79.89805,1.704088352907161,24.174606312173438,0.0,0.840918056793259,0.3518668126023856,0.05406432529499643,0.4459989140601514,3.5157501064158474,0.5548952182699839,1
2393,21.31522,79.92013,2.6854805666995656,25.507918139825566,0.05130133518004803,0.12275477495570253,0.47559304474942365,0.4245210373522371,0.461386584082376,0.9767494585773773,0.25367737536409946,1
2394,21.31522,79.94221,4.688465645046665,26.841203968828413,0.0,0.17885281594473834,0.3763087505908028,0.20553072682242923,0.6472200016220283,7.4135542676075135,0.2872089506777502,-1
2395,21.31522,79.96429,6.871217469772642,28.174463786879443,0.0,0.0232186376708564,0.0,0.2635206110996048,0.4843828836727258,3.2461575472589175,0.24467413156454787,-1
2396,21.31522,79.98636,7.946657291818538,29.507697581672872,0.0,0.1367178774672863,0.22247282340556945,0.03611453355431318,0.49070854785302864,2.5845814130978835,0.0,-1
2397,21.31522,80.00844,9.124111946279642,30.840905340907334,0.0,0.0840714345979841,0.13291386173916467,0.25712481602886694,0.6186811985828958,4.73586033842229,0.032239483298216756,0
2398,21.31522,80.03052,10.668413573936151,32.17408705227635,0.0,0.019117047656428673,0.0,0.14170079599722202,0.5935795362514308,2.087232525562841,0.0,0
2399,21.31522,80.0526,12.443723303118803,33.507242703470844,0.07439986858555339,0.20162890636391856,0.016671073556117383,0.1952795424023634,0.3984622774711277,1.2596365889502927,0.10622077007506081,0
2400,21.31522,80.07468,14.364644875032171,34.84037228218848,0.0,0.0,0.0,0.0,0.5188532576556274,1.4790649335463868,0.0,0
2401,21.31522,80.09675,16.38002946885969,36.1734757761176,0.12003101566539565,0.0,0.42672690336803415,0.0,0.5983082798992876,1.4463110859005528,0.0,0
2402,21.31522,80.11883,18.45896198265985,37.506553172952216,0.03566912673113167,0.0,0.07191837244631075,0.3313255502618037,0.45861992274575036,0.20827873464854818,0.01200005083283587,0
2403,21.31522,80.14091,20.582195150145484,38.83960446038155,0.0,0.0,0.2261702434687089,0.0,0.4680404173793254,0.0,0.17961031696340563,0
2404,21.31522,80.16299,22.73732180674293,40.17262962609882,0.0,0.0,0.0,0.22957191583365094,0.3506746722030568,5.63096218863659,0.08274786737402079,0
2405,21.31522,80.18506,24.916067363952894,41.50562865778919,0.0,0.0,0.0,0.27119504359213625,0.14326643767741631,4.828397905590528,0.16166041473002818,0
2406,21.31522,80.20714,27.11273842666205,42.83860154314157,0.03568091823362081,0.0,0.14025195008073416,0.25598175292942893,0.4954485481157848,0.9378280289648684,0.14734600356528446,0
2407,21.31522,80.22922,29.32330672060248,44.17154826984728,0.0,0.0,0.0,0.05733120004393363,0.5663115361297997,5.376334702254995,0.0069046666352547675,0
2408,21.31522,80.2513,31.544850713835395,45.50446882558901,0.0,0.1409310586428765,0.0,0.21194340561764374,0.39560032603731066,3.8615491560324218,0.0,0
2409,21.31522,80.27338,33.775204676363856,46.83736319805565,0.0,0.0,0.0,0.3066957513113278,0.7421838113857351,2.2075799208029885,0.0,0
2410,21.31522,80.29545,36.01273173888902,48.170231374932236,0.0,0.17072248251840588,0.015700220115870717,0.49004142630843706,0.402967275994705,0.0,0.0,0
2411,21.31522,80.31753,38.2561732613702,49.50307334390413,0.1893424358291496,0.0,0.21379824601030503,0.1369086247797593,0.6774139044436202,3.9245308383405044,0.19034046337997926,0
2412,21.31522,80.33961,40.50454645581568,50.83588909265232,0.0,0.0,0.1870543140449286,0.4125571949589773,0.6083798068272469,7.8816967463395455,0.0,0
2413,21.31522,80.36169,42.75707329548071,52.16867860886308,0.0,0.0,0.3175743193033075,0.10257897992879611,0.8545261979113596,3.0652289881831662,0.0,0
2414,21.31522,80.38377,45.013130179386984,53.501441880217236,0.13333045955802778,0.0,0.34581511241389423,0.2663741204559912,0.6254671301171871,5.620077180494598,0.19749385334278102,0
2415,21.31522,80.40584,47.27221165729218,54.834178894396665,0.16291897036417527,0.11422627144445699,0.0,0.06856210607883109,0.34744560615524234,2.469867543452533,0.015083665935413855,0
2416,21.31522,80.42792,49.53390386384422,56.16688963908191,0.0,0.0,0.0,0.21507702314147917,0.6975593675167276,5.414306100257971,0.15484358836619744,0
2417,21.31522,80.45,51.79786477574189,57.4995741019536,0.0,0.08313670135860686,0.0,0.25645536838269106,0.7876258302012558,2.6245716927010845,0.0,0
2418,21.33406,78.75,46.76627971031546,46.89991996591727,0.07435121561701663,0.0,0.12654837568095703,0.3175899610979758,0.3018078734443299,0.0,0.0,0
2419,21.33406,78.77208,45.27596864937409,45.565287682575764,0.0,0.12229732441778028,0.0,0.2558698824085397,0.6393724027811104,1.1804382863810556,0.07132150053667219,0
2420,21.33406,78.79416,43.854558158858275,44.23068076283087,0.0,0.0,0.0,0.0663021617316669,0.6703101939460251,3.409931170957664,0.08458413447746672,0
2421,21.33406,78.81623,42.50896050136868,42.89609921893987,0.0,0.13745982843445692,0.0,0.01780281894996913,0.5200365108115022,5.891434945673625,0.0,0
2422,21.33406,78.83831,40.6606486162444,41.561543063167115,0.1869678819192963,0.011170899602622634,0.07700665108480349,0.2884950550134375,0.2106983582721666,2.689758096334019,0.2101707957519595,0
2423,21.33406,78.86039,38.378985007704806,40.22701230777768,0.0,0.24504102014438334,0.0,0.17229487469511767,0.5082324179158457,3.1805799687136838,0.15128717462714572,0
2424,21.33406,78.88247,36.097985631145356,38.892506965035274,0.013643031798098629,0.0,0.0,0.05470916523450561,0.4681625898432098,1.5926343022315248,0.09038546170805543,0
2425,21.33406,78.90455,33.81778494287662,37.558027047203225,0.13796658707394321,0.0,0.001968267201360477,0.06548629002548259,0.7634554113653415,7.197046866608122,0.0,0
2426,21.33406,78.92662,31.538556225680257,36.22357256654807,0.2552142563248079,0.0,0.2423357471532473,0.11896677423440535,0.5365544378249976,7.0625890728832825,0.0,0
2427,21.33406,78.9487,29.260526663473005,34.88914353533696,0.0,0.0,0.0,0.14867084733421457,0.49075209453371194,1.4282604878740717,0.19200661997360816,0
2428,21.33406,78.97078,26.984000011708265,33.55473996583787,0.00170545658105353,0.0,0.0,0.19619136282859068,0.4656605223367609,0.0,0.0,0
2429,21.33406,78.99286,24.709391723353175,32.22036187031622,0.2233004771812274,0.1054595700624136,0.0,0.19998523556325687,0.5923500141713146,0.0,0.0,0
2430,21.33406,79.01494,22.437285287017403,30.886009261044002,0.0,0.00734210424003487,0.20406776738816387,0.014211516944181685,0.5532085763180549,4.859826605534799,0.024613861208643516,0
2431,21.33406,79.03701,20.168526318828647,29.551682150287284,0.13057041886549192,0.0,0.0,0.4847137864331389,0.43247052348395837,3.6890386681228056,0.0,0
2432,21.33406,79.05909,17.904387442818166,28.21738055031713,0.0,0.0,0.0,0.20874926716245748,0.5768455270811418,1.358728440419156,0.0,0
2433,21.33406,79.08117,15.646874455658306,26.883104473404245,0.023624234677229655,0.0,0.0,0.32110114213307084,0.45724519264667035,4.160729902644028,0.07525636447710443,0
2434,21.33406,79.10325,13.399336809929403,25.54885393182153,0.0,0.3006326059916362,0.0,0.6358781785433205,0.1656471412506449,0.3276379333719155,0.0,0
2435,21.33406,79.12532,11.167798848850707,24.214628937840235,0.0,0.0,0.0,0.30000989357166313,0.6124291230092639,5.677414662427575,0.1698229217670392,0
2436,21.33406,79.1474,8.96421741452328,22.880429503733037,0.0,0.0,0.10899621643336432,0.4121386289351459,0.58535280783587,2.714182535216078,0.14724423789255575,0
2437,21.33406,79.16948,6.815762319515564,21.54625564177423,0.06073929491713559,0.2807565255422466,0.0,0.23722996321889644,0.5137407616600463,1.0095581617449119,0.07106167686429606,-1
2438,21.33406,79.19156,4.797082260894516,20.212107364237646,0.15389962396988333,0.21152390609199717,0.3715673812956916,0.2826775373695684,0.3981450145633823,2.9983570763407768,0.045540069599923794,-1
2439,21.33406,79.21364,3.166913478455884,18.877984683399134,0.027441305156982357,0.6896105891277815,0.400513257659093,0.013250239533622046,0.4219335430234768,3.060971108806748,0.26872103822657506,1
2440,21.33406,79.23571,2.739825640018042,17.543887611533993,0.06213296872446379,0.3217870175673267,0.9305214252675061,0.05551037883843618,0.538017602240768,5.2304883318952005,0.6576918812031414,1
2441,21.33406,79.25779,3.929873908961452,16.209816160917836,0.13563654056496904,0.44910481046018946,0.05065197085154616,0.2275477527446274,0.35765577160271844,7.517661983726595,0.10656383792749925,1
2442,21.33406,79.27987,5.817313300152412,14.875770343830204,0.0,0.3872582015382652,0.3101006003816021,0.3357496458987097,0.5944998494166953,7.620255312012096,0.3777443837737937,-1
2443,21.33406,79.30195,7.918227039679177,13.541750172548184,0.19343146534675107,0.06618873809369703,0.22440431475060246,0.025602318892993275,0.2900784801192625,5.413919238613474,0.0,-1
2444,21.33406,79.32403,10.100270522770787,12.207755659351584,0.22905054521444776,0.0,0.0,0.17473894045908916,0.5363936867927825,4.8315419966440345,0.0,0
2445,21.33406,79.3461,12.320412688060058,10.873786816517566,0.47571367943449006,0.21729957869800717,0.10421089281028954,0.21480650780263627,0.5279465076348976,4.210141323398663,0.0,0
2446,21.33406,79.36818,14.561237275298154,9.53984365632859,0.15879842268276717,0.18753277337492158,0.21058145402450634,0.21566186574296708,0.6727133852295966,1.5213047392003762,0.16277562599622514,0
2447,21.33406,79.39026,16.814477393036277,8.205926191064396,0.19973388508110018,0.0,0.056914466838909245,0.24251661468920319,0.4092171776890813,6.5663575267974545,0.014594187980727466,0
2448,21.33406,79.41234,19.075733916587428,6.872034433006328,0.41039193979666677,0.0,0.30182817618685776,0.24758069985827683,0.4283035325433681,4.981413241659697,0.21261822601844024,0
2449,21.33406,79.43442,21.342458920210795,5.538168394439465,0.4956066247030506,0.0,0.0,0.47216395988874543,0.34906637724215517,11.03173608376602,0.0,0
2450,21.33406,79.45649,23.613077586704264,4.204328087644556,0.4320167637661495,0.24511862721813232,0.0,0.5793065786858207,0.46675004087518934,8.119214249606165,0.0,0
2451,21.33406,79.47857,25.886565309385002,2.870513524907144,0.5713829899422321,0.1338936948517536,0.3022392175189149,0.6322983508934423,0.5830836753404036,11.484657143335976,0.0,0
2452,21.33406,79.50065,28.16222721582503,1.5367247185097554,0.8389841691896429,0.1810206886650745,0.18718414937630692,0.8034410583592406,0.29647137460035056,9.332778493770324,0.32444839298086775,0
2453,21.33406,79.52273,30.439575644497932,0.20296168074031581,0.8674286785248616,0.0,0.11126098817083703,0.7770413516404826,0.4867398573432445,10.043055328969135,0.0,0
2454,21.33406,79.54481,32.71825838704122,1.1307755761158733,0.7789674034518339,0.0415608775285555,0.24873031056797312,0.47160364975878855,0.6346539992892252,12.509831525733189,0.0,0
2455,21.33406,79.56688,34.56358655698048,2.464487039774383,0.6739052635742214,0.10737676470316573,0.0,0.7369982653035418,0.5349670395925061,10.565987447325066,0.0,0
2456,21.33406,79.58896,32.44149022108247,3.7981726979425656,0.6504937786058677,0.04815998896928066,0.16131708187065755,0.35471257183269594,0.5596316827964009,9.739231997323264,0.09179600749058113,0
2457,21.33406,79.61104,30.171315607362754,5.131832538336085,0.35260148568271577,0.15087946932463295,0.21619055891945063,0.3632889192081535,0.3378364582997401,7.844866642844842,0.0,0
2458,21.33406,79.63312,27.903887520479856,6.465466548663307,0.11933296976071986,0.20547218539613338,0.0,0.2446770941444142,0.5340825356246647,9.440264437275086,0.29178479582510836,0
2459,21.33406,79.65519,25.63993467577466,7.799074716636115,0.042582128361696586,0.45868079518918614,0.5334069263944885,0.4071558046126556,0.5512288937035756,8.459951883363633,0.013369662702057352,0
2460,21.33406,79.67727,23.380466678937935,9.132657029962866,0.06712143142292742,0.078796129736416,0.05066984332184674,0.45624772333231417,0.5230162157740953,0.6027387095947603,0.06685973893186727,0
2461,21.33406,79.69935,21.126922557953524,10.466213476352477,0.017175113798273023,0.24984850562162644,0.0,0.10908272952744591,0.5654791903030653,5.143791333834533,0.07576973159041792,0
2462,21.33406,79.72143,18.88142357134552,11.799744043514789,0.12137516612861218,0.0,0.10208669898991497,0.21598092939217825,0.4981254355246756,8.064078809600488,0.0,0
2463,21.33406,79.74351,16.647225649346513,13.133248719152546,0.0,0.0,0.0,0.10101864848202916,0.4736790963268569,2.4409039759231206,0.025484148931259807,0
2464,21.33406,79.76558,14.429579188126652,14.466727490974892,0.0053840505664805305,0.0049550159463665824,0.2910343796934785,0.20568359516918788,0.3863777140591914,0.40341729843184826,0.0248970847575206,0
2465,21.33406,79.78766,12.237485796160781,15.800180346687355,0.0,0.0,0.19604296485510064,0.0,0.6604079842041367,4.194436926190462,0.10429278449053064,0
2466,21.33406,79.80974,10.087617764461427,17.13360727399479,0.0046602849495396975,0.09194132146127863,0.008219785749703945,0.20139030733107297,0.3410403314128292,5.695013585904768,0.0,0
2467,21.33406,79.83182,8.014030018666746,18.467008260599822,0.20475939936339438,0.0011290541787211256,0.48681965051968457,0.3437020748175143,0.5195162841568107,2.959175137510102,0.0,0
2468,21.33406,79.8539,6.0950795140346425,19.800383294207915,0.11631452202408729,0.0,0.452013406107941,0.09065466370754033,0.7314284394621589,7.358846231186344,0.2540409907514764,-1
2469,21.33406,79.87597,4.531664608075213,21.133732362521773,0.03146729743781575,0.5371432041819757,0.18537616080270444,0.10530070479462741,0.6102248568880209,8.653292628724442,0.19146742649472023,-1
2470,21.33406,79.89805,3.792446041689315,22.46705545324067,0.0,0.21966980010021275,0.3710382103169866,0.14265358113998955,0.5150134293911492,0.0,0.0,1
2471,21.33406,79.92013,4.32319129582269,23.8003525540682,0.0,0.005235729824814128,0.46790172765169724,0.3145876645982214,0.4876652172342283,2.640993049313035,0.12751371755579055,-1
2472,21.33406,79.94221,5.7842883779277505,25.133623652703225,0.054491966152061165,0.33112987689764317,0.20662516695013125,0.1207878609245275,0.4558428163594615,0.0,0.37887453220091627,-1
2473,21.33406,79.96429,7.660722803077155,26.466868736846525,0.08224155997388101,0.0030521498774818967,0.1318115527908968,0.0,0.3680246603287759,5.194052193142454,0.052777183023104024,-1
2474,21.33406,79.98636,9.714732521530681,27.800087794194766,0.0,0.24828157038605198,0.14411446416236334,0.15035350155862992,0.47484910514075007,1.6423438260913517,0.0,0
2475,21.33406,80.00844,10.863668936568164,29.133280812449897,0.01216276596764287,0.0,0.0,0.15383607186999843,0.5977717712825283,2.116428773437852,0.0,0
2476,21.33406,80.03052,12.189381161173156,30.466447779306666,0.0,0.0,0.0,0.1586053929649559,0.5783340256976702,6.289888779880003,0.0,0
2477,21.33406,80.0526,13.7697840809246,31.79958868245965,0.03039759020746583,0.08385790300602848,0.11325918097317536,0.047504251127322844,0.6402681451855577,0.0,0.0,0
2478,21.33406,80.07468,15.52730252133255,33.132703509609534,0.09545528456144445,0.11434936677819844,0.0,0.03772450608827936,0.7057182672891227,0.0,0.07695989954064673,0
2479,21.33406,80.09675,17.408375051832866,34.46579224844708,0.0,0.13598161784823667,0.0,0.05298262372567551,0.5168267018141625,0.0,0.01272850466218904,0
2480,21.33406,80.11883,19.3770520846499,35.79885488666937,0.22054649845685917,0.0,0.0,0.02760220036886954,0.5689438201618408,6.471937897106121,0.0,0
2481,21.33406,80.14091,21.40918024607701,37.13189141196774,0.0,0.09054246330431945,0.0,0.18137570798336486,0.27848867461777027,5.844729393926416,0.0,0
2482,21.33406,80.16299,23.48829653840305,38.46490181203844,0.027736530953803608,0.12345415825895466,0.09644975913926694,0.036718267449316194,0.8618784463497949,2.3612400143565884,0.2450827404392782,0
2483,21.33406,80.18506,25.60295631493296,39.79788607456908,0.0,0.03506389562271021,0.0,0.0,0.4892568412789239,0.0,0.0,0
2484,21.33406,80.20714,27.745033612193694,41.13084418725191,0.0,0.0,0.0,0.36684590613988277,0.6392745991442261,5.261865886682679,0.0,0
2485,21.33406,80.22922,29.908637987561384,42.46377613778068,0.0,0.0,0.0,0.31788719410159366,0.49059792038077626,10.242537883694771,0.0,0
2486,21.33406,80.2513,32.089415357866294,43.79668191384111,0.013528516062291067,0.0971618920056226,0.0,0.07315813654143377,0.48776434210352004,2.4565286005905307,0.0,0
2487,21.33406,80.27338,34.2840887688537,45.12956150312395,0.10229631853579581,0.007777087131533862,0.0768611345596042,0.10043782829202076,0.5161598520037195,0.0,0.07716640117677179,0
2488,21.33406,80.29545,36.49015096601014,46.462414893317856,0.1657617976131127,0.0,0.0,0.0,0.3752265244413176,6.279947896227816,0.14889192244049354,0
2489,21.33406,80.31753,38.705654617733316,47.79524207211065,7.707897487112134e-05,0.2051254312901502,0.16523754397099547,0.0,0.20245442277759856,0.09998189810329983,0.13690273433595826,0
2490,21.33406,80.33961,40.92906650589701,49.12804302718637,0.09811589593443748,0.0,0.19348745673035955,0.09362345901851164,0.7121385952482169,2.084979160502654,0.38878893668170994,0
2491,21.33406,80.36169,43.15916439212223,50.46081774623339,0.0,0.2635168665074646,0.0,0.09696075532837686,0.6262480211094327,0.0,0.0,0
2492,21.33406,80.38377,45.39496286662246,51.7935662169356,0.0920929154614388,0.0,0.0,0.2435501423249116,0.421676750078904,2.239996062134371,0.036937843129093414,0
2493,21.33406,80.40584,47.635659217389616,53.12628842697735,0.0,0.05113445622808134,0.0,0.12581025531377862,0.6131961709173803,0.0,0.0,0
2494,21.33406,80.42792,49.880593352368244,54.45898436404248,0.13099351366016354,0.0,0.0,0.0,0.6653017193759942,6.294165001692624,0.3215620315742859,0
2495,21.33406,80.45,52.12921773538823,55.79165401581408,0.2653684567780201,0.0,0.0,0.01731852980295559,0.45294344788501995,0.4803083571334952,0.02809679395392453,0
2496,21.3529,78.75,48.349459549865706,48.606629955010604,0.0,0.0,0.0,0.2470822787217769,0.607595417467765,5.0681243280365,0.0,0
2497,21.3529,78.77208,46.90965996053749,47.27201221702497,0.0,0.054243961323535234,0.014108574264909435,0.20984841025422984,0.6908719971001451,2.7742715002643523,0.06947526212750647,0
2498,21.3529,78.79416,45.39479779324868,45.937419846314704,0.0,0.10900685397795042,0.48626887640415106,0.12508425931776282,0.34852710071522697,3.3805906492193136,0.04269482079151475,0
2499,21.3529,78.81623,43.12136134307858,44.602852855138245,0.14841594858581345,0.0,0.0,0.13106775182274405,0.6245262786487629,4.4211522070632805,0.12124245251846302,0
2500,21.3529,78.83831,40.849412761498954,43.26831125575448,0.06710734841995372,0.0,0.0,0.16050755805240108,0.6007932756174881,2.9345290526692738,0.0,0
2501,21.3529,78.86039,38.579214961886144,41.933795060427286,0.030791631371708553,0.0,0.0,0.31979463036641503,0.8129405613752472,1.4009655641914875,0.05246379243850552,0
2502,21.3529,78.88247,36.311096375233966,40.599304281416146,0.12219186292831731,0.3299716789256245,0.2497663119929552,0.0,0.6275142344408189,0.9876155941915887,0.0,0
2503,21.3529,78.90455,34.04547260627675,39.264838930983494,0.05957293364465786,0.0,0.17658832916827014,0.0009114048002735464,0.49179001535573186,4.43803621302516,0.0,0
2504,21.3529,78.92662,31.782877233617906,37.93039902139266,0.14792384909370762,0.23077536819553063,0.16362100232160362,0.455586565546586,0.5076723696436837,0.0,0.05491549615053551,0
2505,21.3529,78.9487,29.524006565594853,36.595984564907326,0.11257521043446332,0.0,0.2756899169172785,0.21395136204595627,0.8318162638755271,7.517505881832511,0.024597478680857033,0
2506,21.3529,78.97078,27.269786266485923,35.261595573792135,0.18540742550151063,0.0,0.0,0.3303026660603156,0.4981968186139916,3.5216718826005766,0.16829781201348756,0
2507,21.3529,78.99286,25.021473293277115,33.9272320603112,0.0465571181471151,0.10507205377620188,0.0,0.44560494096993564,0.628970765618605,2.330305619627813,0.004868191240322298,0
2508,21.3529,79.01494,22.780816803496496,32.592894036733725,0.11300481479604901,0.0,0.3546889599299025,0.0,0.5121382408146399,3.932519510669369,0.097667595345247,0
2509,21.3529,79.03701,20.550321421547732,31.258581515322472,0.0,0.26418188892206557,0.14561701716304695,0.0,0.6948671738744487,1.7339910893706927,0.0,0
2510,21.3529,79.05909,18.33369620530742,29.92429450834699,0.0,0.02571675833677683,0.0,0.2321939926490449,0.6988750687033862,2.8608528683620302,0.22683961486009627,0
2511,21.3529,79.08117,16.136658079873857,28.590033028074476,0.21333495817704198,0.09402406993451999,0.13351394152778365,0.319995824959164,0.5332427605565049,0.43303963171931725,0.0,0
2512,21.3529,79.10325,13.968452467314764,27.255797086774336,0.03658990321831035,0.0,0.0,0.17463843499323084,0.4735567980524105,4.410750935605704,0.1574059131851281,0
2513,21.3529,79.12532,11.844923337257041,25.921586696714808,0.10988203476402136,0.15400065990694803,0.27248473771678783,0.33500195828102564,0.4619391184463569,3.3011386436252796,0.0658308146511234,0
2514,21.3529,79.1474,9.795170680771426,24.58740187016756,0.031456311141342674,0.3289708199412012,0.21642183871388276,0.09734622826920993,0.26909661414850594,4.07325908065255,0.06443761560734981,0
2515,21.3529,79.16948,7.877000990411406,23.253242619404382,0.0,0.09732989972895364,0.0,0.1591389596084097,0.5102669297807106,7.535615356766856,0.19539255454569987,-1
2516,21.3529,79.19156,6.213496386416157,21.91910895669459,0.027226430338640657,0.45154820791591593,0.31226329866848546,0.10530150575769269,0.490251587850854,1.6970780622556996,0.0,-1
2517,21.3529,79.21364,5.06226701677885,20.58500089431282,0.20467924020674316,0.13277839068514175,0.36080939458203,0.0,0.34971925918305485,3.5788354958316666,0.0730337538600656,-1
2518,21.3529,79.23571,4.806680234160319,19.25091844453018,0.10704655190697186,0.3703096773003484,0.4065351782486433,0.29825834196970796,0.2033606478076681,0.0,0.29666298772881905,-1
2519,21.3529,79.25779,5.571393000540018,17.916861619622043,0.0,0.29115852670826137,0.40561378998500364,0.1237763439488406,0.49985594868074906,5.659404960460596,0.45002232647116425,-1
2520,21.3529,79.27987,7.0310228610245415,16.582830431862266,0.03722206144298292,0.0,0.5219863803375112,0.4065685475035661,0.5346077658611174,4.380275491663052,0.09000139622973859,-1
2521,21.3529,79.30195,8.848093694654427,15.248824893526708,0.29262574224905,0.15348337056183842,0.24288881310913335,0.1010116726130347,0.5594800484793445,4.698627811246942,0.0,0
2522,21.3529,79.32403,10.844392932338367,13.914845016892965,0.07270243157597192,0.09493476489656731,0.11595480747914648,0.2698858079439967,0.37859253868052156,4.508568954561888,0.0,0
2523,21.3529,79.3461,12.937216463545878,12.580890814233989,0.0,0.0,0.3057195633832531,0.42557539039073033,0.5823954574496705,3.720796356982018,0.007745817732609642,0
2524,21.3529,79.36818,15.086447438430007,11.246962297831328,0.38059849387239425,0.13582999424912723,0.5000501778054204,0.25852032029408073,0.5088162875367758,12.069086297835252,0.18691309439302634,0
2525,21.3529,79.39026,17.27104039573831,9.9130594799608,0.2735194523978284,0.10581245451729597,0.21763383977633544,0.20279912003214665,0.6597845765291911,6.09085892079776,0.012770307250865707,0
2526,21.3529,79.41234,19.479101328139777,8.57918237290303,0.23093999231817855,0.07968916501686957,0.06441351008929519,0.44977647152903744,0.40574316359162244,7.240345241996868,0.0,0
2527,21.3529,79.43442,21.70346864720741,7.245330988935605,0.25435708622054215,0.09339664060072034,0.1019702920771481,0.5898879266520551,0.7056571355816665,4.061149412905319,0.1555786419969804,0
2528,21.3529,79.45649,23.939597382924767,5.91150534034073,0.5032277780750525,0.10689090872832611,0.06150683381520404,0.3800338279157405,0.7576979023882591,9.967690526406992,0.09167984990145138,0
2529,21.3529,79.47857,26.184474429617563,4.57770543940044,0.40125041323531874,0.083313621806439,0.010550598117275838,0.5314705953694827,0.5637057441012432,8.090837903810884,0.0,0
2530,21.3529,79.50065,28.436027922441326,3.2439312983939463,0.7201573221665514,0.1896490178355533,0.437580971502128,0.8352631279758047,0.6047654747635455,10.435459732697787,0.11538693509407455,0
2531,21.3529,79.52273,30.692788550273608,1.9101829296076522,0.792401553239086,0.0942210101000344,0.0,0.6767606530689937,0.6585443227259841,12.624984795911516,0.0,0
2532,21.3529,79.54481,32.9536864931881,0.5764603453223405,0.9377561486076194,0.657907082365168,0.23298093603114223,0.7465594800192917,0.40557802488807104,11.171452779638681,0.0,0
2533,21.3529,79.56688,35.00223770751908,0.7572364421787785,0.8988949645115587,0.0020472419570448652,0.0,0.6630785924719658,0.48133750285215793,9.513559902134892,0.0,0
2534,21.3529,79.58896,32.75016922088615,2.0909074206069804,0.684760640290313,0.09915105732123299,0.0,0.4137659345010884,0.5749393269510772,4.082094436846666,0.0,0
2535,21.3529,79.61104,30.503275775731435,3.4245525776797487,0.690573316127719,0.08238863360574611,0.0,0.45405955625838484,0.8325260669134081,8.144971472344578,0.14519649055277967,0
2536,21.3529,79.63312,28.26279169660649,4.75817190110817,0.3486311977033524,0.46504152514228175,0.0,0.510119087075756,0.3807450007160319,6.530153367490775,0.0,0
2537,21.3529,79.65519,26.030372085100154,6.091765378607755,0.1676648007152881,0.0,0.1225569326126176,0.4852863152664096,0.7766699448801183,4.601940996318545,0.17707292705400268,0
2538,21.3529,79.67727,23.808285629999375,7.425332997888379,0.3638252978332539,0.16891733866077396,0.028806950272742236,0.2342018501222223,0.5191662429307955,10.721992430148719,0.028989775428144588,0
2539,21.3529,79.69935,21.599721709163546,8.758874746663182,0.30802843228936727,0.12677738816673473,0.0,0.1347574241514289,0.5397138246489656,8.956011785872274,0.0,0
2540,21.3529,79.72143,19.409297068138535,10.092390612642934,0.24361843018634355,0.13003778023963736,0.3176698369353548,0.18324741421278778,0.712653246012086,1.174896058426147,0.006055550248875785,0
2541,21.3529,79.74351,17.243925617493776,11.425880583534001,0.19785225913424906,0.2678130997493333,0.2528175849078796,0.2718425622635167,0.8217082706517101,5.928288940299285,0.0,0
2542,21.3529,79.76558,15.11437903253726,12.759344647048561,0.08078225781832059,0.2624050744057288,0.36845225090987715,0.31676677064661785,0.5930914070550304,3.0555907972705847,0.0,0
2543,21.3529,79.78766,13.03822313603551,14.09278279089455,0.18998187229490426,0.0,0.12213370106082816,0.2660032556411577,0.6902983053027794,5.833829790273991,0.0,0
2544,21.3529,79.80974,11.045605409717796,15.42619500277957,0.07098958800885842,0.11479486572818315,0.1002275761689936,0.17620717411036027,0.3894231052263802,2.5421768112706915,0.0,0
2545,21.3529,79.83182,9.191020805548865,16.759581270409264,0.0027674624521611194,0.0,0.2911449812031127,0.3522390853745682,0.4326467788152802,2.9966167739428675,0.0,0
2546,21.3529,79.8539,7.576520113128398,18.092941581491523,0.01159483852271024,0.15473720826981496,0.08626171602655656,0.06259720023843404,0.3040825089499626,6.709406415400916,0.0,-1
2547,21.3529,79.87597,6.386844301269002,19.426275923730884,0.2817303428626098,0.04692991429921067,0.27648896337209217,0.22551198716802,0.40883582575844124,6.169796481147248,0.3086845084013754,-1
2548,21.3529,79.89805,5.885510435493901,20.759584284830456,0.0,0.1610479675283016,0.23924576852919374,0.431024441685169,0.5541395570640274,7.821023988925028,0.0,-1
2549,21.3529,79.92013,6.2406743240160525,22.09286665249715,0.08514351609618537,0.0,0.0,0.07544077193714269,0.5090173722648053,3.2086271536553665,0.11108781531465446,-1
2550,21.3529,79.94221,7.328855902558117,23.42612301443197,0.0,0.19819610811851807,0.23654055232903703,0.084390412673715,0.7328354321883848,0.0,0.2649167802620938,-1
2551,21.3529,79.96429,8.88468183236666,24.75935335833732,0.003150316459568321,0.0,0.07085605108893185,0.20774530169853292,0.7921675188311028,5.970116774887286,0.19130464292312582,0
2552,21.3529,79.98636,10.70618245635648,26.0925576719135,0.0,0.08490788922557257,0.06569890936884439,0.17963721174907327,0.49730861043999125,5.906045680139238,0.0,0
2553,21.3529,80.00844,12.679370754061695,27.4257359428655,0.0,0.0,0.1525368889334376,0.41094093799052456,0.43067474542758644,5.060884124395911,0.0,0
2554,21.3529,80.03052,13.860910137151908,28.758888158890496,0.054970841543341406,0.0,0.3188636615469593,0.0641288175834748,0.6925557867535943,1.4347870710468558,0.04216483080607911,0
2555,21.3529,80.0526,15.269103002367565,30.092014307686398,0.0,0.2070600506005214,0.0,0.4507617002872906,0.7112943526566033,0.5337142243374791,0.3468781553027931,0
2556,21.3529,80.07468,16.87095343924701,31.425114376955115,0.0,0.11003587962828972,0.0,0.20379402907600677,0.599755701643352,4.66755433785395,0.07173276877340688,0
2557,21.3529,80.09675,18.61653886140753,32.75818835439168,0.10500301115423714,0.19517899343772493,0.0,0.1983654660386952,0.6397935094415674,0.9323209038641234,0.11034350271282248,0
2558,21.3529,80.11883,20.469119496702124,34.09123622769436,0.17560791319739313,0.25757618690794526,0.0,0.18981959160431205,0.6202831735482488,2.403054343612963,0.3646428077155831,0
2559,21.3529,80.14091,22.40216663419652,35.42425798455877,0.1815433126851092,0.0,0.0,0.10115091134499513,0.4067931915864864,10.732656615043332,0.04561458893602181,0
2560,21.3529,80.16299,24.396560584692832,36.75725361268258,0.045259621058698844,0.2440454861691533,0.0,0.2986014375767709,0.3759711306112218,8.686805095357572,0.1843148957676883,0
2561,21.3529,80.18506,26.438421785539806,38.090223099758546,0.007276572381186986,0.0,0.12371229633307101,0.0,0.5404339398470733,5.19167190721493,0.07680290891559108,0
2562,21.3529,80.20714,28.517556036850777,39.42316643347895,0.16077985233176137,0.12178739142123286,0.06856905660540151,0.20141690460283157,0.5201465542123255,1.390794500010514,0.07430775768461444,0
2563,21.3529,80.22922,30.62637316984017,40.75608360154097,0.20300798746159038,0.0,0.0,0.33379892267762723,0.5875581315676418,1.2191319289093283,0.0,0
2564,21.3529,80.2513,32.75914128508375,42.088974591634,0.1369267036916865,0.0,0.2609038366623491,0.09446034344577492,0.5307776912608193,4.944855039789875,0.0,0
2565,21.3529,80.27338,34.91147106982507,43.4218393914506,0.0,0.09953494867958085,0.19028330056201354,0.36539775718539014,0.3109485765645568,6.964439650347623,0.0,0
2566,21.3529,80.29545,37.07995623317282,44.75467798868278,0.024737549391909967,0.15219261931004935,0.0,0.2809566336402691,0.25387885630370366,1.7320654842668866,0.14112717608365663,0
2567,21.3529,80.31753,39.26191998184898,46.087490371019506,0.05320333584636281,0.14727093237869604,0.245457312447811,0.254411378700466,0.6529524141049945,1.8660574125281586,0.13352398891148914,0
2568,21.3529,80.33961,41.4552340267975,47.42027652615024,0.0,0.035067508859983575,0.06581394347421403,0.3841684089073723,0.4570096242986875,3.274392495319014,0.2133148300435481,0
2569,21.3529,80.36169,43.65818770232249,48.75303644176432,0.05661917410202303,0.021690830231259034,0.0,0.3594221035643148,0.5173642441385355,0.0,0.0,0
2570,21.3529,80.38377,45.869392111635854,50.08577010554878,0.27299597695089756,0.0847839703979565,0.07180704788365934,0.060020880025149534,0.47178785327977996,0.0,0.086040130181377,0
2571,21.3529,80.40584,48.08770905394482,51.418477505191284,0.07698210069143577,0.049010958965101235,0.0,0.20873209974212906,0.4221070067938858,0.0,0.0867200501440304,0
2572,21.3529,80.42792,49.73566785900191,52.75115862837666,0.17696153485741128,0.0869620949450242,0.10911031773161659,0.1685774815804223,0.4183705020198272,4.445380603515803,0.0,0
2573,21.3529,80.45,51.32056211334445,54.08381346279283,0.022071465503664327,0.03293159206014794,0.03753401067282743,0.44117720229734264,0.6927385156951777,3.729288212106371,0.0,0
2574,21.37174,78.75,49.970324653071344,50.31325985123829,0.0,0.13531230854234694,0.0,0.0,0.5164706431558028,5.9896732716381536,0.0,0
2575,21.37174,78.77208,47.92148201755754,48.97865666512509,0.04603754171187203,0.0,0.0,0.011425155295613568,0.6387990251400235,0.0,0.0,0
2576,21.37174,78.79416,45.65962334025507,47.644078849964686,0.0,0.0,0.10563497402866065,0.21937022763631314,0.6575727861984106,0.0,0.0,0
2577,21.37174,78.81623,43.4003594669965,46.309526418012545,0.0,0.0,0.0,0.20312653481812554,0.5941745671303954,4.237305839817352,0.18150485704468836,0
2578,21.37174,78.83831,41.14411789779247,44.974999381525436,0.15251194061368484,0.04520236540383063,0.1560403900164528,0.3178284201627044,0.6620757478299617,0.7935326545981103,0.19728418900322822,0
2579,21.37174,78.86039,38.89142469097836,43.64049775276424,0.16537481907337573,0.2638224048456211,0.0970144048630893,0.28725096715440634,0.5516971075455525,0.9920089218732624,0.02332458706203645,0
2580,21.37174,78.88247,36.64293432750284,42.306021543986056,0.0,0.0,0.0,0.5094434634579228,0.7404887792547089,5.714956569644519,0.3301611829242512,0
2581,21.37174,78.90455,34.39947101095977,40.97157076745,0.11724223419859743,0.021990268891193928,0.20613514549131776,0.08287157037297939,0.6646309850166022,1.657213791770316,0.030435645965528866,0
2582,21.37174,78.92662,32.16208679083147,39.637145435417004,0.0,0.12304212892916432,0.0432776673201567,0.0,0.6829621926744234,1.976664402833836,0.1653387488006292,0
2583,21.37174,78.9487,29.93214495787791,38.30274556014773,0.04246573797364863,0.0,0.036192498681908186,0.13285534326705706,0.41724460992590057,2.47739252570624,0.0,0
2584,21.37174,78.97078,27.7114422878353,36.96837115390503,0.05733554505926278,0.0,0.0,0.12728940340514777,0.5848807583693977,2.6555320728849066,0.0,0
2585,21.37174,78.99286,25.502392533563327,35.63402222894942,0.12195670941108902,0.06250670783284612,0.3444620743782207,0.09122208149225558,0.2902450523516795,4.952514997982953,0.0,0
2586,21.37174,79.01494,23.308309202577057,34.299698797547684,0.013217010933178192,0.0,0.0,0.45833271746236326,0.7420324875943041,0.05310748273753463,0.23674539196470512,0
2587,21.37174,79.03701,21.133854230091067,32.96540087195989,0.17332984540843685,0.0,0.0,0.054712840710252786,0.45682801261821193,2.7418383255297103,0.0,0
2588,21.37174,79.05909,18.985773016752805,31.631128464452576,0.04226362010472205,0.1874441486918034,0.0,0.24314117676679745,0.4736929420311407,6.290012488981688,0.0,0
2589,21.37174,79.08117,16.874140773753766,30.296881587290823,0.08131477816622337,0.17718489556050776,0.18255653510320438,0.334523541324091,0.3465565172825213,8.855802116255628,0.004989535764844813,0
2590,21.37174,79.10325,14.814551816850427,28.962660252741344,0.0,0.08505966946542148,0.0,0.29171642655141056,0.5279896284674634,0.0,0.0,0
2591,21.37174,79.12532,12.832090023531114,27.62846447306906,0.269043343263978,0.17938721634689336,0.0,0.12714180898439248,0.48888267965348847,4.278477925873925,0.208900881018027,0
2592,21.37174,79.1474,10.968655088200276,26.294294260543225,0.06887454479941334,0.0920832009887059,0.0054996904788732065,0.18749321112878237,0.7730342397523814,2.9903426507250686,0.3321560483770426,0
2593,21.37174,79.16948,9.29610276524097,24.960149627432624,0.10116685974644435,0.17331134212812377,0.16013040803314113,0.04706555691808478,0.6278157777805254,3.3052071803348864,0.05010814237246789,0
2594,21.37174,79.19156,7.936052644265598,23.62603058600446,0.0,0.06567501640582851,0.0,0.17402636924277998,0.4246645336678362,1.598970587347531,0.15897654562034141,-1
2595,21.37174,79.21364,7.071181637934556,22.291937148530668,0.0,0.16197097969293,0.0,0.10830947515080201,0.2551812494038876,5.721134308477621,0.2483274991305124,-1
2596,21.37174,79.23571,6.89054144675659,20.957869327279035,0.17895621151110042,0.05097245083586495,0.32009789384928455,0.25235761765870013,0.16685886482264084,5.708527421416161,0.11511193907842793,-1
2597,21.37174,79.25779,7.444110869712472,19.623827134522518,0.07240912638210051,0.3403011170646024,0.0,0.28373550609855114,0.3484873376653453,10.576417723543408,0.0,-1
2598,21.37174,79.27987,8.591116646509969,18.28981058253197,0.0,0.35641919150537754,0.33859697386775556,0.46759898842561703,0.31585649387558473,0.7446145061492704,0.0,0
2599,21.37174,79.30195,10.131981881541543,16.95581968358113,0.18384594992780803,0.3103752104630557,0.4384830020216936,0.10373095730494647,0.5618526242362597,0.0,0.1046387207268959,0
2600,21.37174,79.32403,11.914868900457355,15.621854449944882,0.008749599093716573,0.0083176059112917,0.05883227566990207,0.48137565046337927,0.5022535809157905,9.928694654377551,0.08627220289784289,0
2601,21.37174,79.3461,13.846603073052995,14.287914893892863,0.2617866083061627,0.0,0.32442325297374325,0.3926795393370766,0.5325290522869179,4.704920606685595,0.0,0
2602,21.37174,79.36818,15.87293303432053,12.954001027704203,0.10490020263532933,0.26800767936787584,0.03978842973439545,0.24503966762620033,0.40295680240609066,3.9460970967800724,0.0,0
2603,21.37174,79.39026,17.96187237119056,11.62011286365171,0.168745852350359,0.1539320204102327,0.35038149700089943,0.15907216359123463,0.5612636446896286,5.9640824267237305,0.0,0
2604,21.37174,79.41234,20.09390412970034,10.286250414013885,0.3215507702003674,0.126618331520479,0.0,0.3551974450559277,0.34411908925044393,2.2433717056396114,0.14341451406844985,0
2605,21.37174,79.43442,22.256647856326026,8.952413691065603,0.11720769664353724,0.0,0.0,0.18709728937421297,0.5327397722431318,7.30570391866021,0.0,0
2606,21.37174,79.45649,24.441952237056956,7.618602707085745,0.16175541312675784,0.1662315016320319,0.0,0.38200015879936333,0.6628315985102264,6.6514963727967436,0.0,0
2607,21.37174,79.47857,26.644266686119572,6.284817474353932,0.3272445497483287,0.0,0.3478904338760299,0.20928093880481918,0.49648189987350266,10.268638342463785,0.0,0
2608,21.37174,79.50065,28.859697258212215,4.9510580051466535,0.5374184594193675,0.23663813687113422,0.11120337237793879,0.4472094685693644,0.6104804812046963,10.420171865309648,0.1267967533370463,0
2609,21.37174,79.52273,31.08543971901023,3.6173243117472924,0.38752402065405683,0.38000031080221197,0.0,0.2621837979938485,0.2721143497472329,11.466144383449958,0.15511234271985924,0
2610,21.37174,79.54481,33.319427586365585,2.2836164064348123,0.4832851946201614,0.44906678756926144,0.06765134787429646,0.49281003428970754,0.2612331503759084,10.4792489032733,0.07902313528456743,0
2611,21.37174,79.56688,35.41240060538261,0.949934301488801,0.9524210704290283,0.3354803204141199,0.19550385886910193,0.47451504859972815,0.5952694652095276,15.269779882051303,0.17705375688552644,0
2612,21.37174,79.58896,33.18847181814132,0.3837219908044394,0.8656910653655072,0.01735520517030409,0.0,0.7849044578755809,0.695790587419831,13.122601110956309,0.19771975245727844,0
2613,21.37174,79.61104,30.97368515797269,1.7173524581651145,0.7040261716041547,0.23360011100467093,0.5281443474760752,0.545840314445295,0.5155015199909059,9.05044070666489,0.0,0
2614,21.37174,79.63312,28.770152091259934,3.050957088307336,0.37858405101900205,0.5136445645673532,0.0,0.5401815409388596,0.8486750212818083,7.308389073267303,0.09489425839594025,0
2615,21.37174,79.65519,26.58067157688434,4.384535868948733,0.4000672973687701,0.006513898698704501,0.20687318204203692,0.5818446945397344,0.3455416472626799,6.71827792129059,0.0,0
2616,21.37174,79.67727,24.40902548278253,5.718088787801913,0.3846687575885102,0.11453655647183202,0.16184304668978464,0.2532001599317874,0.45138053619711477,9.298741002002782,0.0,0
2617,21.37174,79.69935,22.260434051328005,7.0516158325833365,0.42038116717208523,0.33258104319355364,0.0,0.4880262720946782,0.5647176872100353,3.6489754960828074,0.0,0
2618,21.37174,79.72143,20.142276456553844,8.385116991006202,0.15466178740151887,0.19126564255429512,0.0,0.28479747999394894,0.6080448754136007,6.948299428943264,0.11915469081954079,0
2619,21.37174,79.74351,18.06526105210631,9.718592250780201,0.3968302709155252,0.47921248520692933,0.23358439314641877,0.40716171554126185,0.45840392658875206,3.891365858572867,0.23685271874498323,0
2620,21.37174,79.76558,16.045372971633437,11.052041599618732,0.07635228685612679,0.0,0.07221942765416922,0.527847941528957,0.3879109025070612,2.3777732212501,0.0,0
2621,21.37174,79.78766,14.107172394232833,12.385465025233373,0.044943163569076544,0.0,0.12915335594153327,0.4327668109316063,0.6177857559081911,2.434584176864187,0.11138083802743912,0
2622,21.37174,79.80974,12.289370021074676,13.718862515334745,0.28610675027280513,0.2755918026701021,0.0,0.1901682201860243,0.5428610557102559,4.898067578702962,0.33540235938137075,0
2623,21.37174,79.83182,10.653774092065882,15.052234057630919,0.10674871303761838,0.0,0.2465025519358312,0.3784605059810262,0.46787768182464157,6.6758579012874515,0.32627348917831006,0
2624,21.37174,79.8539,9.297051918099582,16.385579639832525,0.0,0.07415056687977904,0.2050199264352011,0.2026476796876019,0.5773635808027284,2.6998933154233553,0.0,0
2625,21.37174,79.87597,8.356161315826032,17.71889924964712,0.03355912605590637,0.10964310517021511,0.16230966632978194,0.2057265457726451,0.48123023903045054,0.0,0.412923772071233,0
2626,21.37174,79.89805,7.979578650282743,19.052192874780342,0.20414766130814815,0.290881709366554,0.2596784476845563,0.07771579798122163,0.4775369273814478,12.284895819097926,0.22537414128175254,-1
2627,21.37174,79.92013,8.24499272216633,20.385460502940653,0.2093985781409055,0.21331003845146335,0.09682317337762684,0.34617970583221225,0.474669091593339,6.840694033120988,0.0,0
2628,21.37174,79.94221,9.096379527540703,21.718702121833566,0.0,0.1668518053489183,0.03466335828427103,0.14625392938897053,0.3911369951121868,6.2296898576545505,0.0,0
2629,21.37174,79.96429,10.390684371459566,23.051917719163537,0.016358894056484132,0.0054589266554930654,0.07257520992876756,0.370252757113755,0.38542211342839333,7.927306365911665,0.2371988783516175,0
2630,21.37174,79.98636,11.985262120100073,24.385107282633886,0.02799580991092178,0.24374056965976174,0.0,0.04926341971750464,0.44926805171121786,3.8393184958821975,0.08044475248765189,0
2631,21.37174,80.00844,13.776236022530355,25.718270799951746,0.0,0.678123949201041,0.5014614084847495,0.09388409546186441,0.5343585916968537,3.165661799802908,0.0,0
2632,21.37174,80.03052,15.63478488492971,27.051408258817016,0.0043320144599059566,0.13415485483020043,0.22898920119505614,0.29979090418210697,0.2732528642663266,6.970589105472785,0.01867058140749258,0
2633,21.37174,80.0526,16.895618018569976,28.384519646930954,0.009458568042013418,0.03412364654195716,0.0,0.0,0.6702945274104989,6.891703624598412,0.09295259783872288,0
2634,21.37174,80.07468,18.355894461086198,29.717604951997913,0.14388779301751412,0.0,0.43568156647125433,0.4867291940124845,0.5431978181651683,4.930785423676498,0.0,0
2635,21.37174,80.09675,19.971914207199458,31.05066416171563,0.15054659423882735,0.0,0.0,0.12877821938644218,0.3937191853198207,5.580184081648358,0.0,0
2636,21.37174,80.11883,21.70892429196692,32.38369726378515,0.0,0.0,0.02133992375174051,0.11310850623712981,0.7709568917650049,0.025551558212812076,0.14492372082294067,0
2637,21.37174,80.14091,23.5401565519542,33.7167042459048,0.0,0.0,0.190557253445999,0.29106416632616106,0.551896015673941,2.543023221718713,0.0,0
2638,21.37174,80.16299,25.44527628467094,35.049685095775,0.08261922725683224,0.0018504128026496434,0.0,0.2821262426809794,0.3602001784205395,7.613116959872288,0.0,0
2639,21.37174,80.18506,27.408880608704404,36.38263980109123,0.0,0.2879229419957121,0.0,0.40584236463710655,0.7679654932961173,5.24927440368552,0.0,0
2640,21.37174,80.20714,29.419261063324555,37.71556834954883,0.07249914602730269,0.20226754364202645,0.0,0.012076514104835956,0.738196999527074,0.0,0.0,0
2641,21.37174,80.22922,31.467453643922255,39.04847072884712,0.0,0.0,0.04363623128668081,0.22331627205444632,0.42171544668483957,1.736612040751742,0.0,0
2642,21.37174,80.2513,33.54653314036108,40.38134692667852,0.0,0.0,0.07580536219722254,0.3351741758535913,0.5040365908330232,7.107795314081081,0.0,0
2643,21.37174,80.27338,35.65109619038362,41.714196930738034,0.0,0.21543941042958736,0.0,0.2788679199275954,0.48541239841003136,4.270927349405707,0.037725743743196344,0
2644,21.37174,80.29545,37.776883903950065,43.04702072872104,0.17441290943448245,0.0,0.0,0.12265530769312818,0.2851056973411401,3.5482496906791487,0.13883058178206784,0
2645,21.37174,80.31753,39.92050571354851,44.379818308318896,0.0,0.0,0.21358973277726992,0.3222037639638298,0.5951983293892501,3.6160662110826935,0.0,0
2646,21.37174,80.33961,42.07923612791086,45.712589657224164,0.19733363932037803,0.11483386750264109,0.06067772816167206,0.31823159931787015,0.668140372998218,2.8387656695962695,0.0,0
2647,21.37174,80.36169,43.67649276824592,47.045334763128,0.0,0.1648216814844729,0.008569630989174674,0.17188088690819153,0.6418265161272749,1.6852824060341491,0.0,0
2648,21.37174,80.38377,45.127447728810374,48.37805361372108,0.03525960176638183,0.0,0.029792747353498038,0.03607582888440297,0.5544772400219192,0.8743333070698558,0.0,0
2649,21.37174,80.40584,46.64512622758361,49.710746196693535,0.28737344806794096,0.0,0.36734370776277275,0.2751642546434958,0.6818181786683938,5.662773565316998,0.1574063524054174,0
2650,21.37174,80.42792,48.22322888984265,51.04341249973321,0.0,0.0,0.0346593204851764,0.17217900686373147,0.3909869399862933,3.6486025992950126,0.0,0
2651,21.37174,80.45,49.78619727144593,52.37605251053019,0.0,0.11788329500104758,0.0,0.21574811426174853,0.804509605030439,4.865058223415949,0.0,0
2652,21.39058,78.75,50.51166562462116,52.01980958637219,0.15456248030648442,0.0,0.0,0.033068580654361815,0.44186436086450126,4.449190371419924,0.0,0
2653,21.39058,78.77208,48.26315846186066,50.68522095865652,0.0,0.0,0.0,0.2642099128834551,0.4573947156521344,6.694905412280531,0.16119705736040743,0
2654,21.39058,78.79416,46.01839251596492,49.350657705568096,0.0,0.11687806255083338,0.0,0.09645910692709284,0.46937644469209766,4.2194668941980655,0.0,0
2655,21.39058,78.81623,43.77794334427675,48.016119839359106,0.0,0.0,0.0,0.0,0.45912385458015986,5.184758760918857,0.3189000737921178,0
2656,21.39058,78.83831,41.54250943043857,46.68160737228389,0.0325974339207169,0.08748260785034241,0.0,0.06485262547492343,0.5228218059001876,3.4852424177481516,0.05660724943065452,0
2657,21.39058,78.86039,39.312946372378164,45.347120316600645,0.0,0.0,0.07085806425000264,0.16572124151779305,0.517312318987508,0.5949931421014765,0.18535827313939565,0
2658,21.39058,78.88247,37.09031295501343,44.01265868456346,0.0,0.0,0.0,0.0,0.5677362234077484,2.481068632703337,0.0,0
2659,21.39058,78.90455,34.87593412354724,42.67822248842965,0.054792256965951615,0.12217090044053293,0.0,0.0,0.43478450441301125,4.612278914909189,0.0,0
2660,21.39058,78.92662,32.67148838485374,41.34381174045654,0.0,0.04203992216401171,0.12463382105512213,0.09804024897447794,0.5724612560349842,4.852982193185995,0.0,0
2661,21.39058,78.9487,30.479131137652107,40.00942645290238,0.0,0.14964340669161866,0.2770149100955162,0.0,0.39609601689798857,6.878254717716852,0.0,0
2662,21.39058,78.97078,28.301671833806505,38.67506663802704,0.0,0.0,0.0,0.09944318458161765,0.650757970131826,1.926662794619631,0.0,0
2663,21.39058,78.99286,26.142833374510392,37.34073230808892,0.0,0.0,0.05564212322330378,0.05195485891621291,0.6482468115185092,3.7296213267860328,0.1625623667676007,0
2664,21.39058,79.01494,24.00763965900062,36.00642347535208,0.0,0.222345558954255,0.0,0.20469015471229218,0.5455313659671265,2.828920348336986,0.0059736165125377425,0
2665,21.39058,79.03701,21.903006783150346,34.67214015207329,0.017348348986811896,0.0,0.0,0.0,0.45384678159186076,7.414259679360373,0.0,0
2666,21.39058,79.05909,19.838663543394624,33.33788235051669,0.0,0.20936892702401202,0.0,0.09822774073269272,0.5862294119298769,4.200343460272957,0.0626213409584791,0
2667,21.39058,79.08117,17.828610681380688,32.00365008294464,0.0,0.22455407326702123,0.25826418961183173,0.3384485013179258,0.4154834498246315,4.285530215610539,0.011803103673240004,0
2668,21.39058,79.10325,15.893459993138029,30.669443361620853,0.003638389734699634,0.15712931087584533,0.0,0.15242438386238125,0.5406899793972726,3.2053354949715844,0.2330305142780357,0
2669,21.39058,79.12532,14.06416395126031,29.33526219880844,0.0,0.0,0.0,0.27829367793265736,0.5095577653138321,2.760498756920173,0.08183872943106849,0
2670,21.39058,79.1474,12.387706453989948,28.00110660677303,0.09232933627444508,0.0,0.09134226081719797,0.0,0.89281382529327,0.0,0.0,0
2671,21.39058,79.16948,10.934613027129641,26.66697659778101,0.18406039682959266,0.024045325306716082,0.1169797816036575,0.24675398313252184,0.3458863244346095,0.18584897931062727,0.14172973038382747,0
2672,21.39058,79.19156,9.804701979328273,25.332872184096864,0.0,0.0,0.0,0.15638317715716155,0.1375516878703611,4.0042655508416205,0.03675563120335379,0
2673,21.39058,79.21364,9.118910472338404,23.998793377989518,0.07654311037862054,0.0,0.5496625053333555,0.16907861086781611,0.4169884167651665,3.766222711344141,0.0811245973237339,0
2674,21.39058,79.23571,8.979577061628188,22.664740191724945,0.0,0.19731920174605666,0.1032561052631191,0.40127355734673315,0.2650473833607987,4.204866195317919,0.2499981691026423,0
2675,21.39058,79.25779,9.411004673394926,21.33071263757319,0.07243646182888286,0.19260277212108207,0.1672517473217791,0.23745012412085678,0.4065912550653392,6.288871978684371,0.0,0
2676,21.39058,79.27987,10.342008621018103,19.996710727800597,0.22358709936571647,0.0,0.04167160401124548,0.42206788473267104,0.33265331714221924,4.21731040800499,0.0,0
2677,21.39058,79.30195,11.653463172268733,18.662734474680278,0.10561977843646368,0.17315393359686498,0.1841338105168197,0.30259835434831706,0.39469353535772256,3.2259392572120893,0.0,0
2678,21.39058,79.32403,13.232731885954895,17.3287838904834,0.0,0.12878147013937447,0.31913524890409134,0.27286607551615144,0.3788725801210494,3.7663917849991284,0.0,0
2679,21.39058,79.3461,14.995436283024022,15.994858987477498,0.12402248839208987,0.2930958159806424,0.385094091661737,0.1357522634850981,0.6683837160686181,5.156146680545221,0.1946934789831035,0
2680,21.39058,79.36818,16.88422196567188,14.660959777938977,0.23480055317553206,0.14207264418606827,0.0,0.11841891977332039,0.5312133861490655,3.7771331315431427,0.0,0
2681,21.39058,79.39026,18.86124911515873,13.327086274137327,0.0818893718232851,0.2233465575113166,0.24608626367753816,0.1317639356743787,0.691937436008566,7.814549958872744,0.0,0
2682,21.39058,79.41234,20.901492968718838,11.993238488348624,0.2549640577863368,0.13619588542034294,0.1278279240380501,0.1046170101356015,0.5495279575168183,5.344844950317602,0.0,0
2683,21.39058,79.43442,22.988127809838023,10.659416432844735,0.08640380492038263,0.22514187340988961,0.20715029472222604,0.15133358305375075,0.6756665438279432,6.40774532132775,0.2730603761350243,0
2684,21.39058,79.45649,25.109590837403577,9.325620119902418,0.033078903809297566,0.0,0.0,0.4913497172532499,0.504655036711409,4.070193083670331,0.14195188616104892,0
2685,21.39058,79.47857,27.257751223722572,7.991849561798572,0.28089573572018156,0.07340785188866024,0.0,0.16763321646485868,0.7711089091663095,9.472040381035573,0.038481061979629645,0
2686,21.39058,79.50065,29.426762772094886,6.658104770806366,0.11888586932221526,0.1030073827176702,0.1909402326962286,0.7627985005341178,0.6144528566620739,11.036240329798229,0.15517103977215488,0
2687,21.39058,79.52273,31.61233376412348,5.324385759206762,0.3829533025983405,0.08977512758962207,0.1934905964387779,0.47247698184056997,0.4397950057056119,4.436794974324085,0.0,0
2688,21.39058,79.54481,33.81125308911785,3.990692539275702,0.6686352435469379,0.22299101745162597,0.3148551695290709,0.4285064900238427,0.6359669579508893,9.81890595484795,0.3244453506973276,0
2689,21.39058,79.56688,35.940191417550935,2.6570251232906505,0.41303999610122755,0.2809435438075535,0.04087138189624538,0.44511972943570954,0.5532930585917369,9.418707907365082,0.0,0
2690,21.39058,79.58896,33.75134842706625,1.3233835235351854,0.6485267531585083,0.2748073136370297,0.0,0.6093510145781779,0.5209277739627515,11.507807882436685,0.20115739381839912,0
2691,21.39058,79.61104,31.576356710737965,0.01023224771422204,0.8744522092865974,0.22164913173807455,0.0,0.7145917041066959,0.562406747540712,13.165217066898252,0.08834869097400569,0
2692,21.39058,79.63312,29.418288688517663,1.3438221781741089,0.7917404408345352,0.0941060892898803,0.0,0.5209280206774631,0.6536901788583055,4.940805838104504,0.0424485573902542,0
2693,21.39058,79.65519,27.28116093472322,2.6773862555648305,0.5961498651500864,0.3552612845515024,0.0,0.4678147326064296,0.25142815110638406,11.658803372676221,0.1947242996782163,0
2694,21.39058,79.67727,25.17030796918078,4.010924467602019,0.6803795338900073,0.20877048343218835,0.0,0.7950246982667342,0.4978543435326032,11.65585732213639,0.15998018664436064,0
2695,21.39058,79.69935,23.092936051754137,5.344436802004259,0.5248739981135003,0.0,0.17483799214771975,0.47331711680380634,0.6413129391733591,11.15438561840496,0.018135328537226016,0
2696,21.39058,79.72143,21.058955828804617,6.677923246487479,0.3880087224533562,0.08138483215093627,0.0,0.3711141440973844,0.5787713935420618,4.829464753507361,0.0,0
2697,21.39058,79.74351,19.082247780529983,8.011383788764704,0.28057312762114045,0.0,0.0,0.3625171711506592,0.38399264572354325,6.614804401280778,0.02268582530014314,0
2698,21.39058,79.76558,17.182589337038088,9.344818416551751,0.2578560173936861,0.09361922944019087,0.0,0.27974828625386,0.20710255711336045,4.78528153770324,0.0,0
2699,21.39058,79.78766,15.38854151171924,10.678227117563235,0.06525010126174537,0.05006892098159313,0.2896981239042009,0.431887857396427,0.7727421570843502,0.7680354939063259,0.06526091549798366,0
2700,21.39058,79.80974,13.741531286759654,12.011609879511903,0.23793890780234017,0.0,0.0,0.0,0.5035603889900796,3.755919123488563,0.17709791958751084,0
2701,21.39058,79.83182,12.300763960434717,13.344966690108556,0.0,0.33532192228515234,0.17594761624782546,0.23505954177230912,0.7362232285777045,2.2243825485447744,0.0958047516661841,0
2702,21.39058,79.8539,11.146503770780177,14.678297537067158,0.18685152150941817,0.0,0.14456357713556686,0.3462777961395315,0.6300901469604834,5.631509648677781,0.058552170935352074,0
2703,21.39058,79.87597,10.374822386068072,16.011602408097698,0.21168631874461422,0.20286457980708048,0.30195934299563243,0.12851540250871502,0.40340660987494226,0.2773955866721556,0.0,0
2704,21.39058,79.89805,10.07402471847072,17.344881290908145,0.08083476930537971,0.4389066218755868,0.2981634646124738,0.21444461496477885,0.16248733459756437,1.7631587105169118,0.09130655233696164,0
2705,21.39058,79.92013,10.285506788229593,18.678134173211188,0.023320791525756373,0.25389381936621813,0.11659954622957774,0.2607583963915508,0.449279372538255,2.7790076445133147,0.0,0
2706,21.39058,79.94221,10.979707056422049,20.01136104271328,0.08364369729592439,0.0636356771535735,0.0,0.25940202825773073,0.5127017886922655,5.976498396181561,0.0,0
2707,21.39058,79.96429,12.073645895102336,21.344561887122012,0.0,0.0,0.04272011304742576,0.0,0.5863555453471184,11.062181239257262,0.119229316263804,0
2708,21.39058,79.98636,13.470282991126355,22.677736694144045,0.059102288389167354,0.0,0.0651029726149441,0.23301882927424558,0.37329248618976996,4.512352470918709,0.15654584751336947,0
2709,21.39058,80.00844,15.085780136447358,24.01088545148893,0.00467996027269027,0.0,0.10871012871688279,0.18052623159462253,0.5587369608367153,0.9411070634902985,0.006095242351529666,0
2710,21.39058,80.03052,16.857331926652844,25.344008146859633,0.008564573914290725,0.0,0.0,0.134499320538633,0.5628235130141822,1.7729436212896652,0.037825707916682876,0
2711,21.39058,80.0526,18.616018877108335,26.677104767959207,0.09650711756826942,0.0,0.2552896370067571,0.0306486194310885,0.679047625303749,5.17540249365049,0.0626706100347526,0
2712,21.39058,80.07468,19.9506014480988,28.010175302495668,0.00041535812959548994,0.0,0.02399243771338328,0.16744673715714284,0.49985323549626537,0.0,0.11137152677001945,0
2713,21.39058,80.09675,21.446608955954062,29.3432197381692,0.0,0.0,0.0,0.29561705495057317,0.6063800627118597,6.1968421870718,0.0,0
2714,21.39058,80.11883,23.072662835561257,30.67623806268387,0.0,0.08538090028494646,0.0,0.09923143828217126,0.5861057904290303,4.008690964169316,0.0,0
2715,21.39058,80.14091,24.803199401723123,32.00923026374045,0.012927186584898373,0.0,0.39451017995953813,0.0,0.6693779715640128,2.931640040621414,0.0625332468986511,0
2716,21.39058,80.16299,26.617847861874782,33.34219632904149,0.0176522831392737,0.0,0.13920369752545278,0.13424972690953135,0.4328446262393415,0.0,0.3136773710346023,0
2717,21.39058,80.18506,28.50054633161772,34.67513624628583,0.02252154428937791,0.0,0.21418509108782616,0.05659316019898783,0.11834998017628706,5.583989998822018,0.0,0
2718,21.39058,80.20714,30.438670268806394,36.00805000317184,0.1271997141363794,0.0,0.0,0.510224187077571,0.5155865982375827,1.1844696995464445,0.0,0
2719,21.39058,80.22922,32.42228156921198,37.340937587401285,0.0,0.2964028400444259,0.0,0.3457199853610037,0.5167647628644754,3.541622482799505,0.0,0
2720,21.39058,80.2513,34.44352220684538,38.67379898666933,0.02267149388056824,0.03928425254612724,0.0,0.0,0.3873047827266397,2.7138563935883657,0.38614899722448937,0
2721,21.39058,80.27338,36.496140681733486,40.006634188673715,0.15606279126439118,0.0,0.03792891513353496,0.2615719370243422,0.3384150947567551,0.0,0.0,0
2722,21.39058,80.29545,38.00507595587901,41.33944318111256,0.0,0.06838988420286002,0.0,0.20502527002527626,0.4691869459557009,2.491294830327461,0.0,0
2723,21.39058,80.31753,39.26743503258552,42.672225951680005,0.0223728338273388,0.0885532381232119,0.0,0.2800440698836561,0.5336296069633655,0.0,0.0,0
2724,21.39058,80.33961,40.61904125272468,44.0049824880716,0.0,0.0,0.0,0.08802655363268477,0.5631303286130845,1.3724802765580264,0.0,0
2725,21.39058,80.36169,42.05128976629055,45.33771277798068,0.0,0.0,0.0,0.4478017572923808,0.22987640088796896,4.183634762101045,0.0,0
2726,21.39058,80.38377,43.556226051201115,46.67041680910096,0.0,0.28203447908669904,0.0,0.04594883245589346,0.3043636924625366,4.8767650550400194,0.09094410152524057,0
2727,21.39058,80.40584,45.12657842289196,48.003094569125324,0.0,0.0,0.2228617803865029,0.0992403447195924,0.7080294651845416,2.9959947774255276,0.11338622531314421,0
2728,21.39058,80.42792,46.75575606515487,49.33574604574407,0.2212191832102669,0.10625423900464008,0.0,0.11418192207251404,0.5233723064004095,0.7392065080654429,0.0,0
2729,21.39058,80.45,47.931586454915816,50.66837122665061,0.0,0.03245670359040167,0.0694271930721993,0.18903282720764458,0.5495914291798493,1.3490334487749518,0.2254402142595476,0
2730,21.40942,78.75,50.921915744606984,53.72627909219719,0.0,0.09643481615554292,0.27609477521067055,0.136884560602322,0.36330284512279265,1.2945888125227414,0.0,0
2731,21.40942,78.77208,48.69265021233557,52.3917050294117,0.0,0.2734590431361424,0.0,0.27687979032588483,0.5493237089306646,0.0,0.0,0
2732,21.40942,78.79416,46.46892946075085,51.057156344924664,0.2074917337157047,0.09029184955510829,0.0,0.34223501202253437,0.49731946688245976,3.2214137609041704,0.0,0
2733,21.40942,78.81623,44.251589449994725,49.72263305098559,0.0,0.0,0.18510266764050043,0.0,0.4632801867051227,0.0,0.0,0
2734,21.40942,78.83831,42.04163982923554,48.388135159845284,0.0,0.17756954287216628,0.0,0.42577891505596227,0.34516210106512846,3.2397263287066442,0.0,0
2735,21.40942,78.86039,39.84031050363065,47.053662683759796,0.0,0.0,0.0,0.06957562146505616,0.4281504096923283,0.0,0.0,0
2736,21.40942,78.88247,37.649113626816586,45.719215634980415,0.0,0.027054686167980346,0.0,0.0,0.825705831679737,0.0,0.07762383448294337,0
2737,21.40942,78.90455,35.469927127823986,44.38479402576147,0.0,0.0,0.0,0.3193264899724375,0.5005325777295944,4.803332347856942,0.23315890088407462,0
2738,21.40942,78.92662,33.30510869024709,43.05039786835788,0.29575466764774344,0.0,0.0,0.20714103517021493,0.6597699169323448,3.1391896230439835,0.12844048915134243,0
2739,21.40942,78.9487,31.157653362626636,41.71602717502607,0.16800458838539759,0.00989172230502514,0.0,0.1312335711309391,0.521393180809893,0.0,0.009079810770902683,0
2740,21.40942,78.97078,29.031414498249188,40.38168195802141,0.0,0.06102834398205983,0.0017462063633153797,0.35110199508088,0.5047200809015985,1.6484300490970196,0.0,0
2741,21.40942,78.99286,26.931417740263242,39.04736222960108,0.07920051057208283,0.0,0.2289833525488109,0.1263808484683953,0.45871229017626386,3.7985598311266013,0.176544516101983,0
2742,21.40942,79.01494,24.864313112871155,37.71306800202497,0.0,0.0833056835189805,0.379555471590377,0.25217425001596916,0.7352167872560509,1.5261144839759981,0.3020527881067417,0
2743,21.40942,79.03701,22.83903336616694,36.3787992875489,0.0,0.0,0.03128525240051222,0.14299267931103574,0.5977849235121042,2.2658522154215985,0.1031528447078603,0
2744,21.40942,79.05909,20.867759797869084,35.04455609843341,0.12524794475510428,0.21194756521105867,0.2218449993331213,0.48883117093377526,0.4332806606014692,3.8178913367280236,0.0,0
2745,21.40942,79.08117,18.967338503704102,33.71033844693758,0.14284162401834302,0.0,0.10522444109559367,0.2978923427036002,0.48634982118859443,3.328822922526886,0.04457786194971393,0
2746,21.40942,79.10325,17.161323940466335,32.37614634532357,0.1300608429693998,0.0,0.0,0.3143339192532696,0.6891757565947932,0.6666997754877517,0.09804572432469019,0
2747,21.40942,79.12532,15.482788143395236,31.0419798058503,0.0,0.032923034677407724,0.0,0.19844629787234397,0.13745686210847713,3.343951406099983,0.0,0
2748,21.40942,79.1474,13.97773225184995,29.70783884078249,0.0,0.0,0.3883029472259655,0.2178994149490924,0.5740038052805092,2.584563874430348,0.15142349777233366,0
2749,21.40942,79.16948,12.707944400901166,28.373723462382607,0.09880757558938978,0.24151939271009704,0.0,0.05139777471461933,0.6012095972687469,7.867361680593749,0.06079237120123536,0
2750,21.40942,79.19156,11.749948312085001,27.039633682913024,0.058015381111912095,0.04834614408868173,0.37102183618103124,0.2324996037391555,0.4168165811841949,3.1780994743864204,0.2107299062350626,0
2751,21.40942,79.21364,11.184154089011116,25.70556951463936,0.0,0.03157727684850742,0.21206467194134151,0.0,0.5406337626549259,3.8683233701820137,0.0,0
2752,21.40942,79.23571,11.0708582866104,24.37153096982486,0.0,0.15367413591900175,0.0,0.41960905120097,0.5887228376276583,4.27550564962622,0.0,0
2753,21.40942,79.25779,11.423532156593776,23.037518060737465,0.035167517450133974,0.0,0.16264353873792647,0.44549480591162127,0.3478428595525437,2.8579423776334543,0.0,0
2754,21.40942,79.27987,12.201838128825587,21.703530799640195,0.15633744906517444,0.0,0.5135985337342294,0.08246265796001928,0.64169925449715,1.9353238830587676,0.025228953751049284,0
2755,21.40942,79.30195,13.331436652063848,20.369569198804648,0.0,0.11169924803284689,0.3779910869614291,0.3741872404866474,0.5699471597584206,5.131469872919697,0.0,0
2756,21.40942,79.32403,14.731739029129908,19.035633270497485,0.11854542389121152,0.0,0.0,0.12551838856583777,0.5114160231288793,5.302282146803735,0.0,0
2757,21.40942,79.3461,16.333268129535305,17.701723026985,0.0921096810681361,0.0,0.0,0.04019135715300734,0.5515441258107032,9.673760277566746,0.21195149644818462,0
2758,21.40942,79.36818,18.082636454197203,16.367838480539692,0.15536940959692486,0.17435572270521396,0.04991175719767604,0.289431403607391,0.6391857235406654,6.390483611379633,0.08931864628316478,0
2759,21.40942,79.39026,19.940973237698966,15.033979643429237,0.18625850262066007,0.12731508809079217,0.0,0.0,0.8670509688996036,6.667600777477128,0.02446464775637154,0
2760,21.40942,79.41234,21.880531620492416,13.70014652792699,0.01860550837097147,0.0,0.254921744976963,0.2976621256628225,0.6301773763859039,6.83011766124484,0.0,0
2761,21.40942,79.43442,23.88153032205307,12.366339146301192,0.0,0.0,0.15832520869562738,0.3331300681513938,0.6597453736127368,3.4829089338512365,0.20080680567743078,0
2762,21.40942,79.45649,25.929749158953815,11.032557510827083,0.09499220475177209,0.0,0.0,0.3025977613630918,0.5744380981641574,2.370868187517824,0.0,0
2763,21.40942,79.47857,28.01483294176749,9.698801633777338,0.3052944019630371,0.359266787207397,0.0966437343819281,0.03645957888593415,0.8143551125804609,3.454226221497076,0.01543292308933236,0
2764,21.40942,79.50065,30.12912889936091,8.365071527424206,0.18299622462954573,0.23323053898182033,0.0,0.49796686276000596,0.3434420151929557,8.341656018958671,0.0653121095450738,0
2765,21.40942,79.52273,32.26689510104978,7.031367204045028,0.22649429831963902,0.03670786824579034,0.009687371988785005,0.5256949594898436,0.30584016767399824,10.816675638490945,0.027469587499311898,0
2766,21.40942,79.54481,34.423759176058375,5.697688675912717,0.16832799176295,0.2149679947870432,0.051319335419367514,0.46920849743838217,0.5707798857892631,9.68700931658646,0.23872197073061172,0
2767,21.40942,79.56688,36.58051902332621,4.364035955303707,0.6935106066882408,0.0,0.24077998046243299,0.4644352552287513,0.6419698735273176,8.107837220850891,0.09203844347207245,0
2768,21.40942,79.58896,34.43269029660109,3.030409054494082,0.7025500693559339,0.06368401142726682,0.1970868416285861,0.7367201460562075,0.18891007835584506,13.786383295716934,0.054172143655088364,0
2769,21.40942,79.61104,32.30388870749065,1.6968079857632554,0.8460570215366222,0.21923206261325906,0.0,0.5820269357257755,0.5486011095837231,9.300047942577878,0.0,0
2770,21.40942,79.63312,30.19813849405222,0.3632327613893753,1.0,0.31165449760786545,0.0,0.6807065857585243,0.5234276191792631,8.65880098518308,0.06923028078226869,0
2771,21.40942,79.65519,28.120618632828535,0.9703166063500405,0.9198848459545855,0.20651449180249978,0.0,0.7250463046262071,0.6523388645461737,11.737938566990282,0.0,0
2772,21.40942,79.67727,26.078076987624137,2.303840105174252,0.651830116365011,0.22823208946294493,0.0,0.7239886724549648,0.6074321641427839,13.326238820905989,0.030707297826365998,0
2773,21.40942,79.69935,24.07941635347384,3.637337722803374,0.5257553185420036,0.17302113610295433,0.0,0.46556858091218,0.29323397844934795,6.814023701921724,0.0,0
2774,21.40942,79.72143,22.136525741885055,4.970809446955872,0.38540999672905046,0.11109436097288436,0.3832441564893723,0.4370673142119848,0.39379469296359976,3.7480923026725836,0.0,0
2775,21.40942,79.74351,20.265451910382435,6.304255265350763,0.6658585479628948,0.07103040929660881,0.0,0.30877127923195336,0.4302234240875152,7.5651866980632,0.0,0
2776,21.40942,79.76558,18.488012362571673,7.637675165702439,0.3467149919723962,0.03540342741535571,0.022935396225093784,0.3420617761142709,0.6442727342499128,8.85774175208228,0.0,0
2777,21.40942,79.78766,16.83389299113393,8.971069135730522,0.1685525966289516,0.1297189537595188,0.02625598617813652,0.3035637186945043,0.5903569674450571,0.0,0.0,0
2778,21.40942,79.80974,15.343030946898878,10.304437163149297,0.2353908265701556,0.15087092757418546,0.10670166014427551,0.11397684727611765,0.4475938082623427,8.405351922290786,0.3014353432932559,0
2779,21.40942,79.83182,14.067428274730698,11.637779235673799,0.02245287824700258,0.11237321559837565,0.0,0.24577576087649503,0.5510589544259544,1.9161294802270872,0.17131318630502693,0
2780,21.40942,79.8539,13.070262922266219,12.971095341018913,0.2956528624074338,0.0,0.0,0.3568930787928613,0.3792340540918172,7.014280034408083,0.0,0
2781,21.40942,79.87597,12.418788304327572,14.304385466897186,0.012846901184034865,0.0,0.0,0.054978715459135706,0.8117071646047701,0.0,0.0,0
2782,21.40942,79.89805,12.168653535343843,15.637649601022881,0.13393922756421256,0.1350212446535584,0.3537296786093113,0.3696263722627615,0.6040932117365067,0.7489965711901161,0.12004403466146363,0
2783,21.40942,79.92013,12.344280081270549,16.970887731107855,0.18701986082766248,0.2996956692638543,0.0,0.0,0.6345071096230176,5.974235782432303,0.3313410668156631,0
2784,21.40942,79.94221,12.928328138154747,18.30409984486239,0.0934988000422366,0.0793598749048002,0.0,0.06589757141204541,0.7195664466539937,7.338550398003328,0.14486359772647087,0
2785,21.40942,79.96429,13.869296367929527,19.63728592999711,0.04923348759764608,0.0,0.4851854996202692,0.03620235909030478,0.6724525318925315,3.9916542590250894,0.0,0
2786,21.40942,79.98636,15.100608931740336,20.970445974220798,0.031642742909938036,0.07127163790624716,0.0,0.22660234360011225,0.538269671515004,10.103513862160476,0.14746796654375488,0
2787,21.40942,80.00844,16.557617366313536,22.303579965245767,0.01752744748310496,0.0,0.10789450133507798,0.30019455236063125,0.5114415234936792,1.0963160070998281,0.1726250753255196,0
2788,21.40942,80.03052,18.18615652228127,23.636687890777207,0.0,0.23040884121731012,0.24207553204224305,0.39609519584570263,0.7207066006246929,0.9591558596580105,0.3557551321752515,0
2789,21.40942,80.0526,19.944251743455645,24.96976973852351,0.0,0.04600526581350341,0.22443715999585429,0.29958789618673615,0.5465135398245035,2.775708885117603,0.0,0
2790,21.40942,80.07468,21.63081089493103,26.302825496193623,0.19002864439223102,0.0,0.0,0.3666431926132354,0.4397007560283239,2.57467374314497,0.02361996433792494,0
2791,21.40942,80.09675,23.017700906213467,27.63585515148979,0.0,0.0,0.0,0.2534641868629564,0.8210138203713815,4.154572333089367,0.07301334639953222,0
2792,21.40942,80.11883,24.539681786805332,28.9688586921192,0.0,0.0,0.06970641739093124,0.2371375917279033,0.41562207190065864,1.4286173039428531,0.0,0
2793,21.40942,80.14091,26.173197361416538,30.301836105785974,0.0,0.2166087349486167,0.392664459692038,0.2997165912730647,0.3045912271515565,4.7860042322221785,0.0,0
2794,21.40942,80.16299,27.898662820045406,31.634787380195114,0.1371754311110173,0.0,0.0,0.08051683273544852,0.6870759436314702,4.681120008137121,0.0641389511373086,0
2795,21.40942,80.18506,29.700056589937677,32.96771250304878,0.08518161863326006,0.029362849024194216,0.0,0.4300693901506955,0.4462088368858073,7.425671471474961,0.0,0
2796,21.40942,80.20714,31.56438152376992,34.3006114620456,0.0705298275654177,0.09551132287052354,0.08648932745722762,0.0,0.6098752333405143,1.9239451968209633,0.0,0
2797,21.40942,80.22922,32.92187270741894,35.63348424489428,0.0,0.0,0.12594301669263486,0.013440915416616607,0.8035814502386966,4.047816691460272,0.13056589743197036,0
2798,21.40942,80.2513,33.91310316215589,36.966330839289114,0.0709135221452129,0.03361071779382083,0.13773046351261725,0.11428827345701233,0.35681952759305524,4.723248253263133,0.07969762307241737,0
2799,21.40942,80.27338,35.02535492973907,38.299151232932815,0.0,0.046111323320363676,0.0,0.0731499199941911,0.5436886574168207,3.108882383732757,0.1999901834313009,0
2800,21.40942,80.29545,36.24748910793389,39.631945413524434,0.0,0.0,0.0,0.07589235622963786,0.7572015735959112,2.559771933356941,0.07413955736815812,0
2801,21.40942,80.31753,37.56878358916457,40.964713368762055,0.11746015389550608,0.04198709309618667,0.04396433181931397,0.0,0.645082409293602,0.0,0.0016828619439103437,0
2802,21.40942,80.33961,38.979155804357106,42.297455086343376,0.10578109841911497,0.0,0.2531309038434097,0.2674760285119332,0.5245233434630224,3.298703649024286,0.20626127049197102,0
2803,21.40942,80.36169,40.46929360664192,43.63017055396439,0.0,0.021894920390331522,0.0,0.0815007809912782,0.8842777586663224,4.6189070259356,0.0,0
2804,21.40942,80.38377,42.03071390542396,44.96285975932364,0.0,0.006627084934380368,0.0,0.4734708603490102,0.5364741128763969,2.9105707843349937,0.0,0
2805,21.40942,80.40584,43.655768734246806,46.29552269011378,0.01348993339232649,0.04224766990119086,0.0,0.10466028463091909,0.6054240390944057,1.0185963261497166,0.0,0
2806,21.40942,80.42792,45.014989604287464,47.62815933403002,0.207492795086379,0.21463380616734906,0.3728685117483927,0.0382372847407442,0.7807992885590078,0.0,0.07207628784833872,0
2807,21.40942,80.45,46.09757412769999,48.960769678766475,0.0,0.0,0.031035864819710227,0.1620160832308063,0.6872287752452815,4.217002635994041,0.0,0
2808,21.42826,78.75,51.41432018455352,55.43266830051049,0.03349714903514277,0.0,0.21562066347236214,0.14801059582431098,0.7350027655664173,3.1051644950493205,0.0,0
2809,21.42826,78.77208,49.20765792757857,54.09810880919637,0.0,0.10695153994024305,0.006083559117856131,0.1727306166338191,0.424009609796245,6.63594007555336,0.0,0
2810,21.42826,78.79416,47.00859570332175,52.76357469984826,0.0,0.0772956871627644,0.017208711631714828,0.15995634489209662,0.7218653225211384,0.0,0.0,0
2811,21.42826,78.81623,44.81825228690858,51.429065984713,0.0,0.07391876153150455,0.0,0.0,0.5736288738697727,1.8068825627201712,0.0183731868087059,0
2812,21.42826,78.83831,42.637971420397676,50.094582676038385,0.0,0.44106690346712984,0.0,0.12998910820048654,0.4454269720424775,0.0,0.0,0
2813,21.42826,78.86039,40.469379537357014,48.76012478607832,0.0,0.09885548248797794,0.2508909848802432,0.26731088683002785,0.5808368200068071,5.705761934740888,0.08090522129034036,0
2814,21.42826,78.88247,38.31446151888302,47.425692327081464,0.0012340066357014452,0.18166775212341152,0.01636617755857414,0.291203422286927,0.5762973973863865,6.267809798224011,0.0,0
2815,21.42826,78.90455,36.17566107513768,46.09128531129877,0.0,0.0,0.042398802393931755,0.2185688281216581,0.8110509435231114,8.05243409047748,0.06654424188749132,0
2816,21.42826,78.92662,34.05601505613296,44.75690375098278,0.0,0.0,0.0,0.13870727480798312,0.602695952503562,4.418005818868537,0.286899192393731,0
2817,21.42826,78.9487,31.959334884468365,43.42254765838692,0.09430375476190364,0.0,0.0,0.0,0.4397151722553858,5.124358637881555,0.0,0
2818,21.42826,78.97078,29.890453847575262,42.08821704576443,0.09124323284899981,0.11563745078198664,0.2159506864856296,0.18010015539149932,0.4070277150883288,4.217624329963056,0.009354486403611528,0
2819,21.42826,78.99286,27.855566748773462,40.75391192536979,0.10230328058495892,0.06733450723347631,0.3530816586754793,0.2867131556132927,0.5414378221669526,4.5872746884664934,0.0,0
2820,21.42826,79.01494,25.86269884637614,39.419632309459594,0.0,0.06749840639591283,0.0,0.31792710422359927,0.3588232960059431,3.2403318784060833,0.0,0
2821,21.42826,79.03701,23.922353803361144,38.085378210287224,0.03762118739891578,0.0,0.14462707678158818,0.14419178622070908,0.4461393304975999,4.739700569589489,0.0,0
2822,21.42826,79.05909,22.048402672853175,36.75114964011024,0.08330453471724422,0.0,0.05252911417586403,0.13166828835435385,0.5107419798196399,8.71562337191218,0.31993537030937635,0
2823,21.42826,79.08117,20.25927787730862,35.41694661118558,0.0,0.0,0.0,0.09102098251088972,0.4841030009954795,3.7444396758208622,0.06386973230823931,0
2824,21.42826,79.10325,18.579500855581767,34.082769135773404,0.004512773154277632,0.12665347241275463,0.3976818129948755,0.39015968557307934,0.6427263888719845,3.266394267440912,0.0,0
2825,21.42826,79.12532,17.041437659657248,32.74861722612723,0.0,0.14927417460554715,0.0,0.0565565836920357,0.43502179990900713,3.7515643197640958,0.0,0
2826,21.42826,79.1474,15.68682815569918,31.414490894511456,0.22638091796927945,0.0,0.2943185722548671,0.32780293250683135,0.1895613300720631,2.886732022078794,0.017758121793320238,0
2827,21.42826,79.16948,14.566941791325878,30.080390153184837,0.2375877961013902,0.14745057865454805,0.1328885050548455,0.0,0.296346064336481,3.9589084741769387,0.0,0
2828,21.42826,79.19156,13.739295646874384,28.74631501440763,0.0,0.0,0.062418064959604364,0.1278411274086442,0.527249790941199,2.8932600960614825,0.1822639305618875,0
2829,21.42826,79.21364,13.258730452396891,27.41226549044273,0.3096425613045276,0.11041150484201778,0.34620695199825513,0.1281684251078338,0.44590276966493175,6.402376300625847,0.0,0
2830,21.42826,79.23571,13.163314871981692,26.078241593550075,0.0,0.006801932329770881,0.13108695298750944,0.23241880078925586,0.3545694165208772,6.210963570508669,0.07849015103486925,0
2831,21.42826,79.25779,13.461241419377876,24.74424333599519,0.1338598053172648,0.2877807046555255,0.04992227427577729,0.24030556681466653,0.8029667295845337,9.207149721338766,0.08465012598236618,0
2832,21.42826,79.27987,14.127647343010722,23.410270730038377,0.1366670489211706,0.0,0.337198778707022,0.25937188439214265,0.647038872498942,3.606495820757867,0.16680965461534397,0
2833,21.42826,79.30195,15.113869615342667,22.076323787948212,0.0,0.06155138152401477,0.301098341486605,0.10330831538232377,0.5257118262164346,4.5248306605141275,0.08814632684056539,0
2834,21.42826,79.32403,16.36217974126735,20.742402521989547,0.09071421334804936,0.12830505444087606,0.2812329894504626,0.0,0.5695789576077688,4.5402184016476905,0.12543647965901775,0
2835,21.42826,79.3461,17.817576492942248,19.40850694442505,0.026465951342492914,0.0,0.0,0.4733526035594886,0.502615451091025,4.560506111705326,0.1673579190560153,0
2836,21.42826,79.36818,19.433588766817188,18.0746370675248,0.1156911782647735,0.020270173746181445,0.11140015635323719,0.267716786141989,0.36662471262084395,7.145941523477717,0.0,0
2837,21.42826,79.39026,21.173472684625274,16.740792903553746,0.08909377388717675,0.0,0.059451955820214744,0.19574920095975784,0.6884334773708942,0.17597104875896807,0.34587318806225253,0
2838,21.42826,79.41234,23.009144925343602,15.406974464782232,0.22026261689167498,0.0,0.005223627291765365,0.19662113255415462,0.664865327925439,5.822567580443836,0.05743711840380953,0
2839,21.42826,79.43442,24.919445916102454,14.073181763476375,0.10484433359447645,0.0,0.13057349883607497,0.3892453433501146,0.2700305889825732,10.073264936489979,0.0,0
2840,21.42826,79.45649,26.888474248865098,12.739414811908697,0.09949896931174178,0.22968315294578262,0.05813565605344216,0.5569243215191624,0.5794370668109962,8.72891807739334,0.0,0
2841,21.42826,79.47857,28.904230420189496,11.405673622348539,0.28095496139459786,0.0,0.13973724650602062,0.3496600186912136,0.5955389082476843,8.780599108629211,0.0,0
2842,21.42826,79.50065,30.957587903502652,10.071958207065734,0.25627145611905633,0.16193658816929501,0.0,0.1840293008838914,0.5038088262791058,8.128501801530298,0.06439783599960439,0
2843,21.42826,79.52273,33.041537235237854,8.738268578334598,0.32089654455028715,0.1343915187803332,0.30160420811136596,0.0449649586754777,0.8428054320190532,4.85958263303832,0.015299932585157829,0
2844,21.42826,79.54481,35.15063777156349,7.404604748425916,0.21134600043133384,0.0,0.1571300677844143,0.1371560021305746,0.8278531140453931,5.0034717525818175,0.2924220857239531,0
2845,21.42826,79.56688,37.280621033026996,6.0709667296134,0.23812233864822943,0.20018300887690496,0.10941588946547794,0.3351449982512348,0.4967484160870343,5.655184654734775,0.0,0
2846,21.42826,79.58896,35.22562395292345,4.737354534169804,0.38591828736248246,0.0,0.10006411413936014,0.6010028172327215,0.518241264806314,5.35671246901509,0.10871933978659519,0
2847,21.42826,79.61104,33.1480608749849,3.4037681743721198,0.49255886211751176,0.2640489955661023,0.23338659264884848,0.42739401599104343,0.5015647081860606,11.627045332066283,0.0,0
2848,21.42826,79.63312,31.099794674389234,2.070207662495463,0.8025397543293368,0.11216342470873147,0.20713891344140148,0.7254810194261151,0.46329157385677394,13.968381886674917,0.3494101717789722,0
2849,21.42826,79.65519,29.087015187507678,0.7366730108152252,1.0,0.2298670348629694,0.0,0.6517928743795026,0.4195244607288196,12.42217958392671,0.0,0
2850,21.42826,79.67727,27.117625510841425,0.5968357683905819,0.886699095001331,0.025795547351235765,0.20384051970105643,0.8242745480488637,0.6187813288703077,13.514965337608695,0.33218766465040167,0
2851,21.42826,79.69935,25.201799805849404,1.930318662845402,0.8966115780437703,0.21736125498017897,0.04299678307113047,0.48221070506486813,0.8216035852801281,11.025668635000944,0.0,0
2852,21.42826,79.72143,23.352724783566682,3.2637756602701327,0.7446599447475557,0.31674705209941373,0.394843055710118,0.44873935578593277,0.7629310582751608,10.741295606685087,0.0,0
2853,21.42826,79.74351,21.587559825144098,4.597206748386523,0.49398321238409304,0.015008862482238872,0.2353390999146223,0.3448127268850331,0.655008692647221,2.8958048234341414,0.21779302450206298,0
2854,21.42826,79.76558,19.928614306537536,5.930611914911989,0.27353153245809947,0.027118084356500108,0.0,0.5209952933253352,0.205784138737513,8.474676688099283,0.015528505539041964,0
2855,21.42826,79.78766,18.404633739841586,7.2639911475682934,0.48704418509616043,0.18110214343080833,0.49431374650416804,0.3913007594985262,0.2796550335621325,5.908905976394141,0.0,0
2856,21.42826,79.80974,17.05184345202544,8.597344434072447,0.23129605939730546,0.17265211093126331,0.0,0.45636309416886933,0.6873207723526521,6.357990867914206,0.10802992094567689,0
2857,21.42826,79.83182,15.913960386021186,9.930671762142824,0.20621048574001508,0.0,0.17177890990046493,0.058304578817572755,0.7626148791528833,6.572635640615434,0.1137257242169299,0
2858,21.42826,79.8539,15.039842220026095,11.26397311949674,0.1122456381013787,0.4010867323983632,0.0,0.4056962546437417,0.6112145014409646,3.713980753995827,0.07585893974985883,0
2859,21.42826,79.87597,14.477345134790058,12.597248493849776,0.01573775857813524,0.15643859192322668,0.4339695455512468,0.1425237698827587,0.48930755060474335,2.4234655939355374,0.1927925430449609,0
2860,21.42826,79.89805,14.263384589243513,13.930497872918036,0.0,0.17653433209041458,0.1103769672983832,0.24199699164724803,0.7207606959118537,2.9749046323898507,0.0522994492530484,0
2861,21.42826,79.92013,14.413490468688451,15.263721244416999,0.15449941264181027,0.03455282592665167,0.0,0.0,0.6374002858353245,0.8851229029825154,0.11534821291489833,0
2862,21.42826,79.94221,14.916676061305676,16.596918596059396,0.0,0.0,0.0,0.0,0.6925957609716352,1.4199676805285062,0.0,0
2863,21.42826,79.96429,15.73911342263939,17.930089915558586,0.4175143116250057,0.1491991336389224,0.0,0.010283510496984456,0.27556606234651493,1.580998268100835,0.13029075713143426,0
2864,21.42826,79.98636,16.83407576413023,19.263235190626396,0.0,0.0,0.0,0.4047715566837258,0.5859744510361158,0.32729603610583435,0.0,0
2865,21.42826,80.00844,18.15231309008586,20.596354408977263,0.0,0.11409665778905528,0.0,0.35749990451948865,0.7887321395769182,5.287597246065913,0.0,0
2866,21.42826,80.03052,19.648938431526343,21.92944755831942,0.08708052462792498,0.0,0.0,0.1360687400853634,0.616278068127834,1.445824002407214,0.0,0
2867,21.42826,80.0526,21.286358040160216,23.262514626363703,0.20422871166634507,0.05539876931113848,0.07069533814665951,0.03947567761101735,0.6769962576230903,0.0,0.0,0
2868,21.42826,80.07468,23.034566212190235,24.595555600822706,0.024335714713485584,0.0,0.09038486903299955,0.0,0.5507895923827268,2.542051345374155,0.14941029838641384,0
2869,21.42826,80.09675,24.66677755594727,25.928570469400196,0.08194998981924342,0.1496563412533429,0.0,0.1718287485682879,0.5615726669433005,0.6103532567289616,0.0,0
2870,21.42826,80.11883,26.092566557102998,27.261559219807026,0.0,0.0,0.0,0.18069137620111556,0.7437692933658889,7.228863656453848,0.17538629675360115,0
2871,21.42826,80.14091,27.634247758253697,28.59452183974974,0.0,0.36704915741979727,0.06745166925612837,0.20743147432567827,0.4542307064673256,3.7209093345673705,0.0,0
2872,21.42826,80.16299,28.740065888224677,29.92745831693609,0.0,0.36457316592808126,0.1106863906016561,0.48604631812403776,0.44086805022358055,0.0,0.0,0
2873,21.42826,80.18506,29.34197575643352,31.26036863907098,0.0,0.2667433548204073,0.14989964803512446,0.07684788932866844,0.48154624730541956,4.757721597142928,0.0,0
2874,21.42826,80.20714,30.105454767541552,32.59325279385609,0.018411053192254983,0.20873229588262127,0.11359135589333437,0.22988581280057088,0.5519583849735393,3.4616262500027046,0.0,0
2875,21.42826,80.22922,31.0185748021744,33.92611076900225,0.0,0.0,0.31738638648276535,0.013176968727321603,0.32345036856271225,2.587174522332319,0.07117526803475586,0
2876,21.42826,80.2513,32.06855575427918,35.258942552206825,0.0,0.1899415983036578,0.20176251988628605,0.07495098734031974,0.6513936302554321,7.2729982406639095,0.0,0
2877,21.42826,80.27338,33.24243164473175,36.59174813117495,0.0,0.0,0.537863131724477,0.2835164693569028,0.5262204487816917,0.6179968537532106,0.0,0
2878,21.42826,80.29545,34.52756814039821,37.924527493609055,0.0,0.0,0.6216315512884366,0.0,0.6688828583255415,5.824485695048995,0.0,0
2879,21.42826,80.31753,35.9120225902874,39.257280627209624,0.04900935447126211,0.24245520573406523,0.0,0.2354804028299645,0.2528271371562078,2.0500281969198646,0.0,0
2880,21.42826,80.33961,37.38476259396021,40.59000751967745,0.03782306907698561,0.1822421118922142,0.0,0.44092960184124086,0.6696596458611667,3.051259254325937,0.04141708263170351,0
2881,21.42826,80.36169,38.935771246642744,41.92270815871035,0.1081795543043434,0.0,0.0,0.06301853631438996,0.7368613682240683,1.1358138731819487,0.0,0
2882,21.42826,80.38377,40.55606969672254,43.25538253201053,0.09102577413900746,0.0,0.1013484538656618,0.19412173467823673,0.6111646990049681,1.2898191576127132,0.09821000897641094,0
2883,21.42826,80.40584,42.12463891436814,44.58803062727307,0.1374899288217237,0.0,0.0,0.2533804577098663,0.5540240314041855,1.9297791148335943,0.0,0
2884,21.42826,80.42792,43.15888387488011,45.92065243219597,0.00024420036657219347,0.0,0.14102880576844018,0.12157165574932356,0.6709781180076948,0.0,0.0,0
2885,21.42826,80.45,44.28671945259208,47.25324793447636,0.03679595133922975,0.15190491414842405,0.0,0.37608787334364385,0.7278753756435655,3.9484985135057022,0.3246099282627135,0
2886,21.4471,78.75,51.98654455712811,57.1389771431236,0.06145478220347944,0.0,0.0,0.0,0.623175195711494,3.314464134425982,0.10256574478074255,0
2887,21.4471,78.77208,49.80552887747281,55.80443222982956,0.017090160407805217,0.04612948558514786,0.0,0.29127933908815723,0.6336201077512242,0.0,0.0,0
2888,21.4471,78.79416,47.63436200962208,54.469912702166134,0.0,0.0,0.0,0.07496148072452552,0.7819005541132011,4.7370517071456675,0.0,0
2889,21.4471,78.81623,45.47445470878086,53.13541857237685,0.0,0.0,0.1689077302209617,0.0,0.656459771328633,6.8129233021988425,0.1772412106633988,0
2890,21.4471,78.83831,43.327490946562904,51.80094985270708,0.0,0.038536963581346007,0.0,0.0,0.4378175435510937,1.3007341792321243,0.2452303231808293,0
2891,21.4471,78.86039,41.195494532974,50.46650655540804,0.050816408151371964,0.0,0.0,0.3433501903521839,0.7271213208406411,0.9926335641225927,0.0,0
2892,21.4471,78.88247,39.08091514910919,49.13208869272535,0.0,0.1346910197787618,0.11469975286591733,0.029998969697867375,0.5323823593971188,5.93318867763735,0.0,0
2893,21.4471,78.90455,36.98674022268311,47.79769627690819,0.0,0.0,0.0,0.3521056454529341,0.5542390490982952,4.092893129840161,0.04462616334745174,0
2894,21.4471,78.92662,34.916641350289744,46.46332932020548,0.0,0.0,0.2247416331541035,0.08833065793390643,0.5643694064791394,2.698139818740995,0.0595979073163131,0
2895,21.4471,78.9487,32.87516698789791,45.12898783486893,0.0,0.0,0.0,0.19157844598634508,0.6848069635809524,5.177640170952443,0.0773028763653648,0
2896,21.4471,78.97078,30.867997002123218,43.79467183314768,0.11813709988731762,0.0,0.0,0.1567454895197191,0.7936733229867168,3.782018800761011,0.29504265806861824,0
2897,21.4471,78.99286,28.9022793051315,42.46038132729322,0.010278650408972667,0.289495104110538,0.06510305145142643,0.22309881000695359,0.5518008724553609,6.794513001169583,0.0,0
2898,21.4471,79.01494,26.987073519126998,41.12611632956168,0.0,0.33572002448559446,0.08677493815635019,0.1839198489782713,0.7901501042737811,3.049700431221754,0.006690972270843371,0
2899,21.4471,79.03701,25.133929364897046,39.79187685220219,0.09834328239266023,0.017965243267626493,0.0,0.11473181164739495,0.5700100403432938,4.216993112702944,0.11592360413072605,0
2900,21.4471,79.05909,23.357623070770156,38.45766290746985,0.0,0.0,0.28016657801945116,0.2176516237530372,0.7422264356186546,5.980409702346757,0.11455180091759241,0
2901,21.4471,79.08117,21.677052138516927,37.1234745076189,0.0,0.0,0.4005259972247462,0.3225505571318482,0.5723856152068206,0.0,0.0,0
2902,21.4471,79.10325,20.116225006504372,35.7893116649065,0.12511401382839,0.14753197328142786,0.0,0.14614793173452062,0.47406276643917633,6.117790157556849,0.0,0
2903,21.4471,79.12532,18.705141381238356,34.45517439158404,0.0,0.0,0.3241338044009539,0.17459677804306228,0.810240538216235,1.882433603066577,0.0,0
2904,21.4471,79.1474,17.48010318151268,33.12106269991321,0.0,0.05148978852152426,0.0,0.036418628863765894,0.45683742562659346,4.526843470057338,0.27729661151180934,0
2905,21.4471,79.16948,16.48264507958393,31.786976602149434,0.009944042701476617,0.01483683833170947,0.2551779866232386,0.20901644717494297,0.4455041211801845,7.589977230606451,0.0,0
2906,21.4471,79.19156,15.75604834690847,30.45291611055058,0.14335875576943302,0.0,0.0,0.0,0.3596810045509138,2.509971074274575,0.0,0
2907,21.4471,79.21364,15.338853274291981,29.11888123737651,0.01020825626488995,0.0,0.24440645303910347,0.07814101567957332,0.7119019170557892,2.169741726241134,0.1328179194632226,0
2908,21.4471,79.23571,15.25646321582787,27.78487199488504,0.0,0.07122935553358575,0.0,0.34146601071411775,0.7447525624584286,3.2683308074614192,0.0,0
2909,21.4471,79.25779,15.51421315493652,26.450888395338993,0.07743889170955047,0.0,0.03395073336392275,0.23196955514377926,0.5871695466647029,0.0,0.04960112196892155,0
2910,21.4471,79.27987,16.095770857479216,25.116930450995334,0.0,0.0965132880674131,0.0,0.30515435574741817,0.39858112612020075,9.270087306272874,0.0,0
2911,21.4471,79.30195,16.96787430800333,23.782998174120234,0.24554106126480274,0.0,0.0,0.15952209746314364,0.5372245227551676,3.5300692061733088,0.03630724468183582,0
2912,21.4471,79.32403,18.088547933845657,22.449091576975512,0.023583770038237653,0.043637614752930536,0.39582286789825993,0.23414426074886963,0.4978217495475899,8.021490860512689,0.01236649840725812,0
2913,21.4471,79.3461,19.4147949304109,21.115210671821725,0.0,0.24513461853294966,0.001857247507182802,0.2369910141244718,0.3978686438886082,2.9953072287375777,0.0289067062658299,0
2914,21.4471,79.36818,20.907530821581755,19.78135547092623,0.07988175386553258,0.0,0.4399324542692323,0.27664945838562177,0.4754219059622682,4.087710968306704,0.0,0
2915,21.4471,79.39026,22.533692856784963,18.44752598655066,0.2795604130070148,0.174767177546218,0.0,0.14001597291952728,0.6161257806572503,6.614019492529289,0.03755539334019525,0
2916,21.4471,79.41234,24.266472074071615,17.11372223096292,0.24682261447519852,0.0,0.308056821639444,0.0,0.46177236355963197,1.4783087570643243,0.0,0
2917,21.4471,79.43442,26.08462962989304,15.77994421642642,0.29179364702503613,0.0,0.0,0.01262956221613272,0.5882547598982433,4.292140045551061,0.20826516453686597,0
2918,21.4471,79.45649,27.97152158854904,14.446191955210642,0.0,0.0462057782793256,0.0,0.48361596086022485,0.29942523169025215,7.16545265254172,0.10229132959151963,0
2919,21.4471,79.47857,29.91414408033668,13.112465459582822,0.2218898124482495,0.35669742727423387,0.0,0.12717088355105682,0.7837183369795099,4.54264250502914,0.0,0
2920,21.4471,79.50065,31.90231792443155,11.778764741810056,0.05377923565220549,0.0,0.3099621434227023,0.2523746022830094,0.49422094020630475,4.17542131208297,0.0,0
2921,21.4471,79.52273,33.928036138726064,10.44508981416303,0.20228629731273642,0.05251180933631023,0.03872486561502463,0.07508704134396615,0.6711346199861135,8.719373518598971,0.0,0
2922,21.4471,79.54481,35.98495873647165,9.111440688911015,0.06626982200068765,0.313203468136008,0.0,0.0729874276740488,0.5759189082212485,9.913071293103979,0.028885707776668948,0
2923,21.4471,79.56688,38.068027834640915,7.777817378323788,0.1962065443828151,0.0,0.0,0.3786098684829552,0.605998520485255,10.848835860210697,0.0,0
2924,21.4471,79.58896,36.12280147051981,6.444219894672278,0.2604770995336794,0.07774858825369232,0.0,0.48573307014137135,0.39103647782954576,5.643243609913348,0.0,0
2925,21.4471,79.61104,34.100211811087604,5.110648250230748,0.5344837014007352,0.18520435646661457,0.18843354080817823,0.4250187199361865,0.4428413264625359,6.594463028419926,0.450878393211965,0
2926,21.4471,79.63312,32.11299877324737,3.777102457270984,0.6289353589716455,0.1856828477686671,0.16333153496782182,0.5231402534106143,0.4457529469452383,7.689217530170322,0.0,0
2927,21.4471,79.65519,30.168154113604903,2.44358252806595,0.6986870142036145,0.43511935082587494,0.0,0.745518057326493,0.5522382930475738,11.728208167514039,0.22266494441296403,0
2928,21.4471,79.67727,28.274422101693986,1.110088474890626,0.6690414584657342,0.2900033708209556,0.0,1.0,0.7338651494828713,7.843968102324707,0.0,0
2929,21.4471,79.69935,26.442786541529816,0.22337968998056207,0.9260578330328423,0.45656902582750863,0.1498104267091283,0.8254044850882809,0.6082176574800283,8.814495263097449,0.0,0
2930,21.4471,79.72143,24.687072918577414,1.5568219542718436,0.6819261222304118,0.14975471863281475,0.0,0.6695651696343252,0.4206855665214051,8.713109230799258,0.031217164181039314,0
2931,21.4471,79.74351,23.024655797079948,2.890238305706497,0.7220895007124953,0.058084355986540284,0.10369572671631806,0.792613372234027,0.5579170287924825,7.088532428187628,0.1800499074317152,0
2932,21.4471,79.76558,21.47721065468453,4.223628732006176,0.6360157182916193,0.11483000487171995,0.09061721065349577,0.6664265015477575,0.5331335310343643,10.92834067463521,0.10286550548303236,0
2933,21.4471,79.78766,20.071347225341448,5.556993220894773,0.5228357866657579,0.0,0.0,0.27234188371898,0.49382842611340755,9.978019271456393,0.043246424653076154,0
2934,21.4471,79.80974,18.8387892798255,6.8903317600923355,0.22652107038903757,0.1897714825450583,0.1055689144967051,0.1963281995199591,0.5391833798500433,5.933153863148561,0.00701352933183863,0
2935,21.4471,79.83182,17.81554334618575,8.223644337319069,0.0,0.03641885569477266,0.0517753846077975,0.6537202493482038,0.6466513827201834,6.105147185046877,0.0,0
2936,21.4471,79.8539,17.039360015868308,9.55693094029593,0.0,0.0,0.13559304802730496,0.3116712539038671,0.43752392176978083,0.0,0.14877770210565935,0
2937,21.4471,79.87597,16.545047511411262,10.890191556740927,0.3334279470598778,0.15585571226379275,0.0,0.2916971429942602,0.48888532082685754,4.4944064441204805,0.0,0
2938,21.4471,79.89805,16.358178604620917,12.223426174373204,0.08223779356122154,0.0,0.16377044262982415,0.07483387984470162,0.6744055289040309,8.54848388762456,0.0,0
2939,21.4471,79.92013,16.489209204479625,13.55663478091038,0.014322074019597938,0.18135484167224614,0.2452281416047298,0.20752170330137323,0.6028462009228158,3.664842307414344,0.07199689180914086,0
2940,21.4471,79.94221,16.93076004954415,14.889817364068227,0.2807255498881342,0.0,0.10101951025653283,0.07414098064899849,0.7171758249693485,1.880292276694405,0.0,0
2941,21.4471,79.96429,17.65955418372931,16.222973911562537,0.21876786930677855,0.22743119146470345,0.15250173858177085,0.0,0.7404802168323923,8.06208249753616,0.20944471343221754,0
2942,21.4471,79.98636,18.64193321601614,17.55610441110847,0.05654396775111667,0.0,0.004998118918754381,0.08972013488977312,0.35057715176477616,1.3819499421068717,0.07816837753115098,0
2943,21.4471,80.00844,19.840264497707885,18.889208850422918,0.007720895906099326,0.12994279424428573,0.19996604994858944,0.0,0.5830343937961999,8.12318664940771,0.0,0
2944,21.4471,80.03052,21.217990408715867,20.22228721721685,0.018524384875820563,0.05241577252616555,0.029940668051486135,0.33258210249735065,0.47306208192199894,11.460090916547625,0.0,0
2945,21.4471,80.0526,22.742531474109228,21.55533949920383,0.05478739891797409,0.1384655232981316,0.0,0.22617171334525882,0.3776621163776954,3.5361422292938114,0.0,0
2946,21.4471,80.07468,24.386368253941995,22.888365684099206,0.21404939179413132,0.03358162223119267,0.1735378630176219,0.18758364800567867,0.43607825002188283,6.941387391684704,0.374732424421117,0
2947,21.4471,80.09675,25.899313686513562,24.221365759609487,0.06834830086801576,0.0,0.0,0.08222695471014445,0.5052232677208609,0.0,0.0,0
2948,21.4471,80.11883,25.97025200024928,25.554339713448854,0.10125911537410257,0.1727918429705958,0.06367480976446013,0.2115445854410361,0.5061293125256541,0.0,0.12174390926025727,0
2949,21.4471,80.14091,26.240405682549184,26.887287533325125,0.1516320691617029,0.0,0.0,0.3164377117385422,0.4625139261576094,1.3822390991498286,0.0,0
2950,21.4471,80.16299,26.703729204634826,28.22020920694997,0.0,0.13461262014201594,0.0,0.1306064373417017,0.5457559425638158,5.52956297852039,0.0,0
2951,21.4471,80.18506,27.350407265953866,29.553104722030756,0.09784239622447927,0.11746116067603098,0.039936730197389664,0.06498896149580337,0.8904347079151906,3.341945474853107,0.0,0
2952,21.4471,80.20714,28.167814296122803,30.88597406627159,0.0,0.0,0.0,0.09234137648119412,0.3066405571289415,2.806320936771708,0.2723995326778174,0
2953,21.4471,80.22922,29.141587231074094,32.218817227386666,0.0,0.0,0.1064405907159988,0.25755498115131403,0.7076499074112642,0.0,0.0,0
2954,21.4471,80.2513,30.256632477367102,33.55163419307578,0.0,0.10901747928382918,0.014624803445010534,0.03225900549508859,0.5461364306470695,2.8852668104862675,0.0,0
2955,21.4471,80.27338,31.49795022640239,34.88442495104714,0.0,0.0,0.0,0.24165126761081035,0.4876470991160763,1.5132028004451379,0.14435750700350505,0
2956,21.4471,80.29545,32.851229559824624,36.21718948900497,0.0661374176732347,0.15273491827517224,0.2696732863281844,0.299197506421546,0.26661271535776,0.762421428942353,0.25487289869340146,0
2957,21.4471,80.31753,34.30322218838664,37.54992779465347,0.015570404741978022,0.0,0.04252117218829858,0.0,0.6561290848006306,0.5196225260429674,0.07002330851386468,0
2958,21.4471,80.33961,35.841933168424696,38.88263985569585,0.02365714084902932,0.16577883423377454,0.12734300099347995,0.11760406147224442,0.34775556610175723,3.6187058140086497,0.10816393317915307,0
2959,21.4471,80.36169,37.456676890235016,40.21532565983298,0.23534098974757958,0.06943277620721516,0.2841996313005814,0.13790022795697052,0.66551625792699,1.2303431931686846,0.0,0
2960,21.4471,80.38377,39.13804365781222,41.547985194769204,0.0,0.047506374168346244,0.28068530863997626,0.26526488534430875,0.79349247285328,3.0720458839745737,0.0,0
2961,21.4471,80.40584,40.24443367738836,42.88061844820267,0.0,0.0,0.11648832192648019,0.05523873403044263,0.3701631071137621,0.0,0.0,0
2962,21.4471,80.42792,41.325622218056026,44.213225407833825,0.03716284250174332,0.03820768438060683,0.0,0.0,0.7133664106960848,4.374341593053441,0.0,0
2963,21.4471,80.45,42.5019825223069,45.54580606136316,0.0,0.191716828181375,0.0,0.14036292976872863,0.5533937721162824,3.682927889768371,0.036100100510002966,0
2964,21.46594,78.75,52.635985674747076,58.84520555186096,0.003454244792604094,0.0,0.04139396319767098,0.10852857393631862,0.25678036948100774,2.4114617180325073,0.0,0
2965,21.46594,78.77208,50.48331911475648,57.51067522314394,0.0,0.0851791300162101,0.2189994278209275,0.06368620485225629,0.38128128705115183,3.4350472648492767,0.04006458392025888,0
2966,21.46594,78.79416,48.34288497208504,56.17617028371765,0.16927461444028613,0.007644846959438823,0.07098480909944149,0.19271823473593447,0.5748883641144917,5.44635472852544,0.0,0
2967,21.46594,78.81623,46.21638289475633,54.841690745824664,0.0,0.020207331548976734,0.0,0.19546685151185023,0.6060753359020735,0.0,0.0,0
2968,21.46594,78.83831,44.105828120154484,53.50723662170679,0.24390199270651003,0.2760692373025878,0.17427568659343967,0.29942672811532345,0.3285748305203074,3.196973388292273,0.14160838873765147,0
2969,21.46594,78.86039,42.013624100505226,52.17280792361193,0.0,0.19266521499557415,0.1866849398973831,0.0,0.5542567503676391,0.0,0.0,0
2970,21.46594,78.88247,39.942654632793186,50.83840466378418,0.12357545060130584,0.013173747502993079,0.0,0.0,0.6650408633711311,3.2594800729915954,0.22972045280085718,0
2971,21.46594,78.90455,37.896401210195805,49.50402685446852,0.0,0.03488374681805491,0.19848645868647094,0.24139413746990096,0.6894391653464269,2.363744017066356,0.13294878479837308,0
2972,21.46594,78.92662,35.87909293603655,48.16967450791295,0.0,0.0,0.12676793264943825,0.0368374586239088,0.49169712285832606,2.9778698313186287,0.0,0
2973,21.46594,78.9487,33.89589824358228,46.83534763636528,0.0,0.0,0.0,0.1951807409263553,0.610681644545278,5.25532834190763,0.19240136198800373,0
2974,21.46594,78.97078,31.953169653358312,45.501046252072534,0.014803644984243199,0.050605108246475405,0.2566589654467165,0.4468194218387438,0.6991677981324872,5.185483309207713,0.0,0
2975,21.46594,78.99286,30.058754330642348,44.16677036728289,0.03879532431122681,0.13750755393103545,0.0,0.05531809002142346,0.6680093794092797,5.891967462234381,0.20702316675431262,0
2976,21.46594,79.01494,28.22238301597029,42.832519994249765,0.0,0.12170449227108354,0.0,0.11243377174355612,0.6729889280749717,2.046572286455997,0.05348977406159653,0
2977,21.46594,79.03701,26.456145346217813,41.49829514522018,0.0,0.0,0.0,0.2572988508686357,0.5634583282208143,4.917727687846439,0.0,0
2978,21.46594,79.05909,24.775045595462093,40.164095832445916,0.0,0.15949912172220046,0.0,0.1908199642245792,0.5335482839163681,4.4210425720496165,0.0,0
2979,21.46594,79.08117,23.197600691278453,38.82992206817971,0.2775063542832785,0.0,0.07254422856977119,0.5155560064922631,0.5839086235657597,2.1552228862870386,0.0,0
2980,21.46594,79.10325,21.746379211235425,37.4957738646742,0.0,0.0,0.27741778114537397,0.07067124172982985,0.43773934254338553,3.4443274754618596,0.1402491975071442,0
2981,21.46594,79.12532,20.44827323872705,36.161651234180255,0.18784071974956115,0.22106096058161256,0.2689769288863509,0.05797673882621311,0.699072130783532,2.8182221900023716,0.0,0
2982,21.46594,79.1474,19.334148231925663,34.82755418895355,0.0,0.24330898987478095,0.16852395455784733,0.22232116565388862,0.3277711713157552,6.814480672096761,0.0,0
2983,21.46594,79.16948,18.43738695963594,33.4934827412501,0.03487861459996671,0.05346740157143702,0.0,0.3413203271281122,0.47013919050729985,5.324341791706175,0.010035469814723764,0
2984,21.46594,79.19156,17.790888939295524,32.159436903323446,0.0,0.12667443220655916,0.0,0.20535437431428039,0.5346154395051174,2.3793250440987057,0.0,0
2985,21.46594,79.21364,17.422536048737552,30.82541668743074,0.0,0.13772065736806965,0.06691293855831223,0.1706400699864689,0.6047917418446812,2.238778719893156,0.13669816167645413,0
2986,21.46594,79.23571,17.350052954187937,29.491422105827976,0.03259813989862971,0.23939062677820738,0.027278892407952143,0.23597988904199085,0.6309573574889291,5.829531029267489,0.21926833309064236,0
2987,21.46594,79.25779,17.57710029358701,28.15745317077375,0.19948046189984858,0.13315405027138214,0.0,0.33804937244533584,0.7477734919538894,6.877929316559613,0.130911599354806,0
2988,21.46594,79.27987,18.09240486685091,26.823509894524822,0.03807855465139955,0.0,0.4108817846823597,0.13863343491960903,0.5510800596709301,4.277348451771895,0.0,0
2989,21.46594,79.30195,18.872369076399632,25.489592289341633,0.18033544172762228,0.33860055712306386,0.04704689204835124,0.2375458368443433,0.4408719965042587,5.242248644516398,0.0,0
2990,21.46594,79.32403,19.88587579743106,24.155700367485085,0.09473395408998556,0.18791168306491374,0.13000287558187346,0.07754940422923418,0.5224230511893518,7.002767366383403,0.0,0
2991,21.46594,79.3461,21.09929710003301,22.82183414121261,0.21757767276951412,0.0,0.21483850358124035,0.12181266458444395,0.4993439933443387,3.258371090270064,0.0,0
2992,21.46594,79.36818,22.4802837888566,21.487993622788238,0.020753518937099105,0.0,0.024418955755882536,0.2339482446114194,0.6180716542500582,4.043709698966606,0.3634667738451567,0
2993,21.46594,79.39026,23.999927466112347,20.154178824472385,0.32159570058260006,0.10275879026922058,0.5283981720454989,0.0,0.3969569682734335,5.224240066566141,0.0,0
2994,21.46594,79.41234,25.63357981582054,18.820389758529036,0.0,0.0,0.0,0.39180982029551104,0.5226498042564434,2.9965042001639572,0.14521147468372175,0
2995,21.46594,79.43442,27.360826833495548,17.486626437220163,0.0,0.08169781990680641,0.0,0.07618879281596817,0.775080559130976,8.707031843683044,0.1362239479353529,0
2996,21.46594,79.45649,29.165044301125032,16.152888872810237,0.0,0.152649554135196,0.0,0.2059473334280695,0.5736305041974594,3.3566909522069186,0.02298600882204299,0
2997,21.46594,79.47857,31.032810127062433,14.819177077564964,0.3643194215138281,0.0,0.31536733968538816,0.0,0.4014549195757186,4.893723264721623,0.0,0
2998,21.46594,79.50065,32.95332044998654,13.48549106374891,0.20398811345609286,0.0,0.16241707832209762,0.15518681990744443,0.5016064155708986,9.993989272276515,0.08304801329731744,0
2999,21.46594,79.52273,34.9178733537909,12.151830843630236,0.09185908464542182,0.11658610054885711,0.0,0.3253999537157331,0.23678860971054327,0.4920709712184994,0.0,0
3000,21.46594,79.54481,36.91943870598407,10.818196429475485,0.3146810629865746,0.0,0.0,0.41918528174483105,0.5413342721466406,6.266764805661666,0.09638716182221709,0
3001,21.46594,79.56688,38.95231123156848,9.484587833550805,0.28834072403998406,0.09981229375802791,0.2776500129411564,0.3278161688867609,0.7803723032647404,4.419887673018912,0.0,0
3002,21.46594,79.58896,37.11666432586625,8.151005068126294,0.492981136448302,0.0,0.0732756674874269,0.43632249308383575,0.38346402164063653,6.6388886971997225,0.0,0
3003,21.46594,79.61104,35.151568144165246,6.817448145470591,0.13528342916766956,0.06638612802455211,0.28342459629173883,0.4111277819277042,0.3455823873682865,4.084269856392016,0.0,0
3004,21.46594,79.63312,33.22754810048688,5.4839170778545565,0.36907967090360827,0.24053827841727227,0.0,0.37082065167255335,0.45775666083771344,6.929179955211115,0.22388500101528544,0
3005,21.46594,79.65519,31.352167430732592,4.150411877548909,0.44520386632159337,0.24605341099384126,0.10498278220257429,0.33772245558185165,0.6779086043025324,8.739404417337681,0.0,0
3006,21.46594,79.67727,29.534693072520504,2.816932556824906,0.38847995529541235,0.05012824690371778,0.06376904388184919,0.5732220612469615,0.7871930061332283,10.200930688515822,0.37307721033639746,0
3007,21.46594,79.69935,27.786490095086027,1.483479127954538,0.9081874139996573,0.021484840371840952,0.0,0.7446782083905983,0.6108008584348751,12.961008990940579,0.0,0
3008,21.46594,79.72143,26.12147038992181,0.1500516032108447,0.9428539371808294,0.24897063187265878,0.0,0.7499557700964748,0.36740049716431605,5.809209564615735,0.0,0
3009,21.46594,79.74351,24.556560167122296,1.1833500051324868,0.9097616301010787,0.3070081281337086,0.0,0.5780883785571642,0.5435498985309063,10.563884541729708,0.06675719589637209,0
3010,21.46594,79.76558,23.11210351957328,2.5167256847985495,0.9405781128548152,0.24967104418887737,0.11079145533685378,0.5514369061471113,0.7962721968749638,9.350329755774283,0.05336744849295564,0
3011,21.46594,79.78766,21.81204397264165,3.8500754235160533,0.48401847496580785,0.07576810821716301,0.167411646974582,0.7994383419300054,0.5011989121537779,8.70043370386393,0.13635663501626105,0
3012,21.46594,79.80974,20.68362753216515,5.183399209006598,0.37097666181523375,0.18269402226471604,0.2166469509144978,0.13282076770449314,0.5632996746424647,8.143536269040915,0.09955892627871615,0
3013,21.46594,79.83182,19.75628727571547,6.51669702899292,0.35176454032606597,0.3564533366179863,0.15534237889455,0.4202323570071995,0.5762477727112009,5.204637352869912,0.32839467429690083,0
3014,21.46594,79.8539,19.05939611053913,7.8499688711990085,0.38874121599619,0.13292720916931136,0.0,0.12027079090984985,0.3252334447227379,2.7400158912618604,0.1200761598166789,0
3015,21.46594,79.87597,18.618848728016836,9.18321472334562,0.14841411830931733,0.0,0.3374895976376097,0.3468941970281495,0.6807309588822057,6.808671330119168,0.0,0
3016,21.46594,79.89805,18.453014139247056,10.516434573154326,0.09758321965085881,0.10710017412341244,0.2063865831332174,0.3383089265985447,0.6602933588201029,3.2124615827063296,0.0,0
3017,21.46594,79.92013,18.569253857363588,11.849628408345698,0.2656326186956336,0.3911006208315865,0.3050501604420843,0.25587530522088464,0.2618482156846143,6.459472180476634,0.0,0
3018,21.46594,79.94221,18.962381228625425,13.182796216639115,0.1565580387254121,0.0,0.31571218466147655,0.17472104879494976,0.3552269920570761,2.6434871979111936,0.2100247588095675,0
3019,21.46594,79.96429,19.615755648293142,14.515937985752547,0.0,0.05104908054289396,0.0,0.31765000627850815,0.40663531807555997,6.594888464379811,0.2834091991525588,0
3020,21.46594,79.98636,20.504513934817652,15.849053703402477,0.0,0.002719231652450693,0.09680678992856488,0.20216036134631013,0.6482094994479154,4.405261974317387,0.1626551663012469,0
3021,21.46594,80.00844,21.599619610186423,17.182143357310633,0.23720609968201564,0.04791514388285393,0.17067198204012216,0.2830103628388919,0.4393792192199022,4.372778098155599,0.0,0
3022,21.46594,80.03052,22.871451540036407,18.515206935189237,0.09392175953091772,0.05825173409769641,0.0,0.2775323063808681,0.6017679644001567,3.5097534531883245,0.0,0
3023,21.46594,80.0526,24.292267809267614,19.848244424755794,0.0,0.20503783167991368,0.0,0.0,0.5210625323932245,2.934506031169861,0.0,0
3024,21.46594,80.07468,23.945782575151814,21.18125581372749,0.008849624054746777,0.033153996067030546,0.0,0.18440704088250431,0.5562676667421432,3.2495901079994205,0.0,0
3025,21.46594,80.09675,23.804528042996058,22.514241089813876,0.025050393062476636,0.221300662790406,0.0,0.11299100534431637,0.6156465273222603,6.809887772074254,0.003964016973019443,0
3026,21.46594,80.11883,23.881679542747825,23.847200240731592,0.10707606969369676,0.0,0.0,0.3768621757816538,0.5843906950931993,0.0,0.20104045827773162,0
3027,21.46594,80.14091,24.17514612904614,25.180133254191784,0.0,0.0,0.0,0.20740334748091377,0.5437861944561875,1.8633455169750663,0.19300279594419448,0
3028,21.46594,80.16299,24.677211609122413,26.513040117908872,0.0,0.0,0.0388772399067012,0.4088731050731047,0.5925191051814053,6.220313161139498,0.028592937951214824,0
3029,21.46594,80.18506,25.375497327385272,27.845920819590685,0.04240286266428545,0.0,0.0,0.18551934238867282,0.5774634277219276,5.539296986315302,0.0,0
3030,21.46594,80.20714,26.254351355371767,29.17877534694974,0.0,0.05169818127015106,0.24320850999945348,0.24989239525338913,0.5181308207576711,6.844919471169696,0.0,0
3031,21.46594,80.22922,27.296338093747472,30.51160368769671,0.07481033505407575,0.3349707133075089,0.40818951694923006,0.1892447044052919,0.4875123121442616,3.149294008729824,0.01107574648849933,0
3032,21.46594,80.2513,28.48355996364443,31.844405829537344,0.0,0.07859254968624416,0.09579774823893246,0.019155387413233974,0.8115269078426163,0.0,0.06689612858083209,0
3033,21.46594,80.27338,29.798662862367213,33.17718176018197,0.046823293530609725,0.11426816497479901,0.0,0.16656561191656302,0.486627738511052,0.3451804049994571,0.0,0
3034,21.46594,80.29545,31.225493308148074,34.5099314673379,0.13416755119896062,0.0,0.13208293455920828,0.10853210541831704,0.7402806642305477,2.417872597270608,0.1057769096688668,0
3035,21.46594,80.31753,32.749451267327686,35.84265493871175,0.06096284089791778,0.0,0.003936009852360756,0.14096798246189893,0.4532297113478557,5.1455593549436,0.0,0
3036,21.46594,80.33961,34.357614648714836,37.17535216200859,0.018731193401184884,0.16007996500849023,0.0,0.0,0.6627725892254964,2.48249569895857,0.0,0
3037,21.46594,80.36169,36.03871263358877,38.50802312493384,0.0,0.32351249047708275,0.0,0.36589729184045705,0.7992335900990305,2.2623778946979813,0.0,0
3038,21.46594,80.38377,37.35984287214469,39.840667815193115,0.0,0.23985592408149115,0.0,0.06483251691586511,0.5023538759494076,4.1396114802557555,0.21970634055190272,0
3039,21.46594,80.40584,38.38647565012658,41.173286220488194,0.0,0.13034480999664205,0.0,0.2522764101328564,0.45623203684704067,3.1648501679806453,0.24357769979618327,0
3040,21.46594,80.42792,39.51838397792201,42.50587832852231,0.15200285269862163,0.006893991035596568,0.1614254762015309,0.19050648429035252,0.4896320532841028,1.934477146490986,0.0,0
3041,21.46594,80.45,40.746795405535046,43.83844412699775,0.0,0.034625812466077155,0.10268997538416318,0.09215474435275597,0.5470637920701535,0.4650618599553167,0.0,0
3042,21.48478,78.75,53.359824202534675,60.551353458560314,0.0,0.0,0.36516416788733,0.20582810246087127,0.5950345263302352,5.4728511542439655,0.1217497774127755,0
3043,21.48478,78.77208,51.237857146353726,59.21683772098488,0.0,0.0,0.13493959510597364,0.3228514211202882,0.5443612814336561,5.736809421624255,0.0,0
3044,21.48478,78.79416,49.13058436534025,57.88234737635824,0.02416665106596732,0.0,0.08496457172537696,0.12219283011311449,0.4911465917430107,0.264506305009375,0.21862044296798663,0
3045,21.48478,78.81623,47.03998074504484,56.547882436918535,0.0,0.00818674415255268,0.0,0.05354024782418654,0.8235571260325953,1.9700232867982503,0.11914681687188158,0
3046,21.48478,78.83831,44.96837126433344,55.2134429149066,0.05833720724547545,0.0,0.0,0.11048057802619976,0.5218273629110145,4.7536241854591275,0.14662480130942598,0
3047,21.48478,78.86039,42.918506507861714,53.879028822567584,0.0628671745180354,0.0,0.0,0.0,0.4630293178080573,0.06468914958094851,0.0,0
3048,21.48478,78.88247,40.893656624837,52.54464017214283,0.1068352683917481,0.0,0.0,0.16083560151953502,0.6660522585154295,3.9756856938898673,0.07101573552713857,0
3049,21.48478,78.90455,38.89772835751248,51.21027697587402,0.1710235977615847,0.0,0.0,0.27012318382688827,0.6681951548536165,2.181536236881767,0.3226318208527406,0
3050,21.48478,78.92662,36.935410674411884,49.875939246006745,0.11974843820938008,0.0,0.0,0.22644575714199464,0.7473243272641702,0.0,0.022778018357457047,0
3051,21.48478,78.9487,35.012355333923054,48.5416269947858,0.0,0.0,0.32181733073704516,0.25977309067124327,0.8193164710910983,7.662003590074657,0.0,0
3052,21.48478,78.97078,33.135399003688235,47.20734023445612,0.0,0.0,0.07565482278928129,0.0,0.597678966810856,2.159722845456142,0.0,0
3053,21.48478,78.99286,31.312832633436045,45.87307897726314,0.0,0.0,0.0,0.34540542953385645,0.508561647149738,4.418234284117549,0.0,0
3054,21.48478,79.01494,29.55472025816535,44.538843235456966,0.0,0.14968602766219596,0.08340594346494576,0.02590037814830931,0.282235407640605,0.1487837537611978,0.0,0
3055,21.48478,79.03701,27.873260937229308,43.20463302128222,0.0,0.0,0.0,0.4395735966671255,0.4167799397513102,7.110112992721034,0.0,0
3056,21.48478,79.05909,26.283170407076433,41.87044834698796,0.0,0.0,0.06314468819323578,0.08732236394345094,0.576694899175588,8.149063697955743,0.0,0
3057,21.48478,79.08117,24.802028250892285,40.5362892248239,0.0,0.0036222938715299185,0.2643019761877219,0.3364239503485934,0.3814633533205264,0.0,0.0,0
3058,21.48478,79.10325,23.45048726364075,39.20215566704087,0.0,0.01937432803028495,0.0,0.0,0.3240684944239036,2.6876330929892216,0.0,0
3059,21.48478,79.12532,22.252174962653758,37.868047685886125,0.0,0.0697511264014135,0.0,0.3142830666790234,0.5543140118893154,6.58645523213281,0.0,0
3060,21.48478,79.1474,21.233050168067404,36.53396529361292,0.14368179061218594,0.0,0.0,0.18728620773901133,0.6529369001017743,1.9374216121638688,0.10966301716622393,0
3061,21.48478,79.16948,20.419959363116725,35.19990850247426,0.026740906753488586,0.0,0.275381229156857,0.0818317596701883,0.5088405863339398,4.24434323028529,0.0,0
3062,21.48478,79.19156,19.838252294315463,33.86587732472154,0.30015466740730057,0.007717761865643739,0.07343340841545201,0.16882014573531848,0.6682205101652803,0.0,0.0,0
3063,21.48478,79.21364,19.50863811257008,32.531871772608916,0.024879377950835523,0.0,0.0,0.44035619709053975,0.6285779298825759,1.1927502243717778,0.12534147528692124,0
3064,21.48478,79.23571,19.44394150861869,31.19789185838996,0.0,0.2590403741847299,0.4968467283967607,0.2087006188947334,0.7030650286186365,4.074167879593157,0.2729409593854847,0
3065,21.48478,79.25779,19.646779769031042,29.863937594319932,0.007388435460461472,0.0,0.0,0.40297521182371326,0.8467139499382175,1.7933558477292304,0.36628697712319636,0
3066,21.48478,79.27987,20.109058718826123,28.53000899265318,0.03938756920423483,0.003473317467510133,0.0,0.29791090703986184,0.9,2.440640269787819,0.025359845443004597,0
3067,21.48478,79.30195,20.813498572333103,27.196106065647133,0.06298225069362966,0.4085377663766285,0.0,0.12901443692818718,0.6462038030194118,0.0,0.0,0
3068,21.48478,79.32403,21.73656816318994,25.862228825560564,0.26263391945094805,0.0,0.0,0.3223452824941274,0.48027920903609833,5.209038767229045,0.0,0
3069,21.48478,79.3461,22.851788985952485,24.528377284648172,0.0,0.10311354451617544,0.0,0.21993379775266303,0.5542213222048599,0.10679101694090809,0.0956144719328322,0
3070,21.48478,79.36818,24.13253643681423,23.194551455170675,0.1240325534813262,0.11897316121173451,0.13717312189478434,0.1923636388099236,0.7666725433048139,7.689699845391701,0.0,0
3071,21.48478,79.39026,25.553934322737007,21.86075134938606,0.05109177724857101,0.13454744913807853,0.2657849244571745,0.16554234125905204,0.4221211889555835,2.0181476480757317,0.0,0
3072,21.48478,79.41234,27.093855243440018,20.526976979555286,0.0,0.06638878899914723,0.0,0.27995820419970435,0.7504852383949452,6.001672600096447,0.0,0
3073,21.48478,79.43442,28.73324922484475,19.193228357938192,0.13329208830917805,0.05428258258125005,0.0,0.2636127145998996,0.5245462685647421,5.892510257221977,0.0,0
3074,21.48478,79.45649,30.45605711111695,17.859505496796537,0.2030814534573492,0.043240245301671455,0.09887705812333325,0.04498796413125183,0.5805486773998124,1.6759770585597527,0.0,0
3075,21.48478,79.47857,32.24891317785571,16.525808408392695,0.0,0.0,0.10386588040970365,0.20441399609499547,0.43599738982549263,2.9378287454815117,0.0,0
3076,21.48478,79.50065,34.1007707828876,15.192137104988799,0.0784259806929913,0.0896607375110198,0.049698584108337246,0.20968798848675302,0.36399811927178655,3.4746350520506555,0.2332377795305977,0
3077,21.48478,79.52273,36.00252647842374,13.858491598850282,0.0,0.3688946076931332,0.05629673949436107,0.5811715343099235,0.5104674172126066,3.9166551462969146,0.2257000414562398,0
3078,21.48478,79.54481,37.946678814431934,12.524871902240665,0.0,0.2460061776375444,0.0,0.10553201675866507,0.7320632456309416,1.8640390381563656,0.1503789038843596,0
3079,21.48478,79.56688,39.927035023828864,11.19127802742396,0.28062676911193835,0.11037805082787999,0.020192960650292545,0.2937303658411448,0.4514678806463578,6.983482326245019,0.0,0
3080,21.48478,79.58896,38.1996667089394,9.857709986666842,0.1374383417538429,0.20989773088455652,0.0,0.1752184011903365,0.775409368128146,4.219205834849758,0.0,0
3081,21.48478,79.61104,36.293509503356425,8.524167792236701,0.10848981590560938,0.0,0.21513832488124665,0.500936192875347,0.469325643822384,6.193821400278247,0.25995739361241876,0
3082,21.48478,79.63312,34.433603013159626,7.190651456399888,0.32919910930403534,0.060216239991078564,0.44721989547103674,0.5377379562769142,0.3998045585916813,9.664682516518619,0.0,0
3083,21.48478,79.65519,32.62785761378899,5.857160991424478,0.3140529517934356,0.272090109565986,0.0380524498507647,0.6652249269907815,0.5846395319793789,9.1813475656801,0.00636625682126103,0
3084,21.48478,79.67727,30.88577443510032,4.523696409580796,0.41400606767841275,0.380303565165076,0.0015980636778448933,0.5919990750604743,0.6439074440895973,6.829027023931331,0.2704219301264705,0
3085,21.48478,79.69935,29.21874276255394,3.190257723136302,0.6763186613214083,0.04494991025365129,0.05511594819272541,0.6492244426114618,0.5747973136468593,12.02031082659542,0.019997199359555722,0
3086,21.48478,79.72143,27.64034538406137,1.8568449443618982,0.5944247322318974,0.1215897188055728,0.0,0.4599444271190678,0.5691365810584503,12.052586152574685,0.0,0
3087,21.48478,79.74351,26.166626783111212,0.5234580855285383,0.8078105315755008,0.5842673234424125,0.1598648437940484,1.0,0.7718615730971436,9.656277362234473,0.18597070286139974,0
3088,21.48478,79.76558,24.816243127436792,0.8099028410899064,0.8922196590747367,0.24284721800120285,0.09701608184265682,0.6280653207535865,0.5600908321135422,9.888945142280331,0.012105096977017607,0
3089,21.48478,79.78766,23.6103661888248,2.1432378232242804,0.8159573217400793,0.4850323463248455,0.0,0.28643607135464066,0.48023414875053344,12.694159353730617,0.032210413655754465,0
3090,21.48478,79.80974,22.572167910756693,3.476546848599223,0.7087999311274791,0.19763975738688458,0.19361817435363074,0.316604231027125,0.3867369501164135,11.140761708569283,0.2434613155437516,0
3091,21.48478,79.83182,21.7257000294621,4.809829904939904,0.36878601686236634,0.17970591201357322,0.019199754652909688,0.3432091504955487,0.7229575475401595,4.367382793281777,0.0,0
3092,21.48478,79.8539,21.094056628526086,6.143086979973657,0.4716953342033069,0.0709638762118445,0.0,0.39299169884230295,0.4844595373426792,4.933330830362042,0.05910352320105919,0
3093,21.48478,79.87597,20.696915580771538,7.4763180614236715,0.19354078777314837,0.25324590567756744,0.08889068095622586,0.5025078158384724,0.49771318963012695,8.729675374409812,0.0,0
3094,21.48478,79.89805,20.547878494588975,8.80952313701426,0.44947244051069246,0.3047697768624046,0.06647837004986899,0.14558808319595196,0.6907509583224005,3.3283604293585562,0.0,0
3095,21.48478,79.92013,20.65231738525541,10.142702194468734,0.04838391837994502,0.0,0.21080461128596711,0.3327230831473585,0.831180905801933,8.008969171448019,0.019989366990814064,0
3096,21.48478,79.94221,21.00645193104692,11.475855221509219,0.30710705256968407,0.007096898170559578,0.18386295094127633,0.31823348340286894,0.579153482142514,10.547686105483479,0.0,0
3097,21.48478,79.96429,21.598003111100894,12.808982205856415,0.0394863173683362,0.20021918128575436,0.0,0.32449800818920216,0.5253536782308689,6.138984976140094,0.03802615783513255,0
3098,21.48478,79.98636,22.408176183050877,14.14208313522985,0.3362921715613387,0.024718676446531203,0.0,0.17803270488759076,0.5444325676982775,2.4701247815048255,0.06281872892385232,0
3099,21.48478,80.00844,23.41428808265845,15.475157997353406,0.14679366582035164,0.0,0.011678912766727794,0.17165751432709567,0.48218588698146875,5.071377502438868,0.03342337048552172,0
3100,21.48478,80.03052,22.865141761761556,16.80820677994233,0.0,0.19457839955933498,0.08518159890039889,0.11541371098226233,0.495755527410959,7.080469733666635,0.018844653725455206,0
3101,21.48478,80.0526,22.253658583408264,18.14122947071659,0.0,0.20531797213540148,0.11074296296849545,0.36727857950504583,0.49603082624056244,4.456220506677696,0.0,0
3102,21.48478,80.07468,21.864550993292433,19.4742260573967,0.1326828714163898,0.0,0.07530028150794656,0.20074285469793002,0.6722729022701744,5.291961329813281,0.0,0
3103,21.48478,80.09675,21.7097793057537,20.807196527694664,0.1575008326790186,0.05582607531699388,0.0,0.16979536697102596,0.5322904493810723,1.8131721348765746,0.01411946300258585,0
3104,21.48478,80.11883,21.79433647948747,22.14014086933017,0.016485544744023084,0.0,0.21457419477427994,0.0647497098692007,0.735013157381168,1.8873601609882913,0.0,0
3105,21.48478,80.14091,22.115477505451704,23.473059070016202,0.025355923826421153,0.0,0.0,0.06392718517628881,0.5287063428954654,6.018805923060928,0.2044802573463962,0
3106,21.48478,80.16299,22.66314729600274,24.805951117470837,0.10701583151006645,0.03371717973356713,0.5088688675597949,0.3255990639153246,0.4940385417586155,1.720423203143856,0.0,0
3107,21.48478,80.18506,23.421460293647854,26.138816999404348,0.028639392721167722,0.016700252433643956,0.1639294734484183,0.0,0.7248685723334569,0.0,0.0,0
3108,21.48478,80.20714,24.370761485268627,27.471656703531995,0.0,0.0,0.0,0.0,0.549573380881211,2.6287412212313757,0.06399735243509636,0
3109,21.48478,80.22922,25.48972113820996,28.804470217567506,0.0,0.0,0.044814675999035956,0.1552121901983233,0.5294414642996845,4.183587366600286,0.0,0
3110,21.48478,80.2513,26.75706273419259,30.137257529218786,0.034799950878334054,0.0,0.16070665666909922,0.3319337469465776,0.5523848850017861,6.068334127966883,0.19915481172985763,0
3111,21.48478,80.27338,28.15275441968314,31.47001862619889,0.15113169530249074,0.07836038865584266,0.0,0.18604318684038212,0.7534974961604435,7.55169990226092,0.1433741024606958,0
3112,21.48478,80.29545,29.6586818305296,32.80275349621851,0.1981412453098586,0.0,0.0,0.16954150747648677,0.5914244112132414,3.455371226221881,0.015016607780951189,0
3113,21.48478,80.31753,31.258916870888182,34.1354621269867,0.09692568045606034,0.0,0.0,0.07141238255554483,0.723835226504039,4.915190537317204,0.15031895531825837,0
3114,21.48478,80.33961,32.9397177812151,35.46814450621158,0.03718339913884267,0.0,0.11042344465529824,0.38129916127866614,0.5163269760301442,3.488504119269785,0.037700194975162776,0
3115,21.48478,80.36169,34.512540761072216,36.80080062160073,0.0920267146369678,0.06969025267355486,0.0,0.283221669361319,0.7018813199463596,4.0713895554324635,0.0,0
3116,21.48478,80.38377,35.47467922220037,38.133430460862506,0.0,0.0,0.0,0.1631327116715194,0.5827347651927998,2.644216979368832,0.1424065705889842,0
3117,21.48478,80.40584,36.55415730307683,39.46603401170206,0.0,0.006958011044058146,0.10840609755543433,0.04036536306301711,0.6731085787033892,4.116900943905704,0.0,0
3118,21.48478,80.42792,37.740907764339994,40.79861126182505,0.0,0.26390818928097765,0.0,0.0,0.6849595772644099,1.1989187735216231,0.0,0
3119,21.48478,80.45,39.02514538544094,42.13116219893687,0.0,0.26908343035130533,0.0,0.0,0.41787383561085156,8.231629923460616,0.11168942694209226,0
3120,21.50362,78.75,54.15507702801092,62.25742079507281,0.04005704571348094,0.0,0.0,0.10394673707161314,0.560050012693631,0.0,0.0709701114214812,0
3121,21.50362,78.77208,52.06580639045252,60.92291965521078,0.022300523888194094,0.0478704090444216,0.0,0.3470156130353229,0.6839736426410694,4.49464263085506,0.06028064053690062,0
3122,21.50362,78.79416,49.99371782564599,59.58844391195255,0.08256692146050255,0.0,0.09698093758301864,0.13050859146903554,0.7062598275067969,3.8428153363762374,0.2223295183061792,0
3123,21.50362,78.81623,47.941039339163666,58.253993577532654,0.06559415419025456,0.0,0.0,0.1190603940379597,0.7254130716720582,3.9792385245229953,0.0,0
3124,21.50362,78.83831,45.910374554465825,56.91956866418953,0.02919317454978509,0.0,0.0,0.38698733425241144,0.5645668371711589,0.0,0.0,0
3125,21.50362,78.86039,43.904778125354866,55.58516918416559,0.06688875687884994,0.1967795166488321,0.06963008418368341,0.35634691764362203,0.7654965669109945,0.0,0.127464868979067,0
3126,21.50362,78.88247,41.9278476432815,54.2507951496992,0.0,0.09625013378365052,0.0,0.05229154327220502,0.4578064974732002,4.596710881368695,0.0,0
3127,21.50362,78.90455,39.983835388470034,52.91644657302991,0.049694803315004275,0.0,0.0,0.32552963216134845,0.3404776628374236,6.511765561915556,0.0,0
3128,21.50362,78.92662,38.0777835293604,51.58212346640058,0.0,0.11325651180885417,0.0,0.07632365146666238,0.5107838294837418,3.6017801779181573,0.04042486412153235,0
3129,21.50362,78.9487,36.2156862333289,50.24782584205274,0.044595354505021396,0.0,0.07459027544481737,0.0,0.716939673954122,5.1275496528096305,0.05322910720341725,0
3130,21.50362,78.97078,34.40468118781234,48.91355371222886,0.08049820609075449,0.0,0.017334644999033484,0.15031017682089634,0.39728424649963545,1.8480814871468463,0.0,0
3131,21.50362,78.99286,32.65327052365176,47.57930708917137,0.0,0.0,0.0,0.27725866702900603,0.3433538989955644,3.907622540155933,0.0,0
3132,21.50362,79.01494,30.971565934604694,46.245085985128604,0.006669289121275474,0.013628360317328718,0.0,0.35630327775462994,0.3079826132319051,6.239522402644322,0.0,0
3133,21.50362,79.03701,29.371543224754287,44.91089041234153,0.0,0.0,0.0063881159253899485,0.16599014820006053,0.6515358028710118,2.246021510637389,0.0,0
3134,21.50362,79.05909,27.8672754801527,43.57672038305679,0.0,0.0,0.10113651112666627,0.19269436517242072,0.3454125596187524,6.153898465043796,0.29129805700526235,0
3135,21.50362,79.08117,26.47508965035099,42.242575909521385,0.0,0.0,0.02604629834036979,0.0,0.6244393162078001,0.0,0.0,0
3136,21.50362,79.10325,25.213558670331746,40.90845700398313,0.15298681425224028,0.006461389187482472,0.3357819556747871,0.32722967310145223,0.5010755326104905,1.5017369970507093,0.03080082661785192,0
3137,21.50362,79.12532,24.103206227820298,39.574363678687156,0.12924841391121047,0.09000920171879753,0.15095115624558986,0.16401067286187038,0.43851559729013645,4.53019317853533,0.0,0
3138,21.50362,79.1474,23.165780841428354,38.24029594588402,0.06619843986889451,0.028282060726553683,0.0,0.49091522547509536,0.40596933227311016,8.07582436133921,0.41104827684074535,0
3139,21.50362,79.16948,22.42298143190305,36.90625381782338,0.23879477342740876,0.0,0.16122364177656098,0.0,0.5741164025787603,3.186162651377677,0.0,0
3140,21.50362,79.19156,21.894625688460522,35.57223730675423,0.0,0.07035641292659398,0.024668400223384568,0.5590671028504333,0.43921502201622975,0.48467904703978615,0.0,0
3141,21.50362,79.21364,21.596458406026418,34.23824642492799,0.3671361945687779,0.1390316274218848,0.024806556529321094,0.3039455852845807,0.5438358355501737,8.088688169366659,0.0,0
3142,21.50362,79.23571,21.538041728260044,32.90428118459522,0.0,0.0,0.2752091330043397,0.2928526246724435,0.6006754262685646,2.9045452087170673,0.0,0
3143,21.50362,79.25779,21.721310077957142,31.57034159800937,0.035809560016600635,0.0,0.0,0.0,0.6304172069365924,4.998085669864652,0.059808986270974356,0
3144,21.50362,79.27987,22.140262545189007,30.236427677421144,0.0,0.19457273354813243,0.018945492769989254,0.16589814519599033,0.6758106757822844,2.443236988452397,0.0,0
3145,21.50362,79.30195,22.78190034492694,28.902539435085558,0.05276936364696657,0.0,0.2506527497224741,0.29375569368286064,0.5685742968160871,3.732621165876412,0.18297072007067494,0
3146,21.50362,79.32403,23.628088881698737,27.56867688325864,0.11037824010921586,0.29876010195625424,0.07269628906892013,0.03787733108932209,0.39909002039181196,1.9591422491503871,0.15119636780591036,0
3147,21.50362,79.3461,24.657778233632467,26.2348400341921,0.0,0.0,0.0,0.0,0.6119190566171852,9.35771819732155,0.0,0
3148,21.50362,79.36818,25.849048570407334,24.901028900144507,0.22896809503567764,0.0,0.0,0.34780246500968254,0.6391768916348994,6.662978964526703,0.0,0
3149,21.50362,79.39026,27.18066291943959,23.567243493371123,0.048383395244092825,0.0,0.0,0.31337922524869216,0.522425810717592,8.253274742732195,0.0,0
3150,21.50362,79.41234,28.63304734492965,22.233483826129593,0.05704418403357671,0.36617438919972584,0.4196230514968322,0.35415528135006547,0.508001170197598,1.7109683578222734,0.01020006763229861,0
3151,21.50362,79.43442,30.188776075591218,20.89974991067732,0.0,0.0,0.06500837863423223,0.03865310287873831,0.8952189832751303,0.0,0.0,0
3152,21.50362,79.45649,31.832700749162225,19.566041759273034,0.08856965084275804,0.0,0.0,0.06644792575894327,0.36797994381807825,3.261810380056187,0.0,0
3153,21.50362,79.47857,33.55185995396963,18.232359384176984,0.03181257646793555,0.0,0.07168506532149421,0.3441851770775016,0.6183688816159698,10.729800807264766,0.1679359221623142,0
3154,21.50362,79.50065,35.33527425780172,16.898702797648568,0.0,0.045644455148495855,0.0,0.47228019042790603,0.6958905711152785,3.5396944506143826,0.024815602332951762,0
3155,21.50362,79.52273,37.173696830760605,15.565072011949898,0.0,0.0,0.0,0.11069923380135813,0.5018151968470413,7.331082578136824,0.019749995635366016,0
3156,21.50362,79.54481,39.05936112262617,14.231467039342059,0.4139138446022198,0.020985717233334342,0.0,0.2213114962332342,0.5261099270890508,2.1868208533224,0.08440347254096216,0
3157,21.50362,79.56688,40.985747153835774,12.897887892086331,0.08490789948859875,0.0,0.0,0.13835256656509853,0.49357870703718787,2.991698684005971,0.0,0
3158,21.50362,79.58896,39.36445203560662,11.564334582447058,0.0,0.06809008193307005,0.0,0.232479894605107,0.5497481567000864,5.282579450169458,0.0,0
3159,21.50362,79.61104,37.51776529578967,10.23080712268771,0.09796136054922545,0.07250163607183628,0.0,0.518597773897691,0.6755440094278624,11.372927260640555,0.07297317396187403,0
3160,21.50362,79.63312,35.72189638448169,8.897305525073083,0.22079392863312633,0.2484819372351088,0.2054664656269464,0.47571457869993355,0.5217316168333338,9.20951589988992,0.12946315020533472,0
3161,21.50362,79.65519,33.984902415707445,7.563829801868132,0.34907307173221924,0.3067263162461442,0.0,0.27720348187452876,0.9,1.5454548383533382,0.07973895758237391,0
3162,21.50362,79.67727,32.31627837311149,6.230379965340146,0.420597426836231,0.08493857416547057,0.10922391458485606,0.21783645342860475,0.4857007279889925,9.237474132191856,0.23373051525154054,0
3163,21.50362,79.69935,30.727164700649215,4.896956027754447,0.5233202023531268,0.26649262784063354,0.1943272054922693,0.08821782410973919,0.7416583449762374,5.236531751757276,0.004048590552087565,0
3164,21.50362,79.72143,29.230532019500508,3.5635580013789045,0.47477184130947797,0.0,0.0072511678770729995,0.5339925101837978,0.624617499179424,7.285297746831544,0.0,0
3165,21.50362,79.74351,27.841298541364445,2.230185898482037,0.7304155536861052,0.31266423563982193,0.0,0.7546766572465884,0.5632551154199942,11.351670338023792,0.17436900652421672,0
3166,21.50362,79.76558,26.576311991836143,0.8968397313343756,0.7560343048850426,0.13286775762125447,0.03298067375521999,0.5990614185934626,0.7535221901340914,14.782329641134316,0.0,0
3167,21.50362,79.78766,25.454103153677263,0.43648048779735976,0.8554791251781443,0.048466273978244157,0.0,0.69342987920583,0.32311457236823604,15.082025223518624,0.0,0
3168,21.50362,79.80974,24.49430404065013,1.7697747466405482,0.6344344624241123,0.17233347884365915,0.25009197168069575,0.73597060552631,0.606151542955607,11.255437971617358,0.1146152647748395,0
3169,21.50362,79.83182,23.716640766949325,3.1030430329230962,0.45359647282315485,0.3956945033085636,0.3860308928387229,0.6702889269422403,0.44586653391527764,10.273974670144991,0.06012190566947154,0
3170,21.50362,79.8539,23.139484103960665,4.4362853343750785,0.6051145320848837,0.17485088693698053,0.30187301419005175,0.3713302158282291,0.48473365689085,11.997709319894339,0.0,0
3171,21.50362,79.87597,22.778080624961973,5.7695016387224225,0.46492041830511227,0.3635049872772276,0.0,0.5021588379980966,0.4778891497398433,3.644209786866856,0.10834484315604408,0
3172,21.50362,79.89805,22.642763671338415,7.102691933692486,0.4233186530087157,0.0,0.0,0.6169255139661135,0.41047164481923193,11.839044654009818,0.30097585088283313,0
3173,21.50362,79.92013,22.737570096107696,8.435856207010715,0.24984525449877437,0.25729833179208,0.013645440146453008,0.35382001375974453,0.3141178234644991,4.611542078780575,0.05283502744388638,0
3174,21.50362,79.94221,23.0596617163002,9.768994446402282,0.28950621336701465,0.0,0.10469636183013908,0.4868464717102151,0.6001451363520577,6.717362125353554,0.0,0
3175,21.50362,79.96429,23.59973432411457,11.102106639590627,0.0,0.10051556436881467,0.0,0.0,0.5368623824046315,4.3310074980513145,0.0,0
3176,21.50362,79.98636,22.862203732984113,12.435192774297729,0.22943716937702127,0.0899690851716178,0.0,0.1867932022862753,0.5034892069102381,2.2547638484132837,0.329214129650754,0
3177,21.50362,80.00844,21.77732646998763,13.768252838250799,0.12204511821664149,0.1537996020501933,0.2766158563688903,0.07729275085954296,0.6509788558623397,6.149334605700505,0.0,0
3178,21.50362,80.03052,20.886475037301004,15.101286819167543,0.15596409303079387,0.08202383689832178,0.0,0.4808635333157642,0.607116038584459,5.295849866815613,0.0,0
3179,21.50362,80.0526,20.21531682172676,16.43429470477127,0.1102345707951287,0.0,0.0,0.24178232587519038,0.5057595983678991,4.1754391982594194,0.019906377040820752,0
3180,21.50362,80.07468,19.786220783465133,17.76727648278343,0.0,0.17330759310596033,0.0,0.20494116623393424,0.9,3.852993528945361,0.16377421544762094,0
3181,21.50362,80.09675,19.61507929876095,19.10023214092059,0.0,0.30559307259053264,0.10070134270821846,0.2845026973355002,0.6849108983079066,8.045321238243856,0.20032374029193117,0
3182,21.50362,80.11883,19.70861343048568,20.433161666904578,0.0,0.0,0.0,0.044798921706481254,0.8847822514508497,9.630771073811436,0.0,0
3183,21.50362,80.14091,20.063121770676467,21.76606504845142,0.09436791335493926,0.0,0.06916298596240567,0.06709060349312204,0.4848461786824588,7.059081321659967,0.0,0
3184,21.50362,80.16299,20.665177742066827,23.098942273281345,0.10409445794773611,0.09810105873525934,0.0,0.23984704113224672,0.5785717940412046,4.412463284544055,0.0019753610505291322,0
3185,21.50362,80.18506,21.4939896398486,24.43179332910768,0.0,0.0,0.0,0.23682721095780518,0.3710801475351505,0.0,0.15775600420005692,0
3186,21.50362,80.20714,22.52454024086855,25.764618203648133,0.0,0.0,0.29819568778954003,0.03624289091886262,0.49904868517865564,5.14461572710035,0.09597589237929394,0
3187,21.50362,80.22922,23.73056125490799,27.097416884619786,0.0,0.09942803673261391,0.09033499186853591,0.1583612017212765,0.4644143262545725,5.188874585565145,0.04409520690617529,0
3188,21.50362,80.2513,25.08675871346209,28.430189359732978,0.0,0.0,0.0,0.03788910693096734,0.9,5.387713736800871,0.14691202771389322,0
3189,21.50362,80.27338,26.57014654748549,29.762935616703842,0.0,0.0,0.0,0.14377710306665492,0.45066636387631115,0.36308488837977926,0.0,0
3190,21.50362,80.29545,28.16063227902556,31.095655643244896,0.0,0.0,0.297760342560615,0.019021211591756154,0.5154042356407242,5.4944313410509125,0.06756422062652845,0
3191,21.50362,80.31753,29.84109631692424,32.42834942706886,0.0,0.23993244004340405,0.12182775849544426,0.2646505281848832,0.3451024013538581,7.305264209989735,0.03559418191641752,0
3192,21.50362,80.33961,31.597185677199477,33.761016955886305,0.013950407334531487,0.008763584053237662,0.23192174021776563,0.14266738093987488,0.6236886303257598,0.6565827995479689,0.0,0
3193,21.50362,80.36169,32.597500961110114,35.09365821740757,0.0,0.0,0.0,0.1830409382895,0.4230943766476868,4.962414592016755,0.0,0
3194,21.50362,80.38377,33.614367619738964,36.42627319934407,0.0,0.0,0.011906725621241645,0.0,0.6778585981850049,1.046596030900738,0.021511154114311808,0
3195,21.50362,80.40584,34.75153452604266,37.75886188940311,0.12887527632630108,0.02463236157969455,0.08188195605627695,0.2503276194516263,0.29902413312443965,2.8644773383083852,0.0,0
3196,21.50362,80.42792,35.99760258210756,39.09142427529309,0.0,0.0,0.0,0.35382938540744874,0.5324767908244422,0.650322678596309,0.436390578561253,0
3197,21.50362,80.45,37.34167146673222,40.423960344722765,0.0,0.0,0.0,0.1929311035439815,0.29119159930103145,2.1889772613624983,0.21745215436237583,0
3198,21.52246,78.75,55.01864751977473,63.96340749326281,0.12299425974201328,0.1017708057454695,0.0,0.10058237177426221,0.4813073580584315,2.115681298814607,0.17486569886880826,0
3199,21.52246,78.77208,52.9637241822742,62.62892095769484,0.0,0.10962062087791437,0.07986443333891242,0.10455852575712006,0.5097608657887058,4.080467249638195,0.0,0
3200,21.52246,78.79416,50.92845013620211,61.29445982238148,0.0,0.0,0.0,0.21608595521921803,0.46609441314480904,5.324850979850404,0.0,0
3201,21.52246,78.81623,48.915278197611954,59.960024099555184,0.13966520114029837,0.04712811600688635,0.11450380599410702,0.1569617635394955,0.4799121225755255,6.173566489900715,0.0,0
3202,21.52246,78.83831,46.92705303828233,58.625613801451635,0.0,0.03026967734882622,0.06230025853158377,0.03430148477002315,0.685883327739764,1.3182317279650033,0.01826659587797568,0
3203,21.52246,78.86039,44.967083896693694,57.29122894030994,0.1326107084489382,0.09659092899527695,0.0,0.27105405799538573,0.8543123792082468,3.9511340911830506,0.0,0
3204,21.52246,78.88247,43.039231250790024,55.95686952836608,0.05156491186368461,0.09700511457808138,0.0902230233840243,0.0,0.5973496360505289,0.16272184144477242,0.07679948587025803,0
3205,21.52246,78.90455,41.14800952265357,54.62253557785687,0.0,0.0,0.0,0.33361184790839005,0.4293836948192892,2.733028920911218,0.17314942420357843,0
3206,21.52246,78.92662,39.29870761713179,53.28822710102218,0.05770181717582673,0.0,0.0,0.14827061394020077,0.5586847567689199,3.135270938483106,0.0,0
3207,21.52246,78.9487,37.49752828794666,51.95394411010169,0.038627501056151294,0.08330635296419618,0.10962059039780676,0.17311098280742504,0.5000160668385651,0.629407389679133,0.0,0
3208,21.52246,78.97078,35.75174558536158,50.61968661733425,0.12272272136172777,0.0,0.11860517071761587,0.06797268147052038,0.6739983083053502,4.486153190238357,0.1964790883090724,0
3209,21.52246,78.99286,34.06987638653109,49.28545463495993,0.0,0.0064700842930704595,0.0,0.33294944813655647,0.5896167071783347,2.632706272903423,0.05987590412062142,0
3210,21.52246,79.01494,32.46185644428829,47.951248175224,0.005282927481342552,0.12095963397004378,0.0,0.045819761476838236,0.3282146558909519,3.4450474802550755,0.0,0
3211,21.52246,79.03701,30.939202558669773,46.61706725036532,0.0,0.014012669824355974,0.0,0.1621763545540113,0.7025586410156783,6.234390734821536,0.11775929699621968,0
3212,21.52246,79.05909,29.515129550369977,45.282911872627515,0.08502538763242676,0.2426056896340953,0.0,0.020265648457020002,0.683896663885043,1.946805526113074,0.0,0
3213,21.52246,79.08117,28.20457370250772,43.948782054255176,0.0,0.18199586861434547,0.30976605163934107,0.24139167510434664,0.7574863491871816,5.278670328082992,0.0,0
3214,21.52246,79.10325,27.02405544249616,42.6146778074928,0.1228603347234672,0.0,0.0691727345304811,0.5326981754798014,0.47548536447084677,6.830528178939085,0.0,0
3215,21.52246,79.12532,25.99129966205014,41.280599144583086,0.05698749404292807,0.0,0.010011716881032867,0.0019840257406896766,0.5895077742307425,6.683843820813434,0.0031232164852371194,0
3216,21.52246,79.1474,25.12453453328733,39.946546077773576,0.0,0.0,0.0,0.3860794564912014,0.38109419029050495,2.617170756734709,0.16344444331810248,0
3217,21.52246,79.16948,24.441426014284758,38.6125186193118,0.14659527441893602,0.0,0.15719794956217295,0.2718265708702381,0.5394224241011112,0.5943881509799973,0.0,0
3218,21.52246,79.19156,23.957689143258527,37.27851678144404,0.27009421594965355,0.0,0.0,0.23007496722596876,0.6018888965125041,1.297188815850773,0.10401845145055315,0
3219,21.52246,79.21364,23.685542560760425,35.9445405764184,0.12272184643320405,0.04020440734815461,0.0,0.3012523045496416,0.4570919613432153,0.0,0.0,0
3220,21.52246,79.23571,23.632297345078335,34.61059001648301,0.17436282623125143,0.02980138572531245,0.16541277422418804,0.30341954033158836,0.5940329578152692,4.976006758397647,0.17345904712106447,0
3221,21.52246,79.25779,23.799422752678133,33.27666511388828,0.014147171369085713,0.11719509977734767,0.08802845926435993,0.13986778864690438,0.5697323588841807,5.168112368126842,0.0,0
3222,21.52246,79.27987,24.182350235330077,31.94276588088281,0.0,0.22985527812000428,0.0,0.10730494259230221,0.48346942226048983,3.5639661296760465,0.24950213261064552,0
3223,21.52246,79.30195,24.771073777147095,30.608892329718888,0.0,0.0027785603086346866,0.0,0.27748723345745735,0.7424246322121094,0.0,0.10964495991778724,0
3224,21.52246,79.32403,25.551372219437066,29.27504447264922,0.038213136418690945,0.372565134277651,0.03278613734826084,0.3051040695536251,0.5143494874514362,2.3982589196477004,0.03951477193459639,0
3225,21.52246,79.3461,26.506332088709748,27.94122232192307,0.0,0.04579075930803225,0.0,0.21345130643023208,0.5661864859877662,6.992263834264513,0.04524100069871232,0
3226,21.52246,79.36818,27.617841164559948,26.60742588979631,0.0,0.0,0.03734882719156753,0.13840333370263316,0.342629146961535,5.053187625359936,0.0,0
3227,21.52246,79.39026,28.867822059985336,25.273655188521158,0.0072830163551063296,0.0,0.0,0.1753620515978856,0.6210593011964805,5.578755175923955,0.0,0
3228,21.52246,79.41234,30.23910777598331,23.939910230353114,0.09237022545071175,0.0,0.0,0.09496343762603862,0.4819399386102348,12.230494520449483,0.04207463855435396,0
3229,21.52246,79.43442,31.715967820452153,22.60619102754689,0.0,0.10982615036538701,0.0,0.050552029557275086,0.682997136759058,4.5830936526123995,0.0,0
3230,21.52246,79.45649,33.284351815483106,21.27249759235786,0.0,0.0,0.05833250936885438,0.2447712522520424,0.36566000520861547,0.0,0.0,0
3231,21.52246,79.47857,34.931934100991704,19.938829937043845,0.21722403232062787,0.0,0.0,0.027482339053135643,0.609705231460079,1.1191037916764874,0.0,0
3232,21.52246,79.50065,36.64803467227868,18.60518807386123,0.0,0.0,0.0,0.2541951686800116,0.24406713644613348,4.933251977742595,0.09151122927315448,0
3233,21.52246,79.52273,38.42347393532284,17.27157201506997,0.16058501118829802,0.0,0.0,0.0,0.6358905198883466,4.369420486984397,0.09393632011076965,0
3234,21.52246,79.54481,40.25040036013373,15.93798177292844,0.012037691227320554,0.16395557414120582,0.0,0.0,0.5252835071970285,4.084469924385537,0.20285864572783957,0
3235,21.52246,79.56688,42.12211511988939,14.604417359694583,0.15317454061154037,0.14291361581812984,0.3919574384459889,0.08028748430160293,0.6057307891892416,4.374740236218696,0.0,0
3236,21.52246,79.58896,40.60398272149595,13.270878787630298,0.24118122791199878,0.23426899225840211,0.0,0.14127512257341823,0.4657470947380365,3.0204196375753516,0.0,0
3237,21.52246,79.61104,38.81654782632092,11.937366068996031,0.22570925837686712,0.0033027330207514236,0.0,0.26578693822532495,0.4167881027077777,6.360859360498983,0.0,0
3238,21.52246,79.63312,37.08385831163533,10.603879216054445,0.2798904066673656,0.2588935245744945,0.16878992495756623,0.3456443408989511,0.48875574456544646,9.395804636646625,0.043369551430197426,0
3239,21.52246,79.65519,35.413950666694504,9.270418241067457,0.07510577843474076,0.0,0.005539842362447752,0.4042761583507919,0.5763350623720603,10.7169938286311,0.2235153138680655,0
3240,21.52246,79.67727,33.81612708731707,7.9369831562999185,0.40001940246244716,0.0,0.0,0.49394277287713,0.6300064866353519,11.156365608211445,0.0,0
3241,21.52246,79.69935,32.30108663116263,6.603573974013817,0.23034969021659302,0.0,0.18758088797948003,0.36002817109312185,0.591619776459976,4.835518108169204,0.004329709533875194,0
3242,21.52246,79.72143,30.881015898284158,5.270190706474586,0.44660659939821856,0.1311780483609574,0.09729246433789943,0.37675517691179705,0.41768993156936696,7.95860600665187,0.0,0
3243,21.52246,79.74351,29.569600758714024,3.9368333659477037,0.5498403521608427,0.34567710527740114,0.06142510739918483,0.3693045355089324,0.8058273106766918,7.995282963445139,0.04079161779983451,0
3244,21.52246,79.76558,28.381906868312285,2.6035019647018665,0.7061807453106997,0.08483168619173498,0.0,0.37711142889484384,0.5948292369422412,11.278366245895805,0.15973841781427225,0
3245,21.52246,79.78766,27.33406646709162,1.2701965150001526,0.8496426945248057,0.13783402218093516,0.0,0.6711519624957051,0.4607674934992443,10.600354108270027,0.3073542215887606,0
3246,21.52246,79.80974,26.442710651947024,0.06308297088725509,0.8882840511977563,0.2144829761265174,0.1899670457260426,0.6675050997292415,0.6069527777844281,11.350506125878038,0.08009537223970416,0
3247,21.52246,79.83182,25.724111440741076,1.3963364806913046,0.6303891416253076,0.30282097789574847,0.0,0.8166297479133625,0.5830899659983996,14.488498250402085,0.09073327412678334,0
3248,21.52246,79.8539,25.193056161339264,2.72956400214451,0.7391759142109892,0.10268955033239399,0.2544499355393427,0.3050099880311049,0.5224507586718392,9.901282268145877,0.0,0
3249,21.52246,79.87597,24.861565822687837,4.06276552297494,0.5303744468094406,0.06659976882898595,0.0,0.33181070670136836,0.5058364445316296,9.053396901482202,0.0,0
3250,21.52246,79.89805,24.737664379773946,5.395941030913295,0.544770015988942,0.0,0.2956639430630459,0.39302379025035467,0.6846426200447926,9.015952102841915,0.0,0
3251,21.52246,79.92013,24.82446032246198,6.7290905136880665,0.3204178749933404,0.017842476799162163,0.10317570761263309,0.4745500064423818,0.7887058395479669,9.019291199347649,0.0,0
3252,21.52246,79.94221,23.937025580000252,8.062213959026865,0.09225829951584932,0.2815398526054762,0.0,0.2748357244165865,0.2612576951221406,8.447607155875227,0.02115388438338775,0
3253,21.52246,79.96429,22.443689097086004,9.39531135465588,0.32483856669416117,0.09454143855233882,0.11531262999718317,0.42966516411454353,0.7175270801533051,10.204192716416063,0.1011285762001322,0
3254,21.52246,79.98636,21.09211021774864,10.728382688299828,0.12283928106058983,0.0,0.0,0.25441471918031744,0.5468426647962439,2.389803018253289,0.011859118795719716,0
3255,21.52246,80.00844,19.91117762099013,12.061427947688678,0.174997205217192,0.25830582056715196,0.02810716494132099,0.39292347367153824,0.5758954701652782,6.19983927193457,0.0,0
3256,21.52246,80.03052,18.93285038529779,13.394447120542864,0.029574697481472165,0.0,0.0,0.39933984936356703,0.7307062962467328,4.765675518813752,0.023291868284766613,0
3257,21.52246,80.0526,18.189848888177803,14.727440194588455,0.2832160406633157,0.2748058821366284,0.002711091395110124,0.0,0.16867947629583957,3.969863038090609,0.0,0
3258,21.52246,80.07468,17.71181332889593,16.06040715754995,0.0,0.26711059850119934,0.22023966868402703,0.16569999122374224,0.653623166034997,6.481174044703483,0.13297403595031718,0
3259,21.52246,80.09675,17.520445500221026,17.39334799714606,0.014592685828006179,0.04678049752860525,0.13678720386983234,0.4095419052436336,0.7187636520686682,7.673960895598796,0.0,0
3260,21.52246,80.11883,17.625085534433317,18.726262701101348,0.057004946264719705,0.0,0.0,0.14222607496515932,0.44299419573252735,2.5850154564128323,0.0,0
3261,21.52246,80.14091,18.020577683117537,20.059151257135216,0.0,0.394979170914391,0.0,0.27271837844647967,0.34492325328888884,8.354960634476745,0.07794391331386306,0
3262,21.52246,80.16299,18.688465695559,21.39201365297032,0.06794983378996601,0.08622242310104827,0.08090978767562515,0.09107806234739046,0.770712062874173,0.11326549128674612,0.08517983073042351,0
3263,21.52246,80.18506,19.600924204361203,22.724849876322747,0.21608198560003863,0.0,0.09130209543541529,0.0,0.2964796663541072,5.255216573911838,0.0,0
3264,21.52246,80.20714,20.725676301710006,24.05765991491326,0.0,0.16955286516562018,0.0,0.19889513552948074,0.6022889563754779,1.305574365501069,0.10164762804765393,0
3265,21.52246,80.22922,22.030230017770187,25.390443756460773,0.061944220594234274,0.12587146203064073,0.3328352930523983,0.09207019707274589,0.6881485545949099,1.867224255180186,0.10271664099251954,0
3266,21.52246,80.2513,23.484640894856575,26.723201388679307,0.0,0.2207205309393813,0.1738851443175587,0.11722061298116523,0.6015321872979672,3.6182854237447284,0.31683406632603117,0
3267,21.52246,80.27338,25.062833574929737,28.055932799287437,0.004644804558797009,0.0,0.0,0.0,0.6259800945280528,2.361539081105834,0.0,0
3268,21.52246,80.29545,26.742902602876473,29.38863797600072,0.0,0.05823856074007561,0.0,0.21708938033049133,0.5105781837605639,0.0,0.0,0
3269,21.52246,80.31753,28.506841190767542,30.72131690653405,0.0,0.0,0.0,0.13357713326158666,0.6130525296284878,4.886158713264262,0.0,0
3270,21.52246,80.33961,29.764913490033486,32.053969578600736,0.13455877400557995,0.11160154995072387,0.0,0.20861253654515272,0.4494129591421654,5.282929972570862,0.07912987642817797,0
3271,21.52246,80.36169,30.705968653492935,33.38659597991449,0.0,0.0005266831724837369,0.25424080128183724,0.17543132037197384,0.4677497735920755,2.8016161758339395,0.0,0
3272,21.52246,80.38377,31.783272221440022,34.719196098189165,0.0,0.048486545497755947,0.19937859134854696,0.0020252032286191997,0.5539753010433326,2.56699056364304,0.1581483131676279,0
3273,21.52246,80.40584,32.98347647182933,36.05176992113484,0.0,0.0,0.00900287088776102,0.3985556002424833,0.3336022505594386,2.1943810297527135,0.0,0
3274,21.52246,80.42792,34.2936800383877,37.384317436462965,0.0,0.0,0.13714847923080986,0.0,0.6301267899603725,0.0,0.07553581850629547,0
3275,21.52246,80.45,35.70177450133592,38.71683863188445,0.0,0.0,0.16580838904565648,0.2745967382711095,0.2021756136309535,0.0,0.0,0
3276,21.5413,78.75,55.94737223419461,65.66931348500836,0.11534886637880398,0.12653753730541675,0.01168271866073638,0.22592135573868705,0.6007763239483872,5.09554306408659,0.0,0
3277,21.5413,78.77208,53.928115649017705,64.33484156032303,0.0,0.23843412063281624,0.08056787095996926,0.3227490032644318,0.6139370936752097,5.775297511678231,0.10048665201299238,0
3278,21.5413,78.79416,51.93091520294679,63.00039503953983,0.0,0.0,0.11890096908209656,0.30469032620633074,0.4387323019329389,4.559963316357915,0.0,0
3279,21.5413,78.81623,49.958416239765874,61.66597393488878,0.0,0.08868158204082793,0.09761197736133313,0.15501026309041788,0.37719633230650984,3.9955777628042854,0.0,0
3280,21.5413,78.83831,48.01366325897364,60.33157825860301,0.2092775831326561,0.06928662966505929,0.0,0.014273087562849087,0.49278929899924023,5.046110275043157,0.0,0
3281,21.5413,78.86039,46.10016785948026,58.99720802291827,0.09228611050247426,0.0014597958559978655,0.0,0.0,0.6394627326918308,4.87469030835957,0.0,0
3282,21.5413,78.88247,44.2219878356038,57.66286324006872,0.0,0.0,0.0,0.17350811876915573,0.5982719442477062,0.9734475388505381,0.007572003217263061,0
3283,21.5413,78.90455,42.38381834246591,56.32854392228836,0.1566253587988055,0.0,0.0,0.13040163610681593,0.3942142896074282,3.5956210500865553,0.005998671371955493,0
3284,21.5413,78.92662,40.591095418716826,54.994250081813775,0.0,0.0,0.0,0.021317294296869793,0.5645647057711459,2.2501865016874656,0.05809805955718656,0
3285,21.5413,78.9487,38.85011095340866,53.65998173088191,0.1212225818096657,0.0,0.13587490712914135,0.20455870906139145,0.5863656562631564,2.287724526004218,0.0,0
3286,21.5413,78.97078,37.168136103789905,52.32573888172953,0.0,0.2257148965151488,0.07021101130468434,0.4178098052955978,0.580331763842983,5.9914020605171405,0.418528693966176,0
3287,21.5413,78.99286,35.55354681094062,50.991521546594015,0.12899469590312732,0.059362359797358294,0.0,0.2789241504300304,0.41134316988077074,7.125283379266012,0.0,0
3288,21.5413,79.01494,34.01593996411766,49.65732973771777,0.0,0.0,0.0,0.0,0.5711083424051244,0.0,0.0,0
3289,21.5413,79.03701,32.566221548765064,48.32316346733512,0.0,0.0,0.0,0.03620530780306605,0.6776056671154198,2.3787259436896298,0.0,0
3290,21.5413,79.05909,31.216638763849062,46.9890227476899,0.0,0.0,0.039131356390256986,0.29483450381217774,0.6240743831889963,2.249281746264895,0.10541476683948743,0
3291,21.5413,79.08117,29.98071751303298,45.65490759102205,0.03377719412763387,0.0008729654590778355,0.0,0.1024156087026009,0.6062552609081875,6.0762117037023735,0.0,0
3292,21.5413,79.10325,28.87305747773758,44.320818009574545,0.0,0.31680973106443483,0.0,0.14421271331751728,0.7783495300328303,0.0,0.0,0
3293,21.5413,79.12532,27.908934296270445,42.98675401558648,0.06724801809788884,0.0,0.10894901152198316,0.00583720104107939,0.5715812830997916,0.0,0.0,0
3294,21.5413,79.1474,27.10366986228018,41.652715621302654,0.0,0.14043345794861584,0.0,0.18783115483958696,0.42994898995189335,5.2223928608372905,0.0734461016259754,0
3295,21.5413,79.16948,26.471765493450413,40.31870283896951,0.07565148635964508,0.0,0.0,0.1852448542074538,0.4301498683540691,5.605643653933498,0.213276570341331,0
3296,21.5413,79.19156,26.025851748493928,38.98471568082697,0.05457392136030372,0.01187102073344839,0.0,0.06150805514018598,0.5720303437407728,0.0,0.0,0
3297,21.5413,79.21364,25.775583274687524,37.65075415912434,0.0,0.19780150464029556,0.0,0.0,0.34601915049474175,2.8137724179157217,0.06796999091219434,0
3298,21.5413,79.23571,25.72667040921537,36.316818286105104,0.0,0.0,0.0579847477755988,0.0,0.5037153166210909,7.137610620018458,0.0,0
3299,21.5413,79.25779,25.88025484547315,34.982908074017566,0.021121548792875762,0.0,0.326950429500604,0.2925436529529754,0.612306655833277,0.3816487650316702,0.0,0
3300,21.5413,79.27987,26.232780153084025,33.64902353510699,0.06969822225172265,0.23168111283254972,0.0,0.20823039348510589,0.7114354360311612,3.4767819946629075,0.09678505447262149,0
3301,21.5413,79.30195,26.77638999306276,32.31516468162263,0.25199679380800566,0.012619928464074035,0.1814646261540896,0.3160018419950708,0.3315319110069121,4.568944416255746,0.0,0
3302,21.5413,79.32403,27.499754722493922,30.98133152581669,0.1184517733430212,0.18056854172113934,0.0,0.0,0.5618266290463236,0.0,0.15931552084551792,0
3303,21.5413,79.3461,28.38913700682748,29.647524079932403,0.1242644260116716,0.0,0.28332796501794855,0.1537898746931465,0.5386843361184698,1.8679008359624467,0.0,0
3304,21.5413,79.36818,29.429489133536492,28.313742356225582,0.37954594478391523,0.23280528532501896,0.0,0.12475214446589604,0.5537687833550664,0.0,0.0,0
3305,21.5413,79.39026,30.605419464714195,26.979986366944136,0.07306113085002595,0.052712870889393394,0.4903437511827363,0.281678041658523,0.5686009223418034,3.0212986016409205,0.07255098503614828,0
3306,21.5413,79.41234,31.901938944900348,25.646256124342056,0.07207795361532617,0.07995566044392186,0.0,0.08972442727311836,0.5445851196119933,1.4642327259753736,0.07050821960758295,0
3307,21.5413,79.43442,33.30496738557705,24.312551640670087,0.10186777508918878,0.03321211157846969,0.25995265204165086,0.0,0.7441324050427165,4.1439894950729546,0.08276122009818565,0
3308,21.5413,79.45649,34.80162540929715,22.978872928182092,0.0,0.0,0.21826030267561283,0.1806695248967496,0.7235541933625922,5.351029712994425,0.03323549325546891,0
3309,21.5413,79.47857,36.380359291086926,21.645219999132266,0.0,0.01652158821251736,0.0,0.14645570600015784,0.849595187762489,7.422804482950099,0.0,0
3310,21.5413,79.50065,38.03094902032357,20.311592865774244,0.0,0.0,0.0,0.17954085494601985,0.5481664989417924,10.006053327364821,0.0,0
3311,21.5413,79.52273,39.74444303810249,18.97799154036617,0.12001239148724298,0.17688134882257472,0.0,0.32668481477616035,0.4922378737093828,4.632618162547844,0.37062976577125645,0
3312,21.5413,79.54481,41.51305272532509,17.644416035162163,0.03192588610093553,0.0,0.15789583665077095,0.0,0.41431552397532784,3.444021505965236,0.0,0
3313,21.5413,79.56688,43.33002957579402,16.31086636241925,0.08256192120377992,0.0,0.0,0.14963217956807584,0.477132532516224,3.4953469423059085,0.0,0
3314,21.5413,79.58896,41.911627539692624,14.977342534395389,0.2128901120515026,0.0,0.0,0.1239468463873984,0.6498548761380181,2.195512830580835,0.10878703072863509,0
3315,21.5413,79.61104,40.1826311876101,13.64384456334889,0.20648051117060445,0.0,0.10799243655759182,0.24128971457852696,0.6713466163221974,6.141532697008311,0.0,0
3316,21.5413,79.63312,38.51167374172739,12.310372461539083,0.10910602583831641,0.15258453221866558,0.0,0.13665994209777044,0.6442458806677104,4.005282508733983,0.2867658293673171,0
3317,21.5413,79.65519,36.90663925799018,10.976926241225442,0.08009635597177486,0.0,0.0,0.30696287166473357,0.45654830003297237,7.004914958288498,0.437529867146604,0
3318,21.5413,79.67727,35.37650169741681,9.643505914670092,0.3366708317431868,0.12301206689206287,0.02270843887208937,0.49310576247636695,0.4571794740417875,3.6565785258178236,0.0,0
3319,21.5413,79.69935,33.93139504446372,8.310111494131975,0.3431860899383036,0.11048012505529001,0.0,0.33400600959637594,0.8232051342931297,5.3628919215647635,0.04955547038733746,0
3320,21.5413,79.72143,32.5826351796677,6.97674299187469,0.11986179932947982,0.09438303180702068,0.0,0.7414239770655604,0.4326447479412047,8.269649988388785,0.0,0
3321,21.5413,79.74351,31.342662791915576,5.643400420160464,0.35282804228288367,0.19391601600698583,0.30967698589240433,0.27947356905547144,0.7472360646365644,7.4827601770541685,0.16514719589532123,0
3322,21.5413,79.76558,30.22486986146496,4.310083791254081,0.5074192326942303,0.17158846081160803,0.0,0.41445895822273787,0.6053426280108483,3.5823541520494153,0.0,0
3323,21.5413,79.78766,29.24327030922582,2.976793117417354,0.7023407161001016,0.0,0.0,0.5906654285317137,0.4459074159933877,9.425930381937183,0.0,0
3324,21.5413,79.80974,28.41198361170469,1.643528410917934,0.8696040177198309,0.15240896256141917,0.0,0.7408573724280962,0.38241611242599494,8.413193288074716,0.019183509033473635,0
3325,21.5413,79.83182,27.744524184271633,0.3102896840215311,0.9836682342781102,0.3092346045649352,0.09604695490517118,0.49406368112630955,0.4515887605944812,14.766714986305045,0.08787776269120556,0
3326,21.5413,79.8539,27.25293172303376,1.022923051007412,0.9134836079120654,0.48326255795788753,0.0,0.6134654655426944,0.6063383405508975,13.557956463066272,0.0,0
3327,21.5413,79.87597,26.946833007857098,2.3561097818994075,0.6829378559654743,0.4569465596364106,0.09140377783004605,0.5365573881248142,0.4204105063092448,3.991434884533766,0.0,0
3328,21.5413,79.89805,25.955749342305996,3.689270496388496,0.45984442997147384,0.0,0.058301695035286795,0.40015431950836233,0.7649732755461706,11.05723353440957,0.0,0
3329,21.5413,79.92013,24.15803669013894,5.022405182204116,0.4016266325409679,0.07927210996808044,0.0,0.5924358325712268,0.5173316317885674,9.163120648804766,0.0,0
3330,21.5413,79.94221,22.448588780661773,6.355513827078722,0.34899389303960593,0.0,0.37235598757630983,0.25938458829149696,0.6433184793121294,3.5832739437404766,0.0,0
3331,21.5413,79.96429,20.849127801632438,7.688596418739746,0.2734777215063413,0.34288894761519323,0.31022563215413584,0.3276075603533503,0.6305662858372412,9.113914001123035,0.0,0
3332,21.5413,79.98636,19.386895410393056,9.021652944916159,0.0,0.2488912794987741,0.0,0.14996007406414427,0.7691636964812112,2.9752589250668207,0.10694561309629132,0
3333,21.5413,80.00844,18.095189695669546,10.354683393338865,0.1303360300988093,0.13274986346279163,0.0,0.2911002530895683,0.4788834648323626,8.826231473930825,0.049030052706983324,0
3334,21.5413,80.03052,17.01289688648738,11.68768775173226,0.14931100199319997,0.09524221801040827,0.08189360550028107,0.0740161652337924,0.5531134809138207,3.776054164867518,0.09521076253932519,0
3335,21.5413,80.0526,16.18208965068304,13.020666007824543,0.08040054472115904,0.2831273107145999,0.0,0.18751547109862532,0.34032348594146056,1.1711017220596904,0.0,0
3336,21.5413,80.07468,15.642889300098862,14.35361814934288,0.06180309313292197,0.2503965616350628,0.3194030080653047,0.00018178111394541452,0.5496918410448494,10.340401717903399,0.12272714889157352,0
3337,21.5413,80.09675,15.425904880852666,15.686544164010808,0.13176890797760682,0.23632973930652068,0.0,0.27165291667609315,0.6943095667784915,0.5545773246065808,0.0029153711550944667,0
3338,21.5413,80.11883,15.54463549950292,17.01944403955297,0.0,0.11824755979060653,0.3717467951267842,0.09445197737068974,0.5657336162334377,2.262557582256935,0.0,0
3339,21.5413,80.14091,15.99160529274546,18.352317763692792,0.0,0.0,0.0,0.2730725654224905,0.8598575885848634,2.5854646756194066,0.09854884740076122,0
3340,21.5413,80.16299,16.740543067323443,19.6851653241545,0.0,0.15550002927389997,0.015684826490577137,0.3485730698242908,0.6104762571804245,2.8252962520632674,0.0,0
3341,21.5413,80.18506,17.753273483177324,21.01798670865842,0.12180072237835438,0.15749781626496673,0.28515606456955783,0.3640503825987884,0.46396685488712036,5.687836822242351,0.0,0
3342,21.5413,80.20714,18.987634151576362,22.350781904927477,0.22661632301128332,0.0,0.0,0.18580980235074404,0.6053609066262535,3.901686689924326,0.1740065944146101,0
3343,21.5413,80.22922,20.40344027835655,23.683550900682942,0.11316294997489398,0.0,0.07400592122144811,0.1771570772790641,0.33845389964949274,6.258917648590396,0.1579116041786247,0
3344,21.5413,80.2513,21.96563433639515,25.016293683643358,0.0,0.19538353298781003,0.23327610218308997,0.1594148168512614,0.4330009963440588,4.525561208590809,0.0,0
3345,21.5413,80.27338,23.64521937230218,26.349010241527093,0.0,0.2775698153525572,0.0,0.07768683035640316,0.3757324504220938,0.0,0.14047202864470484,0
3346,21.5413,80.29545,25.41893577122988,27.68170056205494,0.04071201570708574,0.0,0.0,0.21860153664305926,0.5493638721748663,4.845026043813858,0.0,0
3347,21.5413,80.31753,26.990884256550796,29.014364632943053,0.029251843728239812,0.0,0.0,0.0,0.5393015775991227,3.9661220598427183,0.0,0
3348,21.5413,80.33961,27.83872785474567,30.347002441909,0.07107586689538566,0.06249120692639834,0.12175494815947527,0.0,0.7167834019356858,1.6848880369516064,0.0,0
3349,21.5413,80.36169,28.842569162676888,31.679613976667454,0.0,0.08317586009655806,0.08197851890314356,0.05454028639924591,0.5344960986926538,8.658092207381472,0.0,0
3350,21.5413,80.38377,29.986745635357245,33.01219922493522,0.01187164114534969,0.0,0.21576234615308687,0.0783392628404449,0.40829666025875105,4.811447274274359,0.11766687055832431,0
3351,21.5413,80.40584,31.25584938690719,34.34475817442782,0.053704945082948416,0.3050819855686149,0.0,0.25913845184318585,0.7672113895542216,5.646614030763267,0.08900097187302315,0
3352,21.5413,80.42792,32.635309338571936,35.67729081285618,0.10169623635634342,0.07064146072806463,0.0,0.10244944042871373,0.13688171280668182,5.709948322966003,0.06720323825529387,0
3353,21.5413,80.45,34.111739858873186,37.009797127935876,0.0,0.08761765681893896,0.0,0.21308007939512338,0.5547060685522667,2.0552063668749163,0.022039626354034118,0
3354,21.56014,78.75,56.93806304159362,67.37513870219989,0.0,0.2814769458045243,0.5736180403854741,0.13334789892000934,0.5804499231066705,4.651848671502755,0.0,0
3355,21.56014,78.77208,54.95548134336816,66.0406813949928,0.0,0.0,0.10542121882889206,0.0,0.548538696230915,3.827523956596097,0.19219007684589165,0
3356,21.56014,78.79416,52.99726958674543,64.70624949533298,0.0,0.0,0.027410625252712473,0.01087335277422977,0.6199836916911532,1.558523544186856,0.0,0
3357,21.56014,78.81623,51.06623139636238,63.371843015446835,0.0,0.0,0.05580221393511228,0.055340171839821095,0.5654563835591386,0.0,0.0,0
3358,21.56014,78.83831,49.16556874273102,62.037461967565015,0.0,0.0,0.0,0.18338358953685008,0.6198971489520966,3.0721354670456598,0.06580568636382719,0
3359,21.56014,78.86039,47.29894364292257,60.70310636392065,0.019913837686752773,0.0,0.0,0.09033934983785641,0.4656138904408478,4.536609273709013,0.24446198710492853,0
3360,21.56014,78.88247,45.47054818690873,59.36877621674481,0.0,0.11981419252448335,0.34887143285136596,0.0,0.34563039015629826,3.054517488686177,0.0,0
3361,21.56014,78.90455,43.6851828564835,58.03447153826944,0.0,0.06738981221063685,0.13195363678597102,0.1519464922523225,0.5433728219771363,2.540239761673409,0.0,0
3362,21.56014,78.92662,41.948342270611555,56.70019234072837,0.025939643358988285,0.0,0.0,0.2409254847355161,0.406102591995116,3.0876571635237444,0.0,0
3363,21.56014,78.9487,40.26630613194123,55.36593863635521,0.0,0.0,0.0,0.054505252326757125,0.4477630453681382,2.273021312246025,0.0,0
3364,21.56014,78.97078,38.64623105456952,54.031710437384355,0.05840543439764635,0.12217395227599805,0.0,0.2593831899338579,0.7122884238111581,7.0504604382798135,0.11332811941192743,0
3365,21.56014,78.99286,37.096235892922884,52.69750775605045,0.0,0.0,0.0,0.10414308610299754,0.7677067247946325,3.728408783620805,0.2527044438934492,0
3366,21.56014,79.01494,35.62546897852838,51.36333060459285,0.003792297578853714,0.03317549582133917,0.41105950186612905,0.2358341493967362,0.7094511726677304,1.7650996106137165,0.0,0
3367,21.56014,79.03701,34.24414029281602,50.029178995244116,0.0,0.11254599129368356,0.0,0.07774140920115062,0.6833691318060968,0.0,0.0,0
3368,21.56014,79.05909,32.963495456325454,48.695052940244416,0.03667099450738175,0.0,0.0,0.19069336513006335,0.5575708185836051,2.52747988868237,0.01121706544360459,0
3369,21.56014,79.08117,31.795702643003708,47.36095245183128,0.015336837497788348,0.1105260819739708,0.0,0.006800131522383651,0.6911631222828385,1.546906832005317,0.0,0
3370,21.56014,79.10325,30.75362039635452,46.02687754224466,0.0,0.0,0.05585103637439991,0.04294054994100405,0.5985981270744015,1.457804142231543,0.19780003531340717,0
3371,21.56014,79.12532,29.850417363144444,44.692828223721556,0.0,0.0,0.0,0.08285718203385739,0.8212670550582415,5.51353633180269,0.0,0
3372,21.56014,79.1474,29.099028428117574,43.35880450850371,0.0,0.0,0.08446356194445316,0.2798590956585206,0.41989990743144145,3.2800849826243716,0.050378303230657784,0
3373,21.56014,79.16948,28.511458827650777,42.02480640883514,0.0,0.2309090939474089,0.24626806320379618,0.361687466822214,0.6424381341024241,0.0,0.048041960444610274,0
3374,21.56014,79.19156,28.09798755225106,40.69083393695247,0.00014063895623877372,0.0,0.032569283674312256,0.4211866351134024,0.37114878527868717,4.7068461146640574,0.1006668115862703,0
3375,21.56014,79.21364,27.86636531629901,39.35688710510256,0.0,0.0,0.0,0.0,0.6430457558805815,0.0,0.04113870089552515,0
3376,21.56014,79.23571,27.821134396404563,38.02296592552589,0.07679474989918357,0.02420825376715917,0.0,0.3253161685405057,0.3073875586683817,4.934289297459943,0.0006811827237049397,0
3377,21.56014,79.25779,27.963199280849825,36.6890704104686,0.0,0.0,0.0,0.11172636625283391,0.37821171966847456,1.917495406799183,0.06881308785457464,0
3378,21.56014,79.27987,28.28973843176072,35.355200572173274,0.0,0.0,0.0,0.0,0.3686406143226574,3.403042758174748,0.13376649272123986,0
3379,21.56014,79.30195,28.794476523967045,34.021356422885816,0.0,0.08824769634917465,0.0664159197959965,0.075831171271163,0.5836510148136116,3.1406160517716386,0.28762017270343493,0
3380,21.56014,79.32403,29.46825829099335,32.68753797485598,0.031408417765019014,0.0,0.0,0.0,0.598161052422581,2.853051306566782,0.0,0
3381,21.56014,79.3461,30.299808662849504,31.35374524032399,0.044363168809981986,0.0,0.39117997278463423,0.27641834525134207,0.8917851516948128,3.820991317295939,0.0,0
3382,21.56014,79.36818,31.276546359939328,30.01997823154355,0.23212104477089016,0.0,0.1611686600889164,0.1307533057056086,0.5361300014492202,3.533253027663629,0.0,0
3383,21.56014,79.39026,32.38533753278635,28.686236960759807,0.0,0.13551283612179668,0.0,0.22781051503440558,0.6572500324045909,8.23282284436213,0.0,0
3384,21.56014,79.41234,33.61311661132796,27.35252144022343,0.0016576678716413648,0.21562879445886696,0.0,0.22829393541889648,0.5717838506954714,4.013137761437596,0.0,0
3385,21.56014,79.43442,34.947344881138974,26.01883168218244,0.06421747661317087,0.18623634092845243,0.0,0.0,0.6458549061720179,4.142380055805902,0.0,0
3386,21.56014,79.45649,36.37631101475455,24.68516769888857,0.013528339244946164,0.0,0.3157103802605314,0.004532459355151036,0.5696472748554507,1.7347555391148066,0.0,0
3387,21.56014,79.47857,37.88929760114745,23.351529502592967,0.0,0.0,0.1789995179193907,0.37422698306556473,0.7035845266054097,4.66239905465814,0.136833524383663,0
3388,21.56014,79.50065,39.476645260351916,22.017917105546548,0.0,0.07852150451127482,0.32535325472866145,0.12061904863057885,0.40234798271937877,1.1180790097783833,0.10024650461458917,0
3389,21.56014,79.52273,41.129745264428564,20.68433052000502,0.0,0.2541562894558622,0.002494105675296432,0.3440069552094188,0.20714289859004376,6.894234062875167,0.0,0
3390,21.56014,79.54481,42.8409867251126,19.350769758219165,0.0,0.2196792697482376,0.0,0.4287012856124923,0.6082779127439031,0.18896176509343698,0.0,0
3391,21.56014,79.56688,44.603678237964935,18.017234832443563,0.0,0.1003757135474358,0.0,0.18990993476961654,0.2971710028265408,2.0221746989181963,0.3217262561393843,0
3392,21.56014,79.58896,43.281213183072396,16.683725754933157,0.0,0.0,0.0702426229738228,0.026540622238785727,0.7334960564803927,0.17409615646811272,0.09516857927327625,0
3393,21.56014,79.61104,41.6093872198225,15.350242537944409,0.0,0.0,0.0,0.09144715179888169,0.4730686883546832,5.726072534093218,0.02763795774594683,0
3394,21.56014,79.63312,39.99829099647816,14.016785193733009,0.1667554501951154,0.35279679880165765,0.0,0.5290546817618768,0.40439224834566667,3.7940381243931656,0.01944790376019292,0
3395,21.56014,79.65519,38.45555812485479,12.683353734556,0.1928980108907717,0.0,0.32434559231643223,0.3181106045920775,0.9,6.9823237901818,0.0,0
3396,21.56014,79.67727,36.989743326678905,11.349948172672468,0.042356020217931445,0.0,0.0,0.15146590458942882,0.5469966362983603,3.0135299162751767,0.3205200789807394,0
3397,21.56014,79.69935,35.61034634582297,10.016568520339215,0.1571273217595756,0.2223882858421285,0.2674299709420625,0.3339814678463465,0.5200561655469151,7.339123960538909,0.0,0
3398,21.56014,79.72143,34.32778640062109,8.683214789816798,0.012238305992164938,0.015596622558570153,0.0,0.18242500319259294,0.6540614637089345,7.937104217020382,0.023925828512826226,0
3399,21.56014,79.74351,33.153304059222414,7.349886993364708,0.2344424391152638,0.0,0.5395509384028752,0.15266054066249607,0.6633682423027905,7.527844074086226,0.0,0
3400,21.56014,79.76558,32.098765101949766,6.0165851432452815,0.4147417845274821,0.36256792032567814,0.0,0.4887091496287861,0.7085279102855057,7.6925179128203265,0.0,0
3401,21.56014,79.78766,31.176343172526778,4.683309251716997,0.55714579762265,0.21329694532251547,0.14419944175957836,0.8742366155328039,0.3622760383756103,8.705435751741076,0.0,0
3402,21.56014,79.80974,30.39806784687606,3.350059331045059,0.48659056514012355,0.10375327434278744,0.17643715638174018,0.7397875180744792,0.6237938641103788,6.834968206631544,0.0779253352148605,0
3403,21.56014,79.83182,29.77524454402263,2.0168353934924355,0.8407461974237201,0.011405709470413888,0.0,0.42689352191249036,0.507554927322672,7.397467703372762,0.0,0
3404,21.56014,79.8539,28.7197361218544,0.6836374513208259,0.7104288414202747,0.5576800260021554,0.1681242304263717,0.7965353047183594,0.4193878974197871,12.755750645081429,0.007921107619589848,0
3405,21.56014,79.87597,26.719100212238853,0.6495344832030261,0.7476827241411932,0.22753395988302003,0.1804133224137093,0.6901766352154446,0.5544075089408234,10.414753648725195,0.0,0
3406,21.56014,79.89805,24.767208537852195,1.9826803978159073,0.8037620621015699,0.4202292606275896,0.0,0.7661460340832145,0.2932026509385058,11.399337534457509,0.0,0
3407,21.56014,79.92013,22.87654153826707,3.3158002802502997,0.7759670284216604,0.3106150348071247,0.0,0.5486614614075456,0.6747928977391373,13.258994947201048,0.0,0
3408,21.56014,79.94221,21.063592285057997,4.648894118240805,0.5200005413915254,0.06034837389960275,0.026433502998885656,0.427874086317129,0.503329565987049,7.180600407420745,0.0,0
3409,21.56014,79.96429,19.35021762049694,5.981961899517902,0.3641459933152249,0.04223244017898564,0.0006229128608269546,0.2576477460839811,0.4751989982282004,6.0697894780590875,0.019270081408662976,0
3410,21.56014,79.98636,17.76525148080133,7.315003611813008,0.032054067151941035,0.3404374418500652,0.3102705712589433,0.49598037167086856,0.5203702704548663,6.149478631035326,0.0,0
3411,21.56014,80.00844,16.346089311618734,8.648019242860377,0.0,0.3314147555254899,0.1814936168555645,0.49580587953258204,0.5134298662000328,6.544291756087794,0.0,0
3412,21.56014,80.03052,15.139430298343147,9.981008780386853,0.2050035240658143,0.0,0.03692356940110859,0.08640686649462201,0.6936555625500278,7.565756169660558,0.0,0
3413,21.56014,80.0526,14.199552910808016,11.313972212123682,0.10876105614109023,0.17028790970455893,0.18172959728269705,0.2300934217926599,0.3778401812412296,5.486473856593221,0.0,0
3414,21.56014,80.07468,13.581954780684198,12.646909525799886,0.0,0.057198075602954174,0.0,0.1646253655786129,0.4756972631364327,10.612057233842574,0.0,0
3415,21.56014,80.09675,13.331501359465252,13.979820709142647,0.10516256420556347,0.0,0.0,0.2204555426567662,0.4980018429674186,5.998121592630825,0.028812712108651085,0
3416,21.56014,80.11883,13.468689672767539,15.312705749879056,0.09173225736438038,0.10461369534487903,0.12667832224843226,0.0,0.3796876014419363,6.671975635602751,0.3045750048441315,0
3417,21.56014,80.14091,13.982114096305759,16.6455646357353,0.17572548839450092,0.0,0.2860274065709706,0.058464406051031426,0.552851588322562,4.319994984825709,0.0,0
3418,21.56014,80.16299,14.832756571714484,17.97839735443866,0.06635892081484164,0.0,0.09388710213238681,0.39785648528407064,0.43177669586219747,6.851705857619002,0.0,0
3419,21.56014,80.18506,15.966811195354326,19.311203893711603,0.18742100024083685,0.0,0.33553203511518687,0.10789948600556926,0.3394267470647382,3.5191766453248734,0.24227636427998175,0
3420,21.56014,80.20714,17.3287244364695,20.64398424127981,0.03300268370112123,0.0,0.20784646640805232,0.06646742541871244,0.6125356863201628,2.2329815654748977,0.20609255405046842,0
3421,21.56014,80.22922,18.86922253678711,21.976738384867915,0.01182062660572555,0.011296368501189685,0.0,0.35133635548997505,0.7580040101730038,6.136886620919482,0.23239391173285034,0
3422,21.56014,80.2513,20.548179098574156,23.309466312196914,0.14826711887997762,0.0,0.0,0.39710067530928295,0.550267073895666,3.5262701783855595,0.0,0
3423,21.56014,80.27338,22.334390625981385,24.642168010988225,0.0,0.2660146085802756,0.09547254108246896,0.15305328738217872,0.5307048471743904,4.2199738921449,0.0,0
3424,21.56014,80.29545,24.2041231755972,25.9748434689648,0.35091256322410824,0.09041597388692238,0.0,0.20310074919547771,0.5290328192601343,6.055038701637416,0.0,0
3425,21.56014,80.31753,25.026714319808466,27.30749267384555,0.055584913897288764,0.29680024944027733,0.314709164509335,0.2557257650475615,0.4746798817732951,3.79439011119443,0.1831450146799635,0
3426,21.56014,80.33961,25.938722194472955,28.64011561335142,0.054151506765351645,0.0,0.0,0.3105877984789728,0.711161949435524,2.9853885599642784,0.25736380322786073,0
3427,21.56014,80.36169,27.013125027904312,29.9727122751995,0.06978017753892819,0.0,0.06911057421186399,0.07336881747679454,0.5609500217455209,1.930010487784652,0.0,0
3428,21.56014,80.38377,28.231388073692344,31.305282647109685,0.23067698604178888,0.2869862866885128,0.151808528668326,0.1635652102880055,0.24318073471494578,6.03809068075911,0.0,0
3429,21.56014,80.40584,29.575739282438246,32.637826716799644,0.09944194477716883,0.0,0.0,0.32695110570305036,0.7164072262897047,2.3510116693090835,0.0,0
3430,21.56014,80.42792,31.02979482378789,33.970344471983076,0.0,0.0,0.0,0.43147835952314756,0.6824018289454132,3.073679375887133,0.0,0
3431,21.56014,80.45,32.57886905488087,35.30283590037891,0.17120061475707254,0.11845541696048606,0.0,0.02065769281894581,0.633347354279561,3.9240772612372483,0.0,0
3432,21.57899,78.75,57.98754404142286,69.08088307674241,0.0,0.0,0.1624208005344954,0.24283717626393003,0.16423033411340138,3.7394174100762188,0.0,0
3433,21.57899,78.77208,56.04235805119433,67.74644039361802,0.012871092607572914,0.11386027178835373,0.0,0.45929998437345754,0.5495696738395471,5.640462208314504,0.06557984696104685,0
3434,21.57899,78.79416,54.12373714719892,66.41202312168181,0.0,0.09339856338888333,0.0,0.28017098019755016,0.6750557393475336,2.824087658417216,0.0,0
3435,21.57899,78.81623,52.23460872518386,65.07763127315809,0.06316371926050524,0.2031669460210227,0.23017700467030686,0.4384815976931956,0.6030967892881108,6.585115081118475,0.02177247634997109,0
3436,21.57899,78.83831,50.37829073726071,63.74326486027449,0.0,0.142496263972615,0.07994345105522403,0.15648797600341222,0.5786760526441965,2.360788799950738,0.0,0
3437,21.57899,78.86039,48.558546244348705,62.40892389526172,0.012050743813153396,0.20810286360282043,0.2016886460855793,0.17573356029877024,0.6753106470599812,3.972744272476432,0.0,0
3438,21.57899,78.88247,46.77964364460281,61.07460839034756,0.0,0.0,0.15202824599321826,0.0629489225003323,0.5694209357421605,2.532352040652369,0.08719712008050061,0
3439,21.57899,78.90455,45.04642182713409,59.74031835776151,0.23104894420075672,0.0,0.43619973539889695,0.127781526920949,0.7183976495307945,8.453952949105867,0.0,0
3440,21.57899,78.92662,43.36435859389359,58.40605380973437,0.23793045062476814,0.33778110690777996,0.22329565642439575,0.2417083424299459,0.5725006670098891,2.1020174350915966,0.0,0
3441,21.57899,78.9487,41.739639348735146,57.071814758497986,0.005655541684950831,0.0,0.0,0.0,0.5613153061392222,2.3393415969966753,0.0,0
3442,21.57899,78.97078,40.17922115074391,55.737601216283046,0.007769705350428478,0.0,0.09459116080474211,0.40515318189244587,0.6746908799785367,3.3167185223503983,0.03248174836029571,0
3443,21.57899,78.99286,38.690884672625664,54.40341319532185,0.0,0.09074604518149779,0.0,0.22343948527685395,0.49388124458714655,2.327719963890177,0.007408369035904055,0
3444,21.57899,79.01494,37.2832633859013,53.069250707851026,0.13286487341723302,0.2603937595643171,0.0,0.22320182043449277,0.39598580625009866,3.8424085469401343,0.10312576298923037,0
3445,21.57899,79.03701,35.96583559795138,51.73511376610006,0.0,0.030809999760626754,0.0,0.05257402710791165,0.5500336097072984,6.224321901960057,0.06987748953464003,0
3446,21.57899,79.05909,34.748861324290736,50.401002382307055,0.0,0.1604741575497349,0.0,0.29779655060434856,0.6320417395951963,3.4162685133996966,0.0,0
3447,21.57899,79.08117,33.64324344706255,49.0669165687068,0.11771195724704613,0.0,0.11077098898177531,0.14972007712229268,0.6788164929769862,3.517695612832772,0.0,0
3448,21.57899,79.10325,32.66029287483736,47.73285633753592,0.0,0.0,0.0,0.11685565684170304,0.6794609667740128,2.4489709493587997,0.01940686913973511,0
3449,21.57899,79.12532,31.81138267544587,46.39882170102897,0.0,0.0,0.0,0.0,0.5393928289218464,1.7387207982123967,0.10103122656609405,0
3450,21.57899,79.1474,31.107488517801578,45.06481267142502,0.0,0.12607461017440924,0.0,0.5653134975992898,0.524887736012172,3.311183782493336,0.0,0
3451,21.57899,79.16948,30.558633052438505,43.73082926096502,0.0851862131737143,0.0,0.42546019316707395,0.050559263395193316,0.46587598261746715,3.0895834919520917,0.10580976212605143,0
3452,21.57899,79.19156,30.173277992963794,42.396871481883785,0.23375754957461842,0.0,0.06834749392699552,0.09864785147764502,0.583673419491096,6.131461579918978,0.0,0
3453,21.57899,79.21364,29.95773347185817,41.06293934642453,0.08761306470109946,0.08413815737018089,0.0,0.16051450455701186,0.3188855232222381,0.6003162359899825,0.0,0
3454,21.57899,79.23571,29.915670209465024,39.72903286682532,0.17674732511092608,0.17205806679011948,0.09583101258643627,0.06483524864913041,0.5518196296548532,6.890713389039616,0.0,0
3455,21.57899,79.25779,30.047816772977033,38.39515205532959,0.0,0.0,0.44122905477225366,0.00826975454700618,0.9,2.744604960288569,0.11169847700721082,0
3456,21.57899,79.27987,30.351897812763248,37.061296924176865,0.03043580566231672,0.0940396864680704,0.12730187465343745,0.43737444092375344,0.3381882954416588,3.532694949953952,0.0,0
3457,21.57899,79.30195,30.822825109957204,35.727467485610916,0.0,0.08925728510665677,0.0,0.33518721096718995,0.5707820888145864,0.4013337696899115,0.3296807050660994,0
3458,21.57899,79.32403,31.453105300087334,34.393663751878805,0.0,0.0,0.5330853974904318,0.22029998629228273,0.6018392721526183,4.658086592215023,0.0,0
3459,21.57899,79.3461,32.233391938106884,33.05988573521739,0.09671156172085325,0.0,0.0,0.26968958492021783,0.619976355012468,0.7312895150007837,0.12777897607220207,0
3460,21.57899,79.36818,33.15309510776294,31.726133447877952,0.01727189927875958,0.09530958614765156,0.0,0.0,0.4138732131218031,4.23584765664177,0.0,0
3461,21.57899,79.39026,34.20096943057593,30.392406902102625,0.0,0.10383843788970151,0.0,0.007907682804981005,0.6215130545721765,4.0241864687116164,0.21405937056171928,0
3462,21.57899,79.41234,35.36562368650252,29.058706110139923,0.0,0.14976593270654986,0.0,0.189153155267756,0.474618044795642,2.509849642125341,0.20795009051027416,0
3463,21.57899,79.43442,36.63592226010876,27.72503108423514,0.0,0.05782291658937415,0.057905751082127595,0.33101136159160804,0.3496924195464448,0.0,0.0,0
3464,21.57899,79.45649,38.00127223549514,26.391381836636683,0.07126929805359483,0.0,0.0,0.08084832354927181,0.6829188777697803,9.097057154507239,0.043965386554043105,0
3465,21.57899,79.47857,39.45180619078492,25.05775837959326,0.2630226676865105,0.12139869220619709,0.0,0.0,0.6427671960932854,0.8151113705627453,0.2038421307198363,0
3466,21.57899,79.50065,40.978479208191466,23.724160725353055,0.18267231236019577,0.012689103370951957,0.22993334368286927,0.27616754509123814,0.41446502974330596,4.353955845753202,0.0486985418848288,0
3467,21.57899,79.52273,42.573100997952295,22.390588886168732,0.0,0.0,0.0,0.0,0.47370259073805393,1.8503050754273487,0.0,0
3468,21.57899,79.54481,44.22832260178972,21.057042874289245,0.20044076545934944,0.0,0.0,0.11839503083604594,0.46867246245531546,6.592042451270405,0.011212831945207571,0
3469,21.57899,79.56688,45.937593865192156,19.723522701965543,0.14972434717531805,0.0,0.0,0.043425977217853656,0.3198035363977341,3.0190739852196753,0.0,0
3470,21.57899,79.58896,44.70704740379786,18.390028381450115,0.0,0.16732147375333375,0.0,0.21706114756700312,0.6566240114563638,2.211225941499813,0.024161151049877504,0
3471,21.57899,79.61104,43.090789643518235,17.056559924996403,0.02188044017661052,0.0,0.0,0.37836522585117777,0.6618365172818885,5.900038024046955,0.0,0
3472,21.57899,79.63312,41.53739702998386,15.723117344857949,0.2042277367597527,0.0,0.0,0.0,0.5032376669299388,1.2615555019321212,0.05965381045483236,0
3473,21.57899,79.65519,40.0541844249395,14.389700653288761,0.1569258309404995,0.0,0.10438684460002917,0.0,0.5458101828327879,3.744624863793047,0.0,0
3474,21.57899,79.67727,38.6492324408176,13.056309862545476,0.0,0.3071304970660974,0.11976268018323563,0.19065098112262596,0.5657389255483357,6.904290397101614,0.0,0
3475,21.57899,79.69935,37.33137807758944,11.722944984881561,0.21502008987807558,0.22649947601846165,0.0,0.2812773742309398,0.5838177649062299,9.364331653403324,0.0,0
3476,21.57899,79.72143,36.11015860746322,10.389606032555138,0.0,0.0,0.0,0.28814965830284744,0.36085918046139404,3.3349477121717714,0.0,0
3477,21.57899,79.74351,34.995692113406605,9.056293017822949,0.19430784393129036,0.2969285151541877,0.02867795053538509,0.39570672799566314,0.6177961633085571,4.700217518863919,0.0,0
3478,21.57899,79.76558,33.99847829336719,7.72300595294459,0.4126063613670473,0.3112699126672551,0.0,0.5575309774939484,0.38473693249176316,7.731214727104362,0.0,0
3479,21.57899,79.78766,33.12910707105693,6.389744850175797,0.3469498204894049,0.0,0.03766939136820146,0.4208538694960528,0.6445925754232605,2.2316231603715755,0.12455360212761318,0
3480,21.57899,79.80974,32.03641399479752,5.05650972177903,0.37065174682678215,0.0,0.2959720155290805,0.3096264227371225,0.39995702857709703,11.661282489902414,0.14362051962209743,0
3481,21.57899,79.83182,29.9098912708993,3.723300580013912,0.6443701479819139,0.14583780616712128,0.0,0.4968525076323007,0.3666167947917109,6.352100684364819,0.0,0
3482,21.57899,79.8539,27.808042693404484,2.3901174371409004,0.7883952536055568,0.36573892117750423,0.0,0.7574766026559305,0.5441327468564284,8.76366272572572,0.0,0
3483,21.57899,79.87597,25.73691418754444,1.0569603054227914,0.9956885356555016,0.4748651021017005,0.08584807658572272,0.7261313738655227,0.540186873493247,11.680939885786032,0.20442207217864822,0
3484,21.57899,79.89805,23.704559444350522,0.2761708028793471,1.0,0.10418613904341137,0.0,0.90372574137214,0.5606765148628176,11.861238712301732,0.06256736448711872,0
3485,21.57899,79.92013,21.721864563764036,1.6092758755013459,0.8945101191515555,0.48804794601261997,0.0,0.5430342032832531,0.4196621264933357,8.020993150518649,0.06658756626829153,0
3486,21.57899,79.94221,19.803750623083204,2.9423549001802516,0.7003350225885279,0.0,0.11690865129001841,0.6156516706177442,0.5710224569327066,13.966012005628572,0.09270566037151368,0
3487,21.57899,79.96429,17.970908599789702,4.275407864649295,0.5222467238356863,0.09600585830995799,0.16869062227943546,0.2760536705820764,0.5815730251508981,1.9013673929829586,0.0,0
3488,21.57899,79.98636,16.25221378783252,5.6084347566429384,0.4034293742661068,0.07015911770598984,0.04876552969131147,0.45938277111334813,0.699875221221412,4.9090079363108465,0.04098172201666534,0
3489,21.57899,80.00844,14.687791911585682,6.941435563897285,0.2859864657151257,0.30842531148927055,0.04323760097467044,0.48279818159538906,0.5586107120170059,5.5062115864716805,0.08601099286377736,0
3490,21.57899,80.03052,13.332062540224449,8.27441027414283,0.10632884295842412,0.32336105856521064,0.48356080556173603,0.14757351957860543,0.44440690279634354,4.119667776132814,0.03264955256428006,0
3491,21.57899,80.0526,12.254486312652645,9.607358875113276,0.08701166684880081,0.26294375177440066,0.32629814047539907,0.05362164206601776,0.3354682611501938,9.265691787077275,0.0,0
3492,21.57899,80.07468,11.533293607024483,10.940281354540687,0.12763725409013607,0.0,0.26497239028151076,0.12861915710461283,0.30650697269960925,1.3571299522309914,0.018247956991036242,0
3493,21.57899,80.09675,11.237311593041804,12.273177700154402,0.15828594536335494,0.23711302435611914,0.12993725384205995,0.3133560473966981,0.5644810153242792,9.35085113819147,0.0,0
3494,21.57899,80.11883,11.39970903851426,13.606047899684265,0.2764502083611751,0.170469478906285,0.0,0.2682197657105914,0.631132667369374,4.261500190719461,0.12521607198369733,0
3495,21.57899,80.14091,12.001893364077374,14.938891940859815,0.0779096121684171,0.0,0.3157151574818489,0.5532014681907862,0.3983106210674969,1.1730105843995018,0.0,0
3496,21.57899,80.16299,12.982811946359664,16.27170981141078,0.18682423267688383,0.0,0.10435639891982809,0.0,0.5627594060447992,0.0,0.0,0
3497,21.57899,80.18506,14.264545236491024,17.604501499062398,0.18269731028017175,0.2149621307108322,0.0,0.11848632638940633,0.5070515295231119,3.7133963944507715,0.12097320597401422,0
3498,21.57899,80.20714,15.773933495681874,18.937266991543392,0.014813174381058721,0.009156237571211152,0.0,0.2994472606299568,0.6361271796831958,2.2724314284554192,0.05416432779449341,0
3499,21.57899,80.22922,17.452008093249173,20.270006276580258,0.10546703749500334,0.0,0.0,0.029899443022375332,0.6603410998391339,4.5613732599664605,0.0,0
3500,21.57899,80.2513,19.254715665543387,21.602719341897647,0.0,0.0,0.23560301137412706,0.2533755093206952,0.22465179555755965,2.6447270018896134,0.0,0
3501,21.57899,80.27338,21.15021142243025,22.935406175219427,0.1805278764837333,0.07625553299466498,0.15370810539652402,0.2484322179253658,0.6886087038244597,6.188962372468433,0.0,0
3502,21.57899,80.29545,22.29074776170181,24.268066764271325,0.09381654788780996,0.001630618257250565,0.05022454169057013,0.0,0.5804370936451027,3.2365224072951104,0.0,0
3503,21.57899,80.31753,23.085555585600506,25.600701096775303,0.0,0.0,0.0034708939315631227,0.20901928373410383,0.47134395730217377,2.421296425451494,0.07782296090464412,0
3504,21.57899,80.33961,24.071096705457492,26.933309160454446,0.030616121635175846,0.31214155854415093,0.0,0.17980597624154968,0.4758952248858717,5.981877447756136,0.0,0
3505,21.57899,80.36169,25.225025164653907,28.265890943028623,0.2067694002347987,0.16934607109592323,0.0,0.316019905248515,0.5514580040629111,3.9825310229944764,0.0,0
3506,21.57899,80.38377,26.525374067212116,29.598446432221092,0.0,0.0,0.0,0.2706796211252426,0.4770704778444572,5.349757678451008,0.0,0
3507,21.57899,80.40584,27.95171586477098,30.930975615751986,0.059495345467576004,0.0,0.0,0.17538764991155786,0.41692358280521113,6.276032192417996,0.0,0
3508,21.57899,80.42792,29.48577189292433,32.26347848133805,0.07012598797953837,0.062420263652989694,0.0,0.4638728477526681,0.4494401507503073,2.485791116582737,0.017556297770039617,0
3509,21.57899,80.45,31.11161263308497,33.59595501670038,0.0,0.0,0.06066746811069624,0.2948467566807872,0.4032576406131687,3.314758168830631,0.0,0
3510,21.59783,78.75,59.09268299031358,70.78654654055305,0.06129247530946028,0.051664423453709384,0.16231600582554803,0.2805145333534731,0.7385090202068754,5.1973452023940645,0.0,0
3511,21.59783,78.77208,57.18535263705694,69.4521184881231,0.0,0.0,0.0,0.05269823289957376,0.5578121591677366,0.0,0.12679581456888742,0
3512,21.59783,78.79416,55.306644910012245,68.1177158505202,0.0,0.0,0.2818177374147793,0.04698547400175816,0.8653781809973509,2.7400524484922695,0.17754320776599908,0
3513,21.59783,78.81623,53.45957755280347,66.78333863996409,0.1291014136281507,0.0,0.0,0.0418817725528052,0.6019236835818432,2.420735223616152,0.04430652524323457,0
3514,21.59783,78.83831,51.6475453722753,65.4489868686812,0.04282906298268138,0.0,0.0,0.0,0.6324106250426467,3.9787880543633136,0.0,0
3515,21.59783,78.86039,49.874367239662014,64.11466054889833,0.0,0.2634011745671401,0.0,0.0039392479966546545,0.40132617150875266,0.9243653092806388,0.0,0
3516,21.59783,78.88247,48.144336421081526,62.78035969284172,0.05360388569514707,0.009578265427739135,0.21856358992588393,0.19011769115258267,0.519385251120972,5.856572835592148,0.0862766344420029,0
3517,21.59783,78.90455,46.46227299603563,61.44608431273726,0.0,0.03330721195442216,0.02134893317979608,0.22801905465849365,0.5600900911128912,1.091569760887426,0.0,0
3518,21.59783,78.92662,44.83357623827838,60.11183442081303,0.0015539818370439813,0.0,0.026944411296257995,0.0,0.46067146248896385,1.8178673214313303,0.1472223125211997,0
3519,21.59783,78.9487,43.26427361514217,58.77761002929874,0.0788738821190339,0.0,0.0,0.2882285489823015,0.4847801301107298,1.2856540481494698,0.15563246569857303,0
3520,21.59783,78.97078,41.76106145803062,57.443411150421824,0.0,0.07400619836562612,0.0,0.3798088105039788,0.6086309107960801,6.212909273625879,0.06561695837462247,0
3521,21.59783,78.99286,40.331330362619994,56.10923779641268,0.004927200293872731,0.03131802447981821,0.219713358718077,0.16543925541921317,0.611325519367318,0.0,0.0,0
3522,21.59783,79.01494,38.983166083959865,54.77508997950433,0.0,0.0,0.0,0.14489330519377358,0.36252612877388735,7.666355867726011,0.0,0
3523,21.59783,79.03701,37.72531435995732,53.44096771192419,0.0,0.033516102644053754,0.26943837682164984,0.09068959654865258,0.5893518651560661,6.854501822871914,0.0,0
3524,21.59783,79.05909,36.567096242652305,52.106871005906974,0.0,0.059100603563906715,0.10096960420089761,0.1332012397896722,0.6269710852818113,1.5588815324048413,0.0,0
3525,21.59783,79.08117,35.518259977429295,50.77279987368448,0.1883960944239215,0.20594449729517367,0.0,0.0,0.46682404657854265,5.701932186719787,0.0,0
3526,21.59783,79.10325,34.588757388405014,49.4387543274921,0.046430736790929406,0.0,0.0,0.1103819238429572,0.4525048589453579,3.375265666738106,0.0,0
3527,21.59783,79.12532,33.788438354897934,48.104734379560476,0.0,0.0,0.3809092291596613,0.4364441612687216,0.6110889732231428,7.340518324964594,0.3783095759887858,0
3528,21.59783,79.1474,33.12666719242574,46.77074004212722,0.0,0.0,0.2842190155939488,0.0,0.188967490505755,5.521510396527217,0.0890537667465304,0
3529,21.59783,79.16948,32.61187938464288,45.4367713274276,0.0,0.0,0.0,0.01973812156778741,0.5494198520385815,8.759944744361109,0.0,0
3530,21.59783,79.19156,32.25111409389167,44.1028282476967,0.1879846735111851,0.11911835264198987,0.02919060105187272,0.02949418464168954,0.7778938948589926,0.0,0.32874041645499863,0
3531,21.59783,79.21364,32.049573002439665,42.76891081517397,0.0,0.0,0.0,0.06994391154199453,0.18555205105976663,3.5751997400787676,0.0,0
3532,21.59783,79.23571,32.01026374899749,41.435019042095064,0.1578418670224691,0.0,0.029330765836083572,0.138950823301836,0.6642385416855988,0.0,0.13292891365571002,0
3533,21.59783,79.25779,32.133781714455196,40.101152940700096,0.04348305103289004,0.23003391912484217,0.0,0.20309495014803275,0.6252748441535676,1.755855788647314,0.014093292768424666,0
3534,21.59783,79.27987,32.41826576880642,38.76731252322584,0.05811294471274336,0.0033457185124091994,0.0,0.030924349098557458,0.34776531350148593,8.970304382791966,0.0,0
3535,21.59783,79.30195,32.85953544208629,37.43349780191567,0.0,0.14593527721555213,0.3641001738348809,0.07525645512700058,0.6220317251555423,4.357890714660623,0.0,0
3536,21.59783,79.32403,33.45138664896196,36.0997087890082,0.11494065093784447,0.0,0.0,0.18960448805655428,0.6894406655651741,5.722831640633257,0.22991373934895504,0
3537,21.59783,79.3461,34.18599936353128,34.765945496743555,0.0,0.0,0.0,0.28945875804723076,0.38460283567640674,4.525306593250686,0.14023691258576657,0
3538,21.59783,79.36818,35.05439943456069,33.43220793736768,0.10737382973017366,0.2339043878243536,0.0,0.1379933843128635,0.45040821857244134,4.390467514800806,0.0,0
3539,21.59783,79.39026,36.04691899798279,32.09849612312058,0.0,0.020808816286150732,0.026563093504816712,0.26646796672581896,0.5531631066219366,1.896186650647367,0.0,0
3540,21.59783,79.41234,37.15361220217799,30.764810066247442,0.027177479844935265,0.021936652606196587,0.0,0.1866117075535581,0.6864647841934639,1.4524389934120314,0.04872563867726934,0
3541,21.59783,79.43442,38.36459969003561,29.431149778990815,0.049648377821134806,0.0,0.05006831599736605,0.3450416870675974,0.4739091458089477,1.914204210697042,0.0,0
3542,21.59783,79.45649,39.67033143989539,28.097515273597274,0.0,0.02361993413096607,0.0,0.012748449455411981,0.543838394369368,0.0,0.0861832430873582,0
3543,21.59783,79.47857,41.0617700442798,26.76390656231229,0.0601002607259416,0.0,0.13850789935743146,0.37092950794479196,0.45670162556510324,3.2466932544594727,0.0,0
3544,21.59783,79.50065,42.53050428809782,25.430323657380423,0.0,0.2003263552830846,0.0,0.45891967011200974,0.5532711245240635,4.157072324405067,0.0,0
3545,21.59783,79.52273,44.06880644632964,24.09676657105249,0.0,0.4487623463216852,0.009524485490791336,0.11262386538162934,0.6964057616569611,2.0086913349597246,0.0,0
3546,21.59783,79.54481,45.66964721054499,22.763235315574914,0.21516627434061852,0.0919665105543077,0.0,0.4044171208137636,0.5647266220627104,3.377697652992156,0.16328389190026785,0
3547,21.59783,79.56688,47.326680808412505,21.429729903195597,0.15398457568998733,0.0,0.34382436433489194,0.19589866260074215,0.49988065240327567,5.197181708771782,0.0,0
3548,21.59783,79.58896,46.18392081586855,20.096250346164297,0.0,0.0,0.03447825523229845,0.26038450391675266,0.5453232539872765,6.265423484811418,0.11804320496248442,0
3549,21.59783,79.61104,44.62139611260308,18.762796656732007,0.11205664250956263,0.0,0.3893340890845119,0.0,0.43779459996925685,1.0047327933703363,0.05477015747049112,0
3550,21.59783,79.63312,43.1233721148041,17.429368847149338,0.0,0.27709145119231676,0.11246322221368715,0.12130859815208626,0.410633873721215,2.2313279376356965,0.0,0
3551,21.59783,79.65519,41.696801305115585,16.09596692966667,0.0,0.0,0.28548912866468845,0.21646262836961164,0.7182866948360873,6.462680851891838,0.0,0
3552,21.59783,79.67727,40.349263227716435,14.762590916538466,0.2094551994282574,0.0,0.0,0.15143335037327368,0.7790392116577796,6.276736630862438,0.07784401378527073,0
3553,21.59783,79.69935,39.0889324051038,13.42924082001688,0.0,0.15155111524357112,0.06975603785230662,0.06388425477175382,0.29889214286617466,8.51945892810258,0.0,0
3554,21.59783,79.72143,37.92450423828529,12.095916652355173,0.24441170938181273,0.2923413005151183,0.2445386921693352,0.23633910684845383,0.6311384106776464,8.734830910991743,0.0,0
3555,21.59783,79.74351,36.86506747921363,10.762618425808856,0.13600528096281359,0.03325426102273051,0.18197402522325284,0.3226109597425313,0.6698214981456259,12.000700664062585,0.010219225922585352,0
3556,21.59783,79.76558,35.7520672098238,9.429346152633277,0.182335771919103,0.012273832687216463,0.10740095501452845,0.1833862695173242,0.37984741648488146,5.395484346809816,0.2751865246918698,0
3557,21.59783,79.78766,33.55097959262582,8.096099845083922,0.30857897464424505,0.10250177784811364,0.0,0.226433247376639,0.48320863992470775,10.764979375876557,0.0,0
3558,21.59783,79.80974,31.361451805254596,6.762879515417223,0.3937001778248461,0.00722378682661684,0.0,0.019262914000990256,0.4681395037026341,4.853181243187611,0.08020254492256862,0
3559,21.59783,79.83182,29.18608565345617,5.429685175892742,0.30540193103008406,0.035515002513679256,0.23149955121845087,0.3196910174299718,0.814589174265953,14.147577396467149,0.0,0
3560,21.59783,79.8539,27.028300790040614,4.0965168387668935,0.5913513646829569,0.2165870552165231,0.2750553063850171,0.40607423361041267,0.7791316860885178,9.89128137525995,0.0,0
3561,21.59783,79.87597,24.892669709384517,2.7633745162997254,0.6445331637350729,0.20811427835629692,0.0,0.5710483887303858,0.4178785086082375,11.029831803933945,0.0,0
3562,21.59783,79.89805,22.78542259868163,1.4302582207501613,0.6371795158234269,0.5526474747809373,0.0,0.5118933655435007,0.3412202266095873,13.25140660577842,0.0,0
3563,21.59783,79.92013,20.715223359777458,0.0971679643790204,0.963550829727802,0.3214237263688939,0.0,0.83204959554012,0.6518837361273754,8.379410116590154,0.05627131902065275,0
3564,21.59783,79.94221,18.694384039427867,1.2358962405515985,0.9796006320835311,0.40540090950774715,0.1926660145598352,0.6904974343633996,0.6172834342575826,8.050843700112265,0.0,0
3565,21.59783,79.96429,16.74078946504724,2.568934381781254,0.8529012917065125,0.021343405179236802,0.0,0.8606985080570182,0.7118764636076883,10.065921616527492,0.16847842833553564,0
3566,21.59783,79.98636,14.880947286427508,3.901946447044485,0.607958263398042,0.2556989548761518,0.21698342043697882,0.4869315003686129,0.38498355890834435,9.732708119744954,0.0,0
3567,21.59783,80.00844,13.15468268283795,5.2349324240811335,0.27506896667852554,0.04224333972238106,0.1823128789037182,0.5029888948485668,0.628967100782985,13.445371786430812,0.10447970831027048,0
3568,21.59783,80.03052,11.621673112097989,6.567892300624148,0.3935299740402701,0.21431628510415002,0.0,0.23596655514737314,0.4187249966454718,4.870277021476529,0.0,0
3569,21.59783,80.0526,10.367999866088876,7.900826064409079,0.3700936484172362,0.2594320331759705,0.43422407165933863,0.36820391209069187,0.6017150220689809,10.745509464343078,0.0,0
3570,21.59783,80.07468,9.504845234879049,9.233733703172554,0.30169007231842593,0.1564815346811991,0.0,0.37821304577770976,0.50377850427305,5.535504022456035,0.0,0
3571,21.59783,80.09675,9.14348245572706,10.56661520464515,0.2660497976640655,0.5281648612313953,0.48364528208782825,0.18220095142915313,0.7725150048592269,5.055198964047017,0.12124022426560277,0
3572,21.59783,80.11883,9.342322344943124,11.899470556560283,0.1812134855303017,0.3575304183479341,0.21012814634518434,0.029352492156278776,0.5704838967750384,4.973030650314926,0.16300515977759608,0
3573,21.59783,80.14091,10.068228692311925,13.232299746650524,0.10151879469630411,0.2967008229958391,0.0,0.32477784266183085,0.4686928002864215,4.275080101607752,0.0,0
3574,21.59783,80.16299,11.21935816993662,14.56510276264718,0.015251588922214315,0.20815376044699957,0.4224110356787667,0.0,0.5384826471178225,6.0490385245100775,0.12296912475989746,0
3575,21.59783,80.18506,12.680429509126272,15.897879592279526,0.0,0.3479055263464862,0.2742070444213596,0.08762546802713786,0.5117622434224613,3.511625827535961,0.020709418114501797,0
3576,21.59783,80.20714,14.357127591110372,17.230630223277856,0.09735557381183851,0.0,0.0,0.3651120563043572,0.3701052145939359,0.6595317884938345,0.0,0
3577,21.59783,80.22922,16.182566459761553,18.563354643372918,0.06765152624527652,0.256927250491555,0.0,0.2956938782392376,0.8060046879307867,3.447808463612954,0.06743754290575713,0
3578,21.59783,80.2513,18.111828319685678,19.896052840290313,0.10320651416632948,0.0,0.0,0.23227758283438088,0.7640472155040571,5.173903448065172,0.0,0
3579,21.59783,80.27338,19.662495361980366,21.228724801757192,0.0,0.0,0.5055015918812593,0.3540579041614348,0.5177698759807978,0.20479447267092343,0.0,0
3580,21.59783,80.29545,20.304345300949116,22.5613705155035,0.10068042524554946,0.10940494866646136,0.0,0.21153876423655582,0.6412013853978757,5.2465025155354486,0.0,0
3581,21.59783,80.31753,21.17373783964888,23.89398996925249,0.2651875328597371,0.2136963821644804,0.0,0.00753948706011337,0.831333004393775,6.702111622612005,0.0,0
3582,21.59783,80.33961,22.244008881830357,25.226583150730413,0.024343301195124498,0.0,0.06760048282779667,0.0,0.718256915224918,7.393496557101122,0.0,0
3583,21.59783,80.36169,23.48771398532704,26.559150047660182,0.00455612614550178,0.0,0.0,0.1271401579005738,0.5029755734172009,4.348505069569464,0.0,0
3584,21.59783,80.38377,24.87885657167516,27.891690647767525,0.04665513562067543,0.024749741018261627,0.0,0.12185125538133496,0.5345219758857938,0.0,0.0,0
3585,21.59783,80.40584,26.394134157866496,29.224204938774413,0.25154843246522274,0.0,0.20558466194750885,0.11138365813532222,0.30708730766728776,5.033781493768168,0.0,0
3586,21.59783,80.42792,28.01341013818033,30.556692908402187,0.0,0.14281096913004004,0.09775207226022978,0.0,0.6565915442812015,5.816453661447713,0.08460199288977713,0
3587,21.59783,80.45,29.71969029797693,31.889154544373202,0.02930280370160073,0.5548361388440677,0.0,0.1525748150273738,0.7225862925118502,1.4492865950799996,0.0,0
3588,21.61667,78.75,60.25041726030997,72.49212902556312,0.0,0.0671205405934271,0.0036753162353111764,0.005705883225767344,0.7249501544454717,2.8138828394543074,0.0,0
3589,21.61667,78.77208,58.38116914331131,71.157715610448,0.0,0.0,0.0,0.29961410117331116,0.648133745406037,4.260673935354639,0.006944774766513017,0
3590,21.61667,78.79416,56.54245068016835,69.82332761379452,0.0,0.0,0.0,0.0,0.5993123692064444,7.650722403208336,0.19280949035585332,0
3591,21.61667,78.81623,54.73733862164012,68.48896504781976,0.16168981970196034,0.0,0.0,0.1915200012959018,0.41028445714020073,2.3392505728101582,0.0,0
3592,21.61667,78.83831,52.969268882209725,67.15462792474742,0.21613265007511645,0.0,0.0,0.26697955368173376,0.5947300279201819,5.322437812084633,0.2079240283202266,0
3593,21.61667,78.86039,51.24207599534358,65.82031625680156,0.05379426679138469,0.0748768138646756,0.0,0.16282663936632058,0.46152823657012976,3.8283729332348693,0.0,0
3594,21.61667,78.88247,49.560033919970174,64.48603005620544,0.0,0.07240550387567224,0.0,0.0,0.6234733883424208,3.525469393345003,0.0,0
3595,21.61667,78.90455,47.92789666566214,63.15176933518277,0.29915551265006973,0.0,0.2089135937475939,0.3321662881515257,0.4429908293447413,6.467290344220826,0.0,0
3596,21.61667,78.92662,46.350936402768006,61.81753410595868,0.0,0.3177099315918617,0.15419850256309914,0.17606775555669923,0.6225459284706424,0.8476613019744885,0.0,0
3597,21.61667,78.9487,44.834975688198256,60.4833243807604,0.0,0.0,0.0,0.0,0.7351235763434042,3.609911474442518,0.0,0
3598,21.61667,78.97078,43.386409164462485,59.149140171812064,0.0,0.0,0.0,0.3669885383999767,0.6026564825669115,3.0832710981785043,0.13549499741739143,0
3599,21.61667,78.99286,42.01220862592709,57.81498149134166,0.16759633326907478,0.10246831349474655,0.0,0.07988847401093026,0.5958022179693829,0.0,0.025553953474513127,0
3600,21.61667,79.01494,40.71990382627821,56.4808483515792,0.11627108794246804,0.14297189635134178,0.43154475542591364,0.043028759011252776,0.6775980169522346,6.221650784032648,0.0,0
3601,21.61667,79.03701,39.517530088433034,55.146740764750206,0.29023860460842293,0.20470428763007972,0.0,0.07491855706966295,0.7975710124612547,5.175084578633159,0.10786636103674911,0
3602,21.61667,79.05909,38.413533104271465,53.81265874308581,0.0,0.06890971723453607,0.0,0.24792582400397756,0.534648662640845,3.110864460844465,0.08456278763018894,0
3603,21.61667,79.08117,37.41662188279539,52.47860229881542,0.17513952434950741,0.1685650189923503,0.018632414120944442,0.32549630598640217,0.6225515876866335,2.3468320453564453,0.0,0
3604,21.61667,79.10325,36.535563338949686,51.144571444171646,0.00861488654696673,0.0,0.0,0.23534351456246955,0.7611191441273604,3.0312152291334598,0.028861878701228187,0
3605,21.61667,79.12532,35.77891715761005,49.81056619138214,0.09698010558219305,0.14748510856072797,0.0,0.24275526561249167,0.6431860817596773,4.87469947507076,0.09929888926591544,0
3606,21.61667,79.1474,35.154717573010046,48.47658655268237,0.0,0.14545485018126258,0.23235622933851033,0.05003204238977973,0.269096429629214,3.1787378148426457,0.0,0
3607,21.61667,79.16948,34.67011902742077,47.14263254030487,0.17655681115078967,0.24288072066051924,0.092355404457355,0.13999982962988175,0.4491946423138462,1.3122935602466979,0.045680617980242456,0
3608,21.61667,79.19156,34.33103364095036,45.808704166481405,0.09486535315192707,0.0,0.17071782299414703,0.1863346961809193,0.6544911570125891,1.7110232679724928,0.0,0
3609,21.61667,79.21364,34.14179726588602,44.47480144344899,0.0,0.0,0.11948724307441445,0.19555716764510994,0.4933001120549632,3.0327622061339685,0.0867912401831152,0
3610,21.61667,79.23571,34.10490437898207,43.140924383440264,0.07816749547086113,0.1329887204810509,0.1804117617923194,0.2677355346955643,0.7509697708802936,0.6498133024475288,0.0,0
3611,21.61667,79.25779,34.22084770092731,41.807072998693194,0.0,0.0,0.3184694271364502,0.0,0.8094424899728561,3.9531075521544135,0.1667986291808492,0
3612,21.61667,79.27987,34.48808583263277,40.473247301441845,0.0,0.08044378917397003,0.26772172713871156,0.288515843898439,0.46672785532705857,1.0384363158416758,0.0,0
3613,21.61667,79.30195,34.903143746966556,39.139447303926225,0.0,0.1715662570403118,0.4663637537451042,0.24182940226825372,0.4048544353448569,0.635018562173999,0.0,0
3614,21.61667,79.32403,35.460831263022754,37.80567301838253,0.0,0.0,0.24473593552517747,0.3982371470819923,0.49889210886022545,11.437018446291493,0.0,0
3615,21.61667,79.3461,36.154548744915836,36.47192445704818,0.10570227774225854,0.0,0.0,0.1728332163017853,0.4908684408469239,8.200033525418455,0.13986586778614604,0
3616,21.61667,79.36818,36.97664081126697,35.138201632166044,0.14585285496746694,0.0,0.17042472294227598,0.21442901500562273,0.7646310796789564,3.555662674418602,0.0,0
3617,21.61667,79.39026,37.918758746566056,33.80450455597432,0.0,0.0,0.14289785673202043,0.32999669476650656,0.4046931182588601,5.423024056993977,0.16968514313345975,0
3618,21.61667,79.41234,38.972198951691674,32.47083324071455,0.046247935683260064,0.0,0.38472846865187516,0.08137382450965268,0.6536381444275782,5.898450568085825,0.03415733642431496,0
3619,21.61667,79.43442,40.12819511048372,31.13718769862685,0.0,0.0,0.0,0.0,0.7440481653852332,3.086802352853872,0.0,0
3620,21.61667,79.45649,41.37815266716114,29.803567941954757,0.04635506458152348,0.0,0.11202249325059611,0.2552095065359244,0.6644885678552023,4.063315445587742,0.0041618044957565095,0
3621,21.61667,79.47857,42.71382346583371,28.469973982941607,0.0,0.0,0.0,0.07437125471935521,0.6109418179983302,2.698918980130897,0.007501041684949708,0
3622,21.61667,79.50065,44.127424934645234,27.136405833828924,0.0,0.0,0.10277124475090291,0.09254996017780814,0.5271625013427031,6.706086639784189,0.0,0
3623,21.61667,79.52273,45.61171192340108,25.802863506865084,0.139811071269737,0.30980486454310596,0.0,0.20340421897967248,0.8087568333583393,6.812357141571543,0.001326690182840887,0
3624,21.61667,79.54481,47.160010730322355,24.469347014293163,0.009273041268012674,0.0,0.09604484236459085,0.3231957043158383,0.515587033191753,7.654564052744615,0.08674977747296314,0
3625,21.61667,79.56688,48.76622469506772,23.135856368358642,0.26380602075851084,0.06893438119768988,0.0,0.4449947371888352,0.6827007553917106,4.379968115639991,0.1805050674025871,0
3626,21.61667,79.58896,47.70709357822375,21.802391581308523,0.03197460805431091,0.0,0.1587820730554108,0.23271289479144625,0.5277066227572824,9.434598853359162,0.17349453001331963,0
3627,21.61667,79.61104,46.19631610438962,20.46895266539108,0.0,0.0,0.04139191742968848,0.1324919642869729,0.2920709473110922,3.7272811467469955,0.3822465782343509,0
3628,21.61667,79.63312,44.75123343791661,19.135539632854154,0.18843539443412866,0.0,0.03067268354940288,0.09047044700476609,0.5121347209099867,9.395657927581329,9.547997168483845e-05,0
3629,21.61667,79.65519,43.37841165934578,17.802152495945393,0.1271521632308764,0.0,0.39034614053213557,0.1079355725881325,0.5279753213128492,3.0405105189885404,0.08861115864967531,0
3630,21.61667,79.67727,42.08492290166539,16.468791266916533,0.1514859890663831,0.0,0.0,0.1474885254986284,0.5297448658064033,1.0705712127043236,0.0,0
3631,21.61667,79.69935,40.87829875454638,15.135455958016665,0.22312469155512632,0.0671138860734751,0.06892648890929023,0.23146212801586818,0.45733672151008964,9.94678853830353,0.3014826564755519,0
3632,21.61667,79.72143,39.75477751805367,13.80214658149692,0.021887425913708,0.2167553001387384,0.020634834794894658,0.2639770511481656,0.6373427043835219,6.658853059637806,0.0,0
3633,21.61667,79.74351,37.51124975170498,12.468863149609762,0.10989191864263943,0.0,0.04048101035323075,0.3087199719031368,0.6528071599268834,6.601665876680505,0.29429331477395426,0
3634,21.61667,79.76558,35.272631345967085,11.135605674608083,0.13573286044259614,0.0,0.4456725885219631,0.5641919174692692,0.506625708731004,4.6742669205221326,0.27377938707713545,0
3635,21.61667,79.78766,33.03992026629837,9.802374168744034,0.04031072337717645,0.0,0.01473007924889468,0.3993937959058998,0.5051978932661987,3.831125832642593,0.0,0
3636,21.61667,79.80974,30.814400666275052,8.4691686442716,0.21213967288785945,0.04478536515485314,0.0,0.6682477966104935,0.4017270961803896,4.5614164602717775,0.1659174132711655,0
3637,21.61667,79.83182,28.59775160034832,7.135989113447289,0.46479023316313806,0.2751710529569386,0.37859561513181733,0.4084776118360942,0.5839083499655339,7.433048086451087,0.07327483796310323,0
3638,21.61667,79.8539,26.39220828928653,5.8028355885256735,0.40864961941808814,0.05055931393841841,0.0,0.8075248967554718,0.7404500565596929,7.332576873576722,0.0,0
3639,21.61667,79.87597,24.200807346907535,4.469708081763153,0.3132300384270339,0.13715142190300314,0.0,0.5559529241940615,0.7394638390613619,3.4316719264391446,0.0,0
3640,21.61667,79.89805,22.027770028007122,3.1366066054162007,0.40617659895238734,0.40479363641271837,0.0,0.5522239964972657,0.46103042312707515,13.755411953814825,0.043770013587615335,0
3641,21.61667,79.92013,19.879119419857616,1.8035311717428868,0.9401554832755309,0.2780136149825063,0.0,0.7983265974663472,0.8214868478616301,9.274436444521822,0.06009240660101564,0
3642,21.61667,79.94221,17.76370703339279,0.47048179300225873,0.9137436293886338,0.12294548405272629,0.0,0.5805819375432733,0.48893862161167,14.761468754599452,0.24344495172872033,0
3643,21.61667,79.96429,15.694978496121767,0.8625415185473918,0.7884090291623042,0.2646994624124186,0.0,0.8230695285055543,0.3931470216240298,9.342816259585915,0.09929560425363392,0
3644,21.61667,79.98636,13.694107403704164,2.1955387506433546,0.6606771044248633,0.08203906323529056,0.0522955454613837,0.7931403393041088,0.33893271748876663,10.454340627389527,0.0,0
3645,21.61667,80.00844,11.795675967394498,3.5285098910288246,0.37811291812417264,0.26741228426973424,0.32979107758171017,0.7005903214474142,0.3713178392337707,11.609001904809766,0.14304721668917653,0
3646,21.61667,80.03052,10.057859255448598,4.8614549274392065,0.6155216245410078,0.279287047595771,0.2543778989925758,0.552598097184473,0.5593123763779024,10.413185882526383,0.0,0
3647,21.61667,80.0526,8.578826386839046,6.1943738476130985,0.30898637108204097,0.0,0.2849115941896712,0.456904759611182,0.4660838752980942,6.825331428688901,0.0,0
3648,21.61667,80.07468,7.512999414619237,7.527266639289283,0.4492939303263531,0.24023524711038857,0.02545835905134103,0.306654101596449,0.4043419505168442,8.223715947765962,0.03536832817084539,-1
3649,21.61667,80.09675,7.050335256898026,8.860133290201098,0.23459087866502903,0.1924835541222631,0.39899890894662804,0.345477330174462,0.3696043466443682,8.120232293630437,0.19871245017581704,-1
3650,21.61667,80.11883,7.306330365062874,10.19297378808531,0.3544414151678669,0.2777895351765163,0.49016215514394695,0.4932944370516941,0.33876284635973863,5.515270663441564,0.3701243667894281,-1
3651,21.61667,80.14091,8.214065292907254,11.525788120676946,0.1772689404131692,0.28841689687926353,0.2585883962613369,0.3444487231197828,0.37454668222705273,2.605059347934735,0.10179832619249897,0
3652,21.61667,80.16299,9.590226412765153,12.858576275710366,0.2196790610744167,0.1947027557628842,0.2244043909271314,0.26365409395222345,0.6517099817521448,3.53264174052058,0.0,0
3653,21.61667,80.18506,11.264421198808407,14.191338240917016,0.18021951376943657,0.03878473344209136,0.0,0.11455188151886143,0.7718697490243092,3.873693700403487,0.0,0
3654,21.61667,80.20714,13.12307489953434,15.52407400402993,0.1500143606883897,0.21344000672185645,0.2844837085723912,0.2720721433004546,0.788675858839308,4.671475288036216,0.1500780825993484,0
3655,21.61667,80.22922,15.09821748936277,16.856783552783227,0.10198941266994638,0.0,0.40755804585830574,0.41254388205642994,0.6300417220155995,8.523180278427368,0.0,0
3656,21.61667,80.2513,17.149647618234916,18.189466874904966,0.020297379284267284,0.0,0.09998276906929732,0.3574730087196032,0.46960782397254375,6.552098344086182,0.0,0
3657,21.61667,80.27338,17.629064863036565,19.522123958125352,0.2684836609327229,0.0,0.0,0.06911854991336648,0.4459136787095205,1.906732444498985,0.15675175811563735,0
3658,21.61667,80.29545,18.342118017740418,20.8547547901765,0.0,0.014867948851244822,0.0,0.019147546331638596,0.6464540469086594,8.661904657735395,0.19079203460915678,0
3659,21.61667,80.31753,19.299982431709815,22.187359358784416,0.02529258532897366,0.0,0.0,0.14840009687918854,0.5074921354061781,3.5599218858770176,0.0,0
3660,21.61667,80.33961,20.468317289812738,23.519937651678706,0.021627605946844628,0.08135237819323987,0.0,0.08977695339008646,0.6010692304507458,5.4075558226478915,0.0,0
3661,21.61667,80.36169,21.813329981241438,24.852489656584765,0.06418263122158951,0.0,0.14475496570739127,0.1617544203233269,0.814987458908364,1.1274701747889928,0.0,0
3662,21.61667,80.38377,23.304449731603,26.185015361231073,0.0,0.0,0.06745152983591639,0.34109316383605226,0.5762426319545059,2.3147378457112486,0.0,0
3663,21.61667,80.40584,24.915458024657852,27.51751475334267,0.04796053468109444,0.08474061402795316,0.20941114385466875,0.08504364262982957,0.8657544322861495,6.121684828228698,0.0,0
3664,21.61667,80.42792,26.62460097637944,28.849987820643058,0.0,0.0,0.0805008627487138,0.3623393900863222,0.38987227532329977,1.0797596408703187,0.0,0
3665,21.61667,80.45,28.41417535711204,30.18243455085735,0.0,0.07184459644982844,0.0,0.03731197630083925,0.6108838691221221,3.4580686410090737,0.16765333719560968,0
3666,21.63551,78.75,61.45777457001716,74.19763046371736,0.0011505342215484262,0.0,0.0,0.06693189172209286,0.5939159914365189,4.226732993615894,0.10406161178375631,0
3667,21.63551,78.77208,59.62662961197958,72.86323169254504,0.0,0.0,0.0,0.13500811636747817,0.41221895904516404,0.3431073548173966,0.3931966235505073,0
3668,21.63551,78.79416,57.827763193211865,71.52885834346539,0.0,0.09525839993572015,0.0,0.06709433073366407,0.6622187351984925,0.0,0.0,0
3669,21.63551,78.81623,56.06428248395391,70.19451042869336,0.016433099893611313,0.15248680114979413,0.35897266827629154,0.10165090229881082,0.7642959023002631,5.36288943419461,0.21277378450217307,0
3670,21.63551,78.83831,54.339632740860914,68.86018796044966,0.058556369959178345,0.014845411798101836,0.39102087168636507,0.0,0.8583504507781787,10.449074248424242,0.07896914559744785,0
3671,21.63551,78.86039,52.65762952917783,67.52589095095591,0.0632167163425801,0.0,0.16737584394506302,0.0,0.6075497095101585,4.1980155255339024,0.0,0
3672,21.63551,78.88247,51.02249070442268,66.19161941243202,0.06807666157558862,0.0,0.023827614187523577,0.11873810123437242,0.2839445034969097,4.697698948191125,0.0,0
3673,21.63551,78.90455,49.43886649122104,64.85737335709933,0.0,0.10199141651947011,0.0,0.0,0.6167257790179032,0.7080888354533408,0.0,0
3674,21.63551,78.92662,47.911865310792436,63.52315279718024,0.0,0.0,0.044133439156527766,0.1481569000197834,0.6538062560798773,6.828897762890849,0.041396560626232884,0
3675,21.63551,78.9487,46.447072173698615,62.188957744898936,0.2368540943720091,0.0,0.0,0.32268582425623876,0.5169870485226024,2.0293890378799597,0.15787345914081355,0
3676,21.63551,78.97078,45.05055549640419,60.85478821247773,0.0,0.0,0.3263260863633057,0.0431674636766643,0.5800070098194733,6.036080969666987,0.0,0
3677,21.63551,78.99286,43.728857190410245,59.52064421214099,0.07335009961295483,0.0,0.0,0.24337733115782634,0.48218359528207416,4.591054206065049,0.13574411647913973,0
3678,21.63551,79.01494,42.488959951706676,58.1865257561163,0.0,0.0,0.07725009036376772,0.36047629464294684,0.5311145114862793,4.656422561295191,0.20340060643094635,0
3679,21.63551,79.03701,41.33822507627412,56.85243285662618,0.009637444312440457,0.0,0.0,0.3453247345734105,0.6922445349426788,4.558845243495342,0.23903190462917467,0
3680,21.63551,79.05909,40.28429417447321,55.518365525899625,0.0,0.08359264931041653,0.0,0.23277563571118337,0.7442205756893427,4.478576805027009,0.0,0
3681,21.63551,79.08117,39.33494926303862,54.184323776162984,0.06750461477424978,0.15458728937523625,0.13384039452572657,0.20828189616811685,0.3718163890162244,3.7586711163475717,0.0,0
3682,21.63551,79.10325,38.49792829661835,52.85030761964647,0.016562368599673125,0.0,0.2051235181659238,0.050253410795971315,0.47808793448544157,5.545432560962378,0.11352094792946223,0
3683,21.63551,79.12532,37.78069754846841,51.516317068574395,0.0,0.05948677384990511,0.0,0.011735262344374376,0.3272479267778261,1.1416717437037776,0.0,0
3684,21.63551,79.1474,37.190188315821864,50.18235213518052,0.0,0.17384974020849553,0.15316897706116184,0.4105516241836734,0.8069588458265462,2.41316245290341,0.0,0
3685,21.63551,79.16948,36.7325126170905,48.84841283169223,0.032424132268103936,0.09598017036049698,0.0,0.24982534018372435,0.6714703575283362,6.856572426258227,0.0,0
3686,21.63551,79.19156,36.41267961187777,47.51449917034126,0.0,0.0,0.050173902117369544,0.05496743029180374,0.269396725068859,3.4954164171044235,0.0,0
3687,21.63551,79.21364,36.23433961712835,46.180611163361206,0.051752017902953605,0.0,0.201542847512553,0.3546440860357265,0.5404883719097511,2.2057427614928296,0.0,0
3688,21.63551,79.23571,36.19958392494178,44.84674882298136,0.31574558221803645,0.013963624603167989,0.06752824205129106,0.022710638271660456,0.5098361988437686,5.75234334571709,0.0,0
3689,21.63551,79.25779,36.30882486553189,43.51291216143728,0.16272905386919892,0.04081712207634152,0.0,0.249081043301985,0.44369766849506637,5.248858130644232,0.34560442996900187,0
3690,21.63551,79.27987,36.56077170496683,42.17910119095997,0.08708681078193904,0.0166924877813981,0.0,0.2623871393662722,0.6946273084370008,0.0,0.0,0
3691,21.63551,79.30195,36.95250559318145,40.84531592378732,0.0,0.0,0.20409775921917106,0.0447063776149968,0.6914511792927811,4.994039496091012,0.09371888818332287,0
3692,21.63551,79.32403,37.4796436535499,39.511556372152796,0.0,0.0,0.0,0.39538178941652047,0.5873358224038391,3.4686652403300178,0.08299106695802201,0
3693,21.63551,79.3461,38.13657146665191,38.17782254829047,0.0,0.06979975820234172,0.0,0.016456470487384522,0.4598214316537816,4.980355825292256,0.0,0
3694,21.63551,79.36818,38.91671688526122,36.84411446444081,0.15608858913107837,0.0778804997947673,0.12099402730196228,0.2837715108413804,0.4610403852597091,3.1779156810614078,0.23458945070655887,0
3695,21.63551,79.39026,39.81283708668162,35.51043213283893,0.0,0.035119734781760836,0.0,0.23268557752496105,0.5558871535444279,4.381238192999123,0.10013578372009849,0
3696,21.63551,79.41234,40.81729428951098,34.17677556572426,0.0,0.0212748643871304,0.0,0.0,0.48577879607502966,0.0,0.025118289964855486,0
3697,21.63551,79.43442,41.92230194292583,32.84314477533389,0.0,0.27282185994371266,0.27055529009163287,0.03701273582777695,0.5490002429573191,0.9072669861366727,0.1691937206022918,0
3698,21.63551,79.45649,43.12013052280144,31.50953977390891,0.0,0.0,0.0,0.2050350961649181,0.6279800353684997,5.19575155790551,0.0,0
3699,21.63551,79.47857,44.4032687920441,30.175960573689313,0.0,0.21079247023103642,0.0,0.14377791466613893,0.3351838311788696,10.130584193359939,0.14111117256629752,0
3700,21.63551,79.50065,45.764541593953275,28.842407186914183,0.0021148966522331163,0.0,0.0,0.19601004419123602,0.44375681746829926,4.3200510702373425,0.0,0
3701,21.63551,79.52273,47.19718866118612,27.508879625828857,0.0,0.18546504598188038,0.0,0.13342396576023652,0.5452062875695218,1.6221587313670398,0.13080520582629762,0
3702,21.63551,79.54481,48.694910693145,26.175377902674587,0.0,0.2068260412532181,0.0,0.0,0.7690885305319991,3.8431453500184487,0.029382096881558968,0
3703,21.63551,79.56688,50.25188945829483,24.84190202969289,0.0,0.0,0.14294196049091307,0.3035136813472235,0.6683005995463192,1.2466024018957649,0.031882987744740514,0
3704,21.63551,79.58896,49.27227206888594,23.508452019129244,0.08256254460749782,0.2789929651801305,0.022267606347494855,0.3919315789250321,0.549443963394648,6.909996256889216,0.0,0
3705,21.63551,79.61104,47.81117070140068,22.17502788322797,0.0,0.09068667418639433,0.1968649318796376,0.34407235045178736,0.6062539813872527,3.8909352618022788,0.0,0
3706,21.63551,79.63312,46.41657427057286,20.841629634235062,0.009576421464456471,0.0,0.0,0.15280652340637105,0.5357021038118224,6.626582002527562,0.0,0
3707,21.63551,79.65519,45.094653418949584,19.50825728439515,0.11035439060023836,0.0,0.4268242905435002,0.0,0.7007024428166598,3.631101156441349,0.0,0
3708,21.63551,79.67727,43.851981096901994,18.174910845957506,0.03131188347707638,0.20703491757285594,0.0,0.0986228075416358,0.610591498892675,7.1636718932000285,0.057330729669863245,0
3709,21.63551,79.69935,41.69966531937955,16.841590331167875,0.026999549524432558,0.17816797869085002,0.0,0.27084823534135943,0.728840296488067,0.16397971805227396,0.2517131648059222,0
3710,21.63551,79.72143,39.43506619539578,15.508295752274952,0.13187154091081643,0.0,0.3512324203209487,0.206384742871327,0.3599729280895603,4.670179194805587,0.0,0
3711,21.63551,79.74351,37.17255148083033,14.175027121528442,0.17436778294586913,0.0202912046947076,0.09573697361242103,0.4547973209305199,0.4367255771773746,6.2659927883934134,0.07845626438366363,0
3712,21.63551,79.76558,34.912526470206494,12.84178445117821,0.09997103672974882,0.0828963383854014,0.06967778709519279,0.22512334499595485,0.587845726356545,4.46283085062741,0.0,0
3713,21.63551,79.78766,32.655508140947354,11.508567753474546,0.15655950265423232,0.0,0.08836624057322338,0.3801273302483533,0.6182259101068818,6.4402424322850225,0.0,0
3714,21.63551,79.80974,30.40216618781209,10.175377040667788,0.08961993841092461,0.44769617743549195,0.1174216574016429,0.31743655029647394,0.8847871587667594,6.796177323860758,0.012080409173586003,0
3715,21.63551,79.83182,28.153383425621506,8.842212325012003,0.125793897051519,0.12082420710550706,0.06474011725276889,0.5422022255357567,0.2950822275165488,9.096440372706782,0.014611984073183648,0
3716,21.63551,79.8539,25.9103470220438,7.509073618758706,0.37836955199374295,0.0890536165238357,0.0,0.3905608822472708,0.5427052050668557,8.523411090922055,0.02997519775509116,0
3717,21.63551,79.87597,23.674690385344014,6.175960934162152,0.4106404180877973,0.3080752982651844,0.17444440828089944,0.32658749833569195,0.5352237025494723,8.552903247508862,0.0,0
3718,21.63551,79.89805,21.448721329476005,4.842874283476062,0.5007654448655199,0.08155340155063068,0.14833293666347966,0.44996857330242745,0.5776931263734613,10.541329239900914,0.17591416206304533,0
3719,21.63551,79.92013,19.235803344726108,3.509813678955154,0.5908256840188973,0.3285199743164841,0.3099065732645449,0.5811415246646133,0.7845525487692607,5.575703404809773,0.015854435665417894,0
3720,21.63551,79.94221,17.041021612715678,2.1767791328560273,0.701272377434707,0.0,0.3889464572223942,0.5585236843121386,0.6609954422585529,8.110198324950835,0.1003895888165749,0
3721,21.63551,79.96429,14.872407678114955,0.8437706574342183,0.9523814919184126,0.17060042742617004,0.11964102888293542,0.5350866097925546,0.30866814293489214,7.592900879160571,0.20432811739150797,0
3722,21.63551,79.98636,12.743328032098145,0.48921173505061516,1.0,0.43402932850647125,0.0,0.8744362055670085,0.7408131524273164,12.950211497205263,0.0,0
3723,21.63551,80.00844,10.677458328781576,1.8221680323435205,0.8474335510109522,0.5022804653236521,0.46931195480055504,0.3781355529728582,0.7270789035130343,11.426365647371247,0.1340014403007028,0
3724,21.63551,80.03052,8.719841295017975,3.1550982221835566,0.5789595811630023,0.1295804338807583,0.0,0.5657332773764195,0.540071264834207,12.940368351333268,0.031687551054006245,0
3725,21.63551,80.0526,6.962395970059513,4.488002292311778,0.6397511779689674,0.1318495049202307,0.2931833708778069,0.5157013524715758,0.26084066090570124,9.380389330107798,0.25877809451226086,-1
3726,21.63551,80.07468,5.596971790264683,5.820880230469722,0.40644271058368026,0.3966447489804062,0.2378133086761459,0.49126614385786804,0.4500854953703364,6.0712146788676336,0.013236519816199999,-1
3727,21.63551,80.09675,4.958733637584568,7.153732024393782,0.37941094102147466,0.21965343011282173,0.23861458294693116,0.5745472033043205,0.5281024065267153,7.4132058592823995,0.3194007390250838,-1
3728,21.63551,80.11883,5.316370564832828,8.486557661822582,0.2769155723559514,0.2421085261861079,0.4571554113953069,0.28355498952084307,0.6070619014570868,1.6291960116053392,0.0,-1
3729,21.63551,80.14091,6.507715669036622,9.819357130494808,0.2242893806836243,0.36088590800531783,0.29392438116925784,0.40653207423122595,0.23453121783066444,4.961415740164808,0.1733961263503762,-1
3730,21.63551,80.16299,8.176107921428958,11.152130418147276,0.06758670524844307,0.0720924937520724,0.2835667977880392,0.1598653941246308,0.3911308321707617,0.0,0.11317876584801642,0
3731,21.63551,80.18506,10.087563037157238,12.484877512514188,0.20899079595579206,0.0,0.0,0.20837466525053938,0.6664944579040352,6.102097536205463,0.01434191513992052,0
3732,21.63551,80.20714,12.127692459008127,13.817598401331644,0.4414005360530499,0.0,0.05338234086531042,0.27410486533392564,0.7337500099742136,4.2123655093582615,0.0,0
3733,21.63551,80.22922,14.241303622959816,15.150293072335916,0.03507899342795712,0.060540271325178995,0.0,0.43870980349843575,0.5916439602123051,4.327812686725975,0.0,0
3734,21.63551,80.2513,15.11592789660616,16.48296151325783,0.07262902406696319,0.0,0.011412398823564651,0.21755905983418694,0.6946888635221047,2.0195254953081414,0.15697937470437345,0
3735,21.63551,80.27338,15.611918102192359,17.81560371183095,0.0,0.0,0.0230568205047859,0.04420044779958021,0.5989141396819647,2.5042032737606656,0.24613300678556102,0
3736,21.63551,80.29545,16.4127390037562,19.14821965578985,0.0,0.0,0.4093274516708922,0.3608294137986194,0.6718589881940148,5.872929712589265,0.3191004487071104,0
3737,21.63551,80.31753,17.47653626958773,20.4808093328636,0.21826074201689746,0.2912111214693115,0.0,0.4888041912813686,0.559451958715945,0.19079338773328436,0.0890355371628464,0
3738,21.63551,80.33961,18.75862311652871,21.81337273078398,0.0,0.36967438381895096,0.0,0.28940842237697684,0.608418029364976,5.112120488487276,0.04352014375541249,0
3739,21.63551,80.36169,20.217513803616043,23.145909837279127,0.0,0.0,0.2992793534782869,0.12316944171332611,0.3720702188873861,1.5784260463003674,0.073997626457768,0
3740,21.63551,80.38377,21.81777001304206,24.478420640080905,0.0,0.05601357248860582,0.10499799569920742,0.0,0.6458292593863943,0.0,0.30993661159467045,0
3741,21.63551,80.40584,23.530567602375843,25.810905126916815,0.0,0.0,0.0,0.0720945459426873,0.3707093652893074,6.699868246052159,0.08414156204307632,0
3742,21.63551,80.42792,25.33308968258956,27.14336328551311,0.0,0.0,0.0,0.0,0.6480089266986924,6.896872492077866,0.014455680737053531,0
3743,21.63551,80.45,27.207509075295384,28.440594553475513,0.0845543442017301,0.2965336698759666,0.0,0.0,0.4863961025284206,1.9791899020290182,0.0,0
3744,21.65435,78.75,62.711888890115446,75.9030507869726,0.3359668725500718,0.0,0.3876185564658074,0.4642344240737454,0.6017925843610231,1.5738420658591576,0.0,0
3745,21.65435,78.77208,60.918689260826405,74.56866666637933,0.0,0.0,0.010381359705774884,0.14833802317300415,0.41660066820424874,2.3499954860239476,0.06182387373554798,0
3746,21.65435,78.79416,59.159355745602056,73.23430797150647,0.0,0.0,0.0,0.0,0.47948440817154886,0.8964624542705328,0.0,0
3747,21.65435,78.81623,57.437000490149664,71.89997471456682,0.10800620723191248,0.18342197648202427,0.06557132583263,0.0,0.601502009930156,1.3550497873944944,0.0,0
3748,21.65435,78.83831,55.75505057363394,70.5656669077778,0.0,0.0,0.24126600138938428,0.40221720959872265,0.6555880063122314,4.1736992742491115,0.0,0
3749,21.65435,78.86039,54.11727352255671,69.23138456335869,0.1559313785389224,0.0,0.031329576653470234,0.1659211075515683,0.7031065605807956,8.396230478981542,0.0,0
3750,21.65435,78.88247,52.52780136298332,67.8971276935271,0.0,0.0,0.0,0.04678593148742095,0.38895814130572837,2.0825174134578863,0.09543820136131974,0
3751,21.65435,78.90455,50.991151540097334,66.56289631049954,0.0,0.0,0.0,0.08098262508967201,0.3398006515128702,5.665594900148759,0.10782825314915874,0
3752,21.65435,78.92662,49.51224247346921,65.22869042649853,0.0,0.13824236412726848,0.0,0.1673595063496381,0.41340496832797047,3.923925661380319,0.04200276192510592,0
3753,21.65435,78.9487,48.09640087457785,63.89451005374373,0.09095693384992228,0.1924138427177055,0.3044590293652245,0.07674211111652318,0.4007488256465889,0.0,0.078383751042511,0
3754,21.65435,78.97078,46.74935726987732,62.56035520445554,0.0,0.0,0.0,0.0,0.7692734084220834,2.945083988054939,0.01881604547246454,0
3755,21.65435,78.99286,45.477225525215616,61.22622589085606,0.0,0.3350851444601747,0.0,0.0,0.7375269741037417,2.6198592891436503,0.0,0
3756,21.65435,79.01494,44.28646168298708,59.89212212516834,0.0,0.0,0.07708153526880221,0.0,0.4103490714217405,6.819390592688013,0.0,0
3757,21.65435,79.03701,43.18379728621608,58.55804391961432,0.0,0.20636185182933287,0.028518660359288267,0.18801191192975503,0.7892935511212099,6.9268427668980115,0.11317821942020885,0
3758,21.65435,79.05909,42.17614281044378,57.22399128641754,0.04771590126184835,0.024187822863190513,0.0,0.12016795818622839,0.7290927099211993,3.995271211121409,0.0,0
3759,21.65435,79.08117,41.270458115235726,55.88996423780456,0.0,0.0,0.0,0.19242921106458205,0.32164964379438554,6.175157096381172,0.13687186064938417,0
3760,21.65435,79.10325,40.47358918585541,54.55596278600073,0.0,0.0,0.0,0.0,0.4055322648011027,2.6404362040982456,0.14586724261086206,0
3761,21.65435,79.12532,39.792073950673576,53.22198694322968,0.09126672111337858,0.0,0.21790353361042383,0.34021420953428994,0.3174401188469522,5.934648790469986,0.0,0
3762,21.65435,79.1474,39.23192446544371,51.88803672172063,0.036541270330298255,0.033769273087154376,0.050141178537424815,0.16380331598024572,0.5375892828479955,3.28908644955732,0.0,0
3763,21.65435,79.16948,38.798397729365554,50.554112133698894,0.07105763383103224,0.0,0.09641971431034467,0.3842992590577576,0.5521267346509643,5.886669767210103,0.001545311937430354,0
3764,21.65435,79.19156,38.49577194031542,49.22021319139411,0.0,0.0,0.04968182850282211,0.3150059682505798,0.5518485293818584,6.156409247789949,0.0,0
3765,21.65435,79.21364,38.327147956406684,47.886339907034504,0.14071141970407985,0.0,0.06629053726555045,0.3862451115363952,0.26592179395361215,4.906775805001578,0.10033279940347464,0
3766,21.65435,79.23571,38.294296000821554,46.5524922928505,0.11139089414557424,0.0,0.0,0.24142568815700505,0.3498483314507531,1.1229049694278797,0.0,0
3767,21.65435,79.25779,38.39756456482162,45.218670361072114,0.054070210579862873,0.0,0.0,0.2560356304521988,0.5860892362463395,1.9657716903482454,0.0,0
3768,21.65435,79.27987,38.63586216519461,43.884874123929144,0.11197154336277652,0.0,0.23369406700672685,0.2520051597678551,0.6367916464600489,5.024504311675883,0.0,0
3769,21.65435,79.30195,39.006714140616666,42.55110359365553,0.09088268303594728,0.0,0.28358333296249383,0.0,0.2669260669777538,5.402602252842298,0.0,0
3770,21.65435,79.32403,39.50638774091923,41.21735878248291,0.0,0.07068121558962547,0.0,0.06031078583945608,0.3703651657042497,3.504135521281891,0.0,0
3771,21.65435,79.3461,40.13007123505992,39.88363970264301,0.0,0.021055783917522847,0.0,0.22983279470294177,0.6928887712180956,2.2951110845363836,0.0,0
3772,21.65435,79.36818,40.87208805583648,38.549946366371756,0.05206400286495547,0.31794177686114705,0.16833101063180922,0.35839660440566556,0.3783704548731738,3.621780938580136,0.0,0
3773,21.65435,79.39026,41.726125692163116,37.21627878590306,0.06755463968757808,0.0,0.37682172139453135,0.010218913194691613,0.5477512227753637,2.419966781964082,0.0,0
3774,21.65435,79.41234,42.68546082249428,35.88263697347288,0.13338435406507576,0.07793024723041157,0.356732742963722,0.10838932025484654,0.36510123947651696,2.4574345644819022,0.07254430627382225,0
3775,21.65435,79.43442,43.74316611178242,34.54902094131646,0.0,0.004370132264884879,0.0,0.0,0.6662710799217471,8.289765547925171,0.0,0
3776,21.65435,79.45649,44.89228899288482,33.21543070167068,0.0,0.13445078621207418,0.25523740315129495,0.2569167625020295,0.26750982095537085,1.9883462109554784,0.0,0
3777,21.65435,79.47857,46.12599757418319,31.88186626677489,0.0601119812048569,0.11928882155118677,0.011909591107167952,0.35277148044030154,0.507284049825919,4.580736331032935,0.055447487786436114,0
3778,21.65435,79.50065,47.4376928488896,30.548327648863314,0.0,0.0,0.20902697090277864,0.26028244753443674,0.6815692155894616,3.6996919610771144,0.38718323481434136,0
3779,21.65435,79.52273,48.821089299735476,29.21481486018008,0.0,0.03411371894213205,0.15776743489196962,0.47134800465034044,0.6353454931314627,0.16131220435213,0.17201336335670053,0
3780,21.65435,79.54481,50.27026777652221,27.881327912962465,0.05460438377333271,0.0,0.0,0.3096595846048935,0.48497831164305144,0.12763741172946963,0.10867815660178416,0
3781,21.65435,79.56688,51.77970534579897,26.54786681945016,0.0,0.1072425140408189,0.11006001843188266,0.18620612838122724,0.45214876532987386,3.260263709236123,0.0,0
3782,21.65435,79.58896,50.87557953844888,25.2144315918856,0.0,0.0,0.20121619945405772,0.4673838634386022,0.5173529401968835,0.0,0.0,0
3783,21.65435,79.61104,49.46204866059499,23.88102224251035,0.1808842208096489,0.13692868901666203,0.0,0.1356133703244989,0.36943826514624156,8.392727951106199,0.0,0
3784,21.65435,79.63312,48.11550312481271,22.54763878356799,0.2423172411845539,0.011221254456308609,0.0,0.012438681392575118,0.5359331488449584,2.7946666423080275,0.03850349639168644,0
3785,21.65435,79.65519,46.053843624563875,21.214281227299477,0.0,0.0,0.0,0.41159160917768856,0.5383045662953285,2.6999157695631295,0.0,0
3786,21.65435,79.67727,43.77695773326409,19.880949585952937,0.0,0.0,0.13700298035117234,0.0803552726901404,0.49135147648117206,7.168264851180405,0.03525836933091463,0
3787,21.65435,79.69935,41.50057779001937,18.5476438717687,0.05055872556626773,0.0,0.04217243473227478,0.2341535741022947,0.6898504594731787,3.7802413624044915,0.0,0
3788,21.65435,79.72143,39.224791931906736,17.214364096995983,0.27049944118578073,0.23667873258459549,0.0,0.40928890905153875,0.3998426617704132,6.0218327649527374,0.0,0
3789,21.65435,79.74351,36.94970998108884,15.881110273879555,0.0117297201707234,0.5517723691470992,0.0,0.21959948014427258,0.31096258580387415,3.0526270967440556,0.0,0
3790,21.65435,79.76558,34.675470539978164,14.547882414667129,0.03128326845036283,0.23587606131145833,0.03236290622299737,0.2362325383814619,0.4758370781596639,4.905582611537081,0.20022645500299685,0
3791,21.65435,79.78766,32.402251061387624,13.214680531605952,0.29637944856386533,0.0,0.0,0.4177224629299039,0.5664566925245135,7.590897910918525,0.022207255410500084,0
3792,21.65435,79.80974,30.130282454735905,11.88150463694391,0.09305991931317376,0.1577815481492002,0.0038767876549501627,0.40379814314741963,0.5337394004666114,3.1631013042612888,0.0,0
3793,21.65435,79.83182,27.85987079861291,10.548354742933915,0.25904331093298844,0.17532207228187752,0.0,0.4073466366262346,0.5269121645334983,7.159722830054242,0.0,0
3794,21.65435,79.8539,25.59143053543268,9.215230861820853,0.03801078071985178,0.0,0.2775108037786008,0.05753974848916239,0.38949926472780216,0.0,0.14498895681084933,0
3795,21.65435,79.87597,23.325536886850536,7.882133005859801,0.24827863914488815,0.0,0.014696332930992682,0.2666613472368438,0.4083454645681347,10.039098284079428,0.0,0
3796,21.65435,79.89805,21.063011792922097,6.549061187299845,0.13655750288158633,0.10400775086486311,0.0,0.7286828241222165,0.4756551524772118,5.900600618863153,0.08551112648127308,0
3797,21.65435,79.92013,18.80507120618079,5.216015418393843,0.2925778123769077,0.2662964626025842,0.0,0.5437537430178179,0.46188527394692563,7.818607300674364,0.0,0
3798,21.65435,79.94221,16.55359129385915,3.8829957113956426,0.6242315406944422,0.0,0.24527043250723413,0.30409873078007676,0.6910600976614389,8.59145474001087,0.03561152054144016,0
3799,21.65435,79.96429,14.311621584014537,2.5500020785571285,0.6477809117165065,0.08737122767499647,0.17091175270622302,0.4552232473684043,0.5685354005664637,7.2447886557774765,0.017376071089999067,0
3800,21.65435,79.98636,12.084456437501133,1.2170345321364031,0.7781169115291832,0.34290373413324055,0.13103053655096347,0.6633552143487027,0.4487523833144368,8.127426930017084,0.0,0
3801,21.65435,80.00844,9.88211065468615,0.11590691561583649,0.8910176192058966,0.3164849786487907,0.3053995331189969,0.6825840530250237,0.6647771538776984,13.240331980684138,0.1330169853070097,0
3802,21.65435,80.03052,7.725838734281992,1.4488222524396024,0.7589933439461443,0.5438935408804827,0.3685326235410813,0.6734203888229093,0.557294752894732,12.139452213259135,0.3220379726222663,-1
3803,21.65435,80.0526,5.668466073670285,2.7817114660799085,0.6651370047158829,0.1325654319566056,0.32431325190568455,0.833282915092673,0.28218810530414296,7.305393572242803,0.20013285607996764,-1
3804,21.65435,80.07468,3.8710311274721727,4.114574544280446,0.6216559903116669,0.8107733598513452,0.34490920952597315,0.3852205181560171,-0.00874867134171442,10.104391877172826,0.24824754171982258,1
3805,21.65435,80.09675,2.872056332970334,5.4474114747802735,0.08835203956962129,0.24624807403536797,0.39114668049110557,0.45661571340590384,0.2404065241240988,9.363878026641858,0.17321301369904685,1
3806,21.65435,80.11883,3.4529674968602744,6.780222245322855,0.22320995029392388,0.09879637964916854,0.5111949986867459,0.4833070344064727,0.520805519882798,6.253677286976954,0.4111133336236078,1
3807,21.65435,80.14091,5.099775757750881,8.113006843646954,0.2777704354811127,0.2908387706788892,0.5959241672674175,0.19882216034934977,0.5893217263758609,3.290754435873334,0.0812724662795968,-1
3808,21.65435,80.16299,7.106538681355053,9.445765257493438,0.19529013428427983,0.022155885104347767,0.19917447477231504,0.0,0.25638319170081464,6.053309371935928,0.1816043752447884,-1
3809,21.65435,80.18506,9.241673105520366,10.778497474598069,0.21429749067559747,0.13319839694206592,0.4443493127924014,0.3803069885984286,0.5993459243291304,6.666444995426552,0.17180073715882715,0
3810,21.65435,80.20714,11.433485966751984,12.111203482701514,0.16495492639930237,0.0862377763129269,0.1746931054189508,0.28850425009718783,0.6071563376615497,5.190192567511132,0.18469345925369754,0
3811,21.65435,80.22922,12.860186936014806,13.443883269541294,0.06980548193414368,0.045362101609944416,0.1533379207314896,0.29805192070156716,0.7218539152277462,3.4802473283995425,0.17873661539498348,0
3812,21.65435,80.2513,13.046807354965676,14.776536822851522,0.021977421203784014,0.0,0.5556460997682032,0.2529683586291879,0.6603214561395715,5.956735948948362,0.17202775743811757,0
3813,21.65435,80.27338,13.618292863393236,16.10916413036968,0.03877051989413206,0.1275160073590062,0.3977951571887743,0.4255850263520302,0.7185952297338082,7.792624794272272,0.0,0
3814,21.65435,80.29545,14.529300147849451,17.441765179831048,0.19249062287110025,0.0,0.3927144122228693,0.2407765792430266,0.6006144489203022,2.293186772625717,0.0,0
3815,21.65435,80.31753,15.720915000594589,18.774339958969048,0.0,0.21523465160138971,0.0,0.17986172387942526,0.5991307123260254,3.3427840883037003,0.0,0
3816,21.65435,80.33961,17.13469336724538,20.10688845551701,0.02750729093459307,0.0017332571417973432,0.47392515066451074,0.022612663868455757,0.49127799439199593,11.095968194641415,0.0,0
3817,21.65435,80.36169,18.720368768888758,21.439410657207358,0.050065979269307635,0.0,0.010156564018964764,0.3436875605492234,0.6560049999661395,4.587416589940395,0.24737773995153242,0
3818,21.65435,80.38377,20.437970482941033,22.771906551772908,0.20971787439928175,0.0,0.0,0.2726575615540673,0.3568305117289144,0.4230813401853446,0.0,0
3819,21.65435,80.40584,22.256976597866128,24.104376126944135,0.0,0.0,0.0,0.15477288787379215,0.5256871878504161,2.3764258382032066,0.0,0
3820,21.65435,80.42792,24.154488500360316,25.43681937045175,0.12947203012452219,0.0,0.07516164823099743,0.3511146232206143,0.6220136822015437,1.5650833243330018,0.0,0
3821,21.65435,80.45,26.11339805502926,26.70753482902501,0.15950143856626542,0.0,0.0,0.09354173298128636,0.7445744758358604,4.451906139131948,0.0,0
3822,21.67319,78.75,64.01001202345297,77.60838992730113,0.0,0.0844085584684646,0.08165782385957379,0.2870821801357947,0.4830840011040646,3.801709680504886,0.3619046400339134,0
3823,21.67319,78.77208,62.254446730000325,76.27402046393054,0.0,0.0,0.0,0.06515778750366946,0.6853151113734943,1.347011095596093,0.0,0
3824,21.67319,78.79416,60.534174297107405,74.9396764299048,0.0,0.22597250633421218,0.3595532461560565,0.2974054751805138,0.5223866897786992,7.828586449007558,0.07122778174420108,0
3825,21.67319,78.81623,58.8522897088508,73.60535783743488,0.0,0.02558017011374224,0.11033282101867996,0.23554942390671735,0.6881772569994561,3.2238725703373774,0.0,0
3826,21.67319,78.83831,57.21217859936946,72.27106469873453,0.10251465607853631,0.0,0.45599860728686964,0.14641688629412122,0.43779625497820857,1.8180314932564872,0.0,0
3827,21.67319,78.86039,55.61753671245817,70.93679702602067,0.027728532664136527,0.0,0.0,0.0,0.6516171705482573,0.0,0.0,0
3828,21.67319,78.88247,54.072387012104905,69.60255483150787,0.028243927285983118,0.12234221034902153,0.30987884136557,0.12384264495943334,0.5366283260894735,0.6775506258611173,0.0,0
3829,21.67319,78.90455,52.58109284847015,68.26833812741053,0.0,0.0,0.0,0.19638061641941545,0.38405456714085073,0.0,0.0,0
3830,21.67319,78.92662,51.148365144837335,66.93414692594813,0.0,0.0,0.04168825642369126,0.37363196671867305,0.5284986343123054,2.509823828417702,0.0,0
3831,21.67319,78.9487,49.77926110037402,65.59998123933788,0.2572314721301675,0.032043568583640415,0.0,0.21213830378822793,0.7349896954812858,0.7052422345856071,0.021772182713744773,0
3832,21.67319,78.97078,48.47917144529378,64.2658410797969,0.0,0.0,0.0,0.1535873015843352,0.4072493684887868,5.045488531121221,0.0,0
3833,21.67319,78.99286,47.25379291130439,62.93172645954481,0.0,0.0,0.0,0.046755603650788555,0.3421195809502778,1.4887458728468292,0.0,0
3834,21.67319,79.01494,46.10908239690028,61.59763739080166,0.17176668665871483,0.0,0.0,0.0,0.6057320050383682,5.1941133170522304,0.017004978850744853,0
3835,21.67319,79.03701,45.05118945256694,60.26357388578728,0.03386047457005864,0.05606778398163337,0.0,0.1474766592063832,0.31499858852884666,4.2889381874693076,0.12195903583986947,0
3836,21.67319,79.05909,44.08636434598891,58.929535956722454,0.0694328572909787,0.0,0.0,0.28011883182676023,0.7687408836492277,4.691219967924297,0.19163924377388009,0
3837,21.67319,79.08117,43.2208402471177,57.59552361583045,0.0,0.16803865353073758,0.02351489309325627,0.3958544895402599,0.7651936516587783,5.346508998275597,0.0,0
3838,21.67319,79.10325,42.46069010103176,56.26153687533413,0.0,0.0,0.23309391525713405,0.0911583047445751,0.6951903485593384,8.19999278855287,0.0,0
3839,21.67319,79.12532,41.8116615205877,54.927575747454135,0.0,0.09222917612425971,0.05946959249393467,0.05726542806902585,0.548239329640104,0.8127308495985606,0.0,0
3840,21.67319,79.1474,41.27899633622474,53.59364024441725,0.0,0.0,0.23374818117762508,0.43038912419134195,0.782846970281858,5.222937239924409,0.0,0
3841,21.67319,79.16948,40.867244866512515,52.259730378446946,0.0,0.0,0.0,0.3701675472911893,0.7381423737262642,4.062177136504328,0.2221743656829906,0
3842,21.67319,79.19156,40.580087889833536,50.92584616176863,0.035729967877734546,0.062108551743443124,0.0,0.09961110760106621,0.4751882905814558,5.795921196514127,0.0,0
3843,21.67319,79.21364,40.4201809680949,49.5919876066084,0.22231287174146278,0.0,0.14271550833813174,0.33743299680811406,0.7511997317607667,3.3244804929920546,0.0,0
3844,21.67319,79.23571,40.389035545286475,48.25815472519364,0.010641222986287177,0.0,0.06915559758596544,0.0,0.4221271626994426,6.099852286522395,0.0,0
3845,21.67319,79.25779,40.486948780457595,46.92434752975223,0.0,0.007458871547427171,0.0,0.0,0.5221807035495254,0.0,0.2601558340805563,0
3846,21.67319,79.27987,40.712989538409964,45.59056603251093,0.0,0.0,0.18730162711151838,0.2545937436714393,0.29868903612544245,0.4455877815931215,0.0,0
3847,21.67319,79.30195,41.06504205187713,44.25681024570127,0.32936651171453674,0.0,0.0,0.2156369695261786,0.5702161977386861,1.58591503375376,0.0,0
3848,21.67319,79.32403,41.53990257187502,42.92308018155151,0.10474579894467602,0.0,0.0,0.3601483406072852,0.5085718987471347,2.8820328763774623,0.0,0
3849,21.67319,79.3461,42.133419007342425,41.58937585229098,0.0,0.0,0.09776636371487137,0.11621158249024005,0.48651364239458744,3.209108348370154,0.0,0
3850,21.67319,79.36818,42.84066003733902,40.255697270152545,0.07215232010011785,0.013610702481412471,0.0015652167289231765,0.2361602228594425,0.5266498852337184,1.178661206256818,0.17635829452105786,0
3851,21.67319,79.39026,43.656098887130085,38.92204444736827,0.0,0.0,0.0,0.05067326370260384,0.4687252778686989,0.5428726028100184,0.0,0
3852,21.67319,79.41234,44.57379778150659,37.588417396170506,0.0,0.0,0.0,0.3203803391061489,0.5557156197162776,1.4344162243355945,0.0,0
3853,21.67319,79.43442,45.587581496416774,36.254816128792044,0.0,0.0,0.0,0.0991753410443592,0.7295993751561041,0.0,0.0,0
3854,21.67319,79.45649,46.69119169927661,34.921240657467,0.013950164286634998,0.12062880983905015,0.0,0.045632293821064734,0.4012571587106566,2.436680984740509,0.0,0
3855,21.67319,79.47857,47.878417198727874,33.5876909944317,0.0,0.03345757839837893,0.22013446895447286,0.11542443623558801,0.6706853718537812,3.063654861122435,0.0,0
3856,21.67319,79.50065,49.14319828750867,32.25416715191894,0.0,0.0,0.04901543753095009,0.049086691436543615,0.580078456715824,4.396625425897293,0.0,0
3857,21.67319,79.52273,50.479705756498596,30.920669142167693,0.007019728559997781,0.0,0.19180143507359354,0.0,0.602333320684075,3.723712527059956,0.0,0
3858,21.67319,79.54481,51.88239679133611,29.587196977414884,0.0,0.10792264906174953,0.10327772807393579,0.11661544857996944,0.5456656309480101,7.998970414824207,0.12938402282686012,0
3859,21.67319,79.56688,53.346050891485284,28.253750669896178,0.056391513977291655,0.0,0.0,0.2159219738601454,0.449536460857409,5.50198645690412,0.08257798386042953,0
3860,21.67319,79.58896,52.5135237182713,26.920330231851562,0.0,0.13622003663834936,0.0,0.2832157743214215,0.612249296725582,5.369082465300713,0.3110845002988301,0
3861,21.67319,79.61104,50.53078964894525,25.58693567551955,0.0997526953724436,0.0,0.0,0.4133924958957793,0.6225934979107162,4.472484292805958,0.017596574003815875,0
3862,21.67319,79.63312,48.24971342910713,24.253567013141875,0.0,0.0,0.0,0.4296792370643854,0.43786993443323924,5.000863684772312,0.09428089858559373,0
3863,21.67319,79.65519,45.96866360512714,22.92022425695585,0.21905509756511382,0.0,0.0,0.0,0.362513837707249,3.1311405645580894,0.0,0
3864,21.67319,79.67727,43.68764436143135,21.58690741920716,0.0,0.36406230388594835,0.19648803783237656,0.1051739476963271,0.5618054528128263,4.076666280654852,0.27387934711221973,0
3865,21.67319,79.69935,41.406660801887774,20.25361651213339,0.0,0.2882919399859063,0.1945477355188005,0.39064675055933457,0.6554595846990898,8.944260314061648,0.0016481539738683515,0
3866,21.67319,79.72143,39.12571921777736,18.92035154798069,0.09279151827651605,0.13656670215255534,0.4430269868002721,0.24179089230369943,0.6904181540067793,3.9174766114211708,0.0,0
3867,21.67319,79.74351,36.844827455283166,17.587112538991704,0.25304176774162723,0.08486716522735513,0.0,0.318875153772382,0.7180346131625769,0.8123482141846061,0.08651121112769218,0
3868,21.67319,79.76558,34.56399542843084,16.25389949741139,0.10440965677980815,0.0,0.320981857305478,0.2642434011722144,0.6013649139855787,6.290507783603154,0.0,0
3869,21.67319,79.78766,32.28323584940822,14.92071243548363,0.15071986772452217,0.06403630790217091,0.32051246427602714,0.0,0.5122291573112703,6.990464581556896,0.0,0
3870,21.67319,79.80974,30.00256529189143,13.587551365453873,0.10597684502411954,0.0,0.0,0.21309461238337135,0.5483513578316965,5.390491723285037,0.0865098730984727,0
3871,21.67319,79.83182,27.72200577900647,12.254416299571975,0.006548849273613752,0.0,0.09988818967307214,0.6213749354663956,0.3739853509293279,0.4225516826477973,0.11741165138722046,0
3872,21.67319,79.8539,25.44158722498498,10.921307250080673,0.10317385162785518,0.08989974201336856,0.2559837476955988,0.16907291030790203,0.4515488807389915,9.019632618386332,0.09601826769017083,0
3873,21.67319,79.87597,23.16135131843379,9.588224229232296,0.05686398854751923,0.0023245823491570144,7.846256140812101e-05,0.2917027610246485,0.53833295995474,6.69919689889915,0.0,0
3874,21.67319,79.89805,20.88135794828832,8.255167249272564,0.09917674587134481,0.23222473516780373,0.0,0.2772148259468002,0.506510464180881,5.789909361619014,0.04506332779051057,0
3875,21.67319,79.92013,18.601696351855274,6.922136322451892,0.36368059640806694,0.0,0.0,0.5834164572916454,0.5538740075450498,10.25971394394368,0.15711049732920326,0
3876,21.67319,79.94221,16.32250559581683,5.58913146102107,0.2591723339195696,0.14898958790439476,0.0,0.5100548788982465,0.3443533359834389,2.572530218956171,0.0,0
3877,21.67319,79.96429,14.044014976268757,4.256152677229828,0.53030603168178,0.028599066067667572,0.07634406956164835,0.3744927942723289,0.3695416575728838,8.899537850248171,0.012883571387481852,0
3878,21.67319,79.98636,11.766631283115807,2.9231999833335136,0.45812542326652467,0.14752164425282208,0.0,0.6021534845023558,0.6304425513253641,8.097984232734724,0.0,0
3879,21.67319,80.00844,9.49115142717429,1.5902733915794651,0.8027369552452149,0.32358728402860576,0.0,0.37047255600407647,0.3922132188390699,14.42188291111306,0.164931622214784,0
3880,21.67319,80.03052,7.219375915957506,0.2573729142252144,0.8993696024577739,0.1866909287155294,0.299730906698152,0.8467782490679254,0.3952898913209466,12.377767840064402,0.0,-1
3881,21.67319,80.0526,4.956401126712447,1.07550143647731,1.0,0.46206250636990437,0.03461495380336821,0.6085814539566221,0.4757514599650108,8.738172545722477,0.04888909681013949,-1
3882,21.67319,80.07468,2.7242478797988583,2.4083496482739557,0.7082341394967575,0.530596693502948,0.6487177531995478,0.4810773103710787,0.29262249110590366,12.846373048355968,0.3019081353199535,1
3883,21.67319,80.09675,0.8283912773480435,3.741171708906544,0.6843435293239217,0.6606299367490187,0.7848618078637193,0.7446965429784933,0.5306778125145671,2.5455050000965223,0.6515255758104376,1
3884,21.67319,80.11883,2.088068260066612,5.073967606121894,0.33859579373566473,0.502284138836834,0.46724267039946576,0.5684406905623305,0.23282561364650442,9.442059982943267,0.7681735999768748,1
3885,21.67319,80.14091,4.294521776298285,6.406737327661229,0.3505047584433854,0.3438335022944923,0.3537613828244639,0.658037873943929,0.4524486422455033,4.132018500905096,0.0,-1
3886,21.67319,80.16299,6.552472549223364,7.739480861268185,0.1575641424337415,0.11791937865509572,0.00500235391199802,0.5603732157166439,0.37809443443182456,5.606340556116693,0.0,-1
3887,21.67319,80.18506,8.822469395027534,9.072198194681581,0.17082868790265204,0.16420591184882954,0.3109264276279309,0.2829608645945145,0.5259000743295497,5.658699935451529,0.09287167864621382,0
3888,21.67319,80.20714,10.844488151506331,10.404889315643938,0.14509801185768006,0.07342970490213549,0.14884603542104868,0.28714205900124556,0.4475394329678125,8.198696076259061,0.0,0
3889,21.67319,80.22922,10.765259047100884,11.737554211896455,0.05428336769081932,0.010681481725184211,0.16535915272743162,0.1869281981183072,0.5134369846203373,11.17144224210956,0.16605736451157407,0
3890,21.67319,80.2513,10.987490342956908,13.070192871175694,0.0,0.35126871178158003,0.20889283703843528,0.07961238691331918,0.6889366414226559,0.4795635943283765,0.003472392418782815,0
3891,21.67319,80.27338,11.660260245633808,14.402805281221916,0.0,0.14839899969012565,0.0,0.5049127703170716,0.4251135929345812,5.976893381229677,0.16666720968637938,0
3892,21.67319,80.29545,12.712237290082065,15.735391429773452,0.0,0.004987495127255492,0.0,0.0,0.4285547416112487,10.292892071508483,0.0,0
3893,21.67319,80.31753,14.058551393562023,17.06795130456589,0.0,0.07526230531756442,0.2535491133305106,0.12599925143903914,0.48656782267748594,2.861302411531635,0.09978970529868238,0
3894,21.67319,80.33961,15.623294766505696,18.40048489333534,0.12187165389762725,0.0,0.1844562240350696,0.13836108226219204,0.7415655587106889,2.514008539232001,0.0,0
3895,21.67319,80.36169,17.347460684546178,19.732992183817583,0.0,0.0,0.0,0.3284489510674844,0.5263345945170325,4.618141049331244,0.3149141140527804,0
3896,21.67319,80.38377,19.188121967809554,21.065473163747896,0.0,0.0,0.10625327097525744,0.39113849789569777,0.7146197693750638,6.021392720110429,0.0,0
3897,21.67319,80.40584,21.11483448531966,22.39792782085983,0.23882908150453738,0.0,0.2688057255711277,0.2692144026884501,0.5193074150666064,5.456946180247374,0.0,0
3898,21.67319,80.42792,23.106081941670297,23.686635050899493,0.0,0.07724524803399624,0.23972336362719754,0.0,0.7122975478572882,2.714882776090727,0.0,0
3899,21.67319,80.45,25.146538229329103,25.029887209116197,0.05395233890438093,0.0,0.0,0.27190894230210044,0.6040088599695923,1.4711374121257248,0.1285784064050643,0
3900,21.69203,78.75,65.34952140856088,79.31364781668655,0.07707987345834603,0.0,0.0,0.1718668479434055,0.6276355792130612,6.423277430692485,0.08633769771297274,0
3901,21.69203,78.77208,63.631150139596556,77.97929301719053,0.079505403717404,0.0,0.0,0.215812098720275,0.34898750181376853,0.9876696857572869,0.0,0
3902,21.69203,78.79416,61.94934101928414,76.64496365066077,0.0,0.4734718989531559,0.0,0.21596111083741215,0.3282127900827295,0.0,0.15953822716092395,0
3903,21.69203,78.81623,60.30715302886962,75.31065972930524,0.0,0.0,0.29247726481880076,0.0,0.6998195848249642,0.0,0.0,0
3904,21.69203,78.83831,58.70791116420713,73.97638126533631,0.0,0.0,0.0,0.09205207919182246,0.6980767361135255,1.5044603658960238,0.06197102685749532,0
3905,21.69203,78.86039,57.15522055745377,72.64212827096569,0.29356366368375486,0.0,0.0,0.23498644415109113,0.8889891452629062,6.883325632435559,0.09954061033398327,0
3906,21.69203,78.88247,55.6529776486054,71.30790075840767,0.0,0.12152274022842963,0.0,0.1339817152670784,0.34194783996566475,0.0,0.0,0
3907,21.69203,78.90455,54.20537693992561,69.9736987398726,0.0,0.21387315321514222,0.0,0.08026332740691168,0.6179880672318998,6.960768745310091,0.14557666508710718,0
3908,21.69203,78.92662,52.81691153667904,68.63952222757756,0.0,0.0,0.0,0.021026128403526828,0.40663500220037174,6.402114913283446,0.0,0
3909,21.69203,78.9487,51.49236535003988,67.30537123373671,0.0,0.20468935300974378,0.0,0.36887705580322555,0.4462783545857469,3.590687581042655,0.05419798932242537,0
3910,21.69203,78.97078,50.236794554998696,65.97124577056535,0.16232805110443105,0.11872258412809486,0.21695834088162527,0.18194073801603167,0.4796393229861253,0.0,0.0,0
3911,21.69203,78.99286,49.05549571942524,64.63714585027948,0.29071470890674433,0.0,0.0,0.15948196923743654,0.6034734360014117,0.0,0.0,0
3912,21.69203,79.01494,47.9539580330343,63.30307148509673,0.0,0.0,0.4959576882785911,0.1809313598759189,0.4569687404160333,1.3607409149215435,0.0,0
3913,21.69203,79.03701,46.93779736586336,61.969022687234165,0.0,0.029053349372365304,0.0,0.11113816680289876,0.5546317804605461,7.5090275612850235,0.0,0
3914,21.69203,79.05909,46.01267057861814,60.63499946890957,0.0,0.14052822520081412,0.31815936093038194,0.08111990812739871,0.6663913556137855,1.5308370252469656,0.22276441748383657,0
3915,21.69203,79.08117,45.18416967702396,59.30100184234407,0.0,0.06372734300271221,0.27848546550622894,0.22544311054755883,0.7078089912626189,1.0027550875387927,0.0,0
3916,21.69203,79.10325,44.4576970832151,57.96702981975779,0.0,0.0,0.0,0.024540736555521192,0.6468414241194473,3.5039415175160658,0.1960051386201158,0
3917,21.69203,79.12532,43.83832543218047,56.63308341336806,0.0,0.0,0.0,0.38674553882760926,0.6131272839214906,0.0,0.0,0
3918,21.69203,79.1474,43.33064770757044,55.2991626353992,0.02666441371359828,0.3172658034149434,0.0,0.277973532990694,0.5300251839126593,2.955294214997168,0.0649952806408456,0
3919,21.69203,79.16948,42.93862588631646,53.96526749807167,0.047544903402192154,0.04050453384259973,0.0,0.42752592851483917,0.47019356946135205,0.9461459392201319,0.0,0
3920,21.69203,79.19156,42.66544812977759,52.631398013608745,0.03892501974989995,0.13945689104845035,0.00022087915795802518,0.41955988162162905,0.6252983836257703,10.014122148431412,0.0,0
3921,21.69203,79.21364,42.513405468782665,51.29755419423377,0.0,0.08681011731092454,0.004490854078800312,0.22961511583405772,0.40270531220334554,0.6442997512316495,0.0,0
3922,21.69203,79.23571,42.48379849517347,49.96373605217082,0.0,0.044240344817349966,0.0,0.0072016992462825835,0.5665097730612411,8.052763887988233,0.336522541969892,0
3923,21.69203,79.25779,42.57688262709108,48.62994359964533,0.08020199980618611,0.017982466366041682,0.45904868664340415,0.2707017152884538,0.3992395201512823,0.07607998122500126,0.0,0
3924,21.69203,79.27987,42.79185720885411,47.296176848881316,0.0018788657910199234,0.14427612023623157,0.0,0.2663054165726544,0.544061226149709,3.730202056900612,0.18454369127820316,0
3925,21.69203,79.30195,43.12689951338989,45.96243581210725,0.10707401909373718,0.11579777964043174,0.013436995850958323,0.15377546205490103,0.4023294166094782,4.355307780749648,0.18678148838171435,0
3926,21.69203,79.32403,43.57924033794177,44.62872050154961,0.09539745621970173,0.04318134427941651,0.0,0.19888276512012484,0.49378093325718986,3.4317834043844275,0.1822864586677994,0
3927,21.69203,79.3461,44.145274073029626,43.295030929434034,0.0,0.0,0.0,0.26580480799515227,0.45523902567942404,3.2823318052873893,0.0,0
3928,21.69203,79.36818,44.82069348303234,41.96136710799097,0.0,0.06301784174958014,0.0,0.13624191961709642,0.4383679034020989,5.324783119280886,0.2887853071296962,0
3929,21.69203,79.39026,45.600638276066334,40.62772904944945,0.0,0.0,0.0,0.3976712729504456,0.5376699378294012,4.183728720664861,0.3219505600703502,0
3930,21.69203,79.41234,46.47984683957465,39.29411676603967,0.0,0.0,0.0,0.08099928755318554,0.2105813512881456,2.664769887491802,0.058739790962810554,0
3931,21.69203,79.43442,47.45280198072728,37.96053026999138,0.09241803889795168,0.43078306112276205,0.1611165187731873,0.07552422967887712,0.29757946943847263,1.3790478804105135,0.0,0
3932,21.69203,79.45649,48.51386369005325,36.62696957353627,0.04438996993102599,0.0,0.04556210310380886,0.07460275127200561,0.6624581838206303,2.722817293611297,0.0,0
3933,21.69203,79.47857,49.65738437678803,35.29343468890732,0.13469061368494267,0.15639879810039115,0.14095254683047675,0.13837687465934712,0.5705961320205244,2.7152747207265513,0.07548194361329676,0
3934,21.69203,79.50065,50.87780432176658,33.959925628334865,0.05106097815455282,0.0,0.0,0.0,0.44868714364455575,2.692591143430244,0.010384707009491977,0
3935,21.69203,79.52273,52.16972700780841,32.62644240405515,0.029387249675600916,0.025226938869212862,0.046311272869428995,0.20240320514355245,0.6863129851415666,3.437922199089203,0.02923465721131439,0
3936,21.69203,79.54481,53.527975404309856,31.29298502830236,0.1493993041339216,0.41597715984353195,0.0,0.11553369867532239,0.46048845207427996,0.0,0.0,0
3937,21.69203,79.56688,54.94763119722298,29.959553513309405,0.06315080225262906,0.0,0.20065901428697197,0.08303624096711865,0.46882185984879826,0.6508074151444134,0.005272127645286159,0
3938,21.69203,79.58896,52.81994370962042,28.626147871313517,0.01664381084174024,0.0,0.06457847277365879,0.04992938008374313,0.44029601491060855,5.53662710470993,0.18301597654374493,0
3939,21.69203,79.61104,50.53951300561708,27.29276811455049,0.18823431293648177,0.005447371431928132,0.0,0.015526013997071625,0.8168826881030936,0.0,0.13042991715557714,0
3940,21.69203,79.63312,48.25915431339979,25.959414255259,0.027034508353062797,0.0,0.0,0.15221128486043947,0.5828499865088408,6.615288421081545,0.0,0
3941,21.69203,79.65519,45.97887839708718,24.6260863056742,0.0,0.1529664687150994,0.0,0.23856742418571847,0.5773055570215309,2.1301332631350176,0.0,0
3942,21.69203,79.67727,43.698698264714665,23.292784278039036,0.0,0.0,0.006372266880336477,0.038190774647729755,0.6151587297580549,8.01709978959401,0.0,0
3943,21.69203,79.69935,41.418629785637464,21.959508184587744,0.11009767717265194,0.12072848823603699,0.0,0.36906325490287695,0.290419739015115,6.972650949823597,0.0,0
3944,21.69203,79.72143,39.13869252359079,20.626258037564032,0.1805842731293077,0.0,0.0,0.2181524752199252,0.4665449974147583,3.0585134160814267,0.0,0
3945,21.69203,79.74351,36.858910878700996,19.29303384920778,0.03406454657945374,0.0,0.15396324644836024,0.2837750308233842,0.6132685321371666,3.473351491648285,0.10136395169225493,0
3946,21.69203,79.76558,34.57931568085113,17.959835631760903,0.20707133889657503,0.0,0.1671032438729693,0.09139179425888537,0.5487966155149597,8.365943551255778,0.0,0
3947,21.69203,79.78766,32.299946457129685,16.626663397465435,0.0,0.0,0.35902353756691774,0.36440147948215784,0.8578401122296069,7.729217711390959,0.0,0
3948,21.69203,79.80974,30.02085473112774,15.293517158563171,0.07151167179442951,0.2802932808921751,0.0,0.09880333435654229,0.47373026589637723,7.174460950226261,0.12136047537626105,0
3949,21.69203,79.83182,27.742108946467173,13.960396927301511,0.09280276009321904,0.0,0.1384459668898515,0.22337881731384016,0.6800823151582787,7.88292355234088,0.0,0
3950,21.69203,79.8539,25.463802030189132,12.62730271592044,0.034661137293673205,0.0,0.0,0.1579855285871361,0.6599704906432925,2.385093154950272,0.0,0
3951,21.69203,79.87597,23.186063407792425,11.294234536669233,0.43829185115099667,0.12938508814105304,0.17761881619874345,0.20915045999780163,0.5657995900237272,6.099673838881766,0.1309150306168158,0
3952,21.69203,79.89805,20.90907885577041,9.961192401791457,0.1821580809233122,0.0,0.0,0.41082310600102456,0.5892847888958832,3.9725602378774902,0.07518604505439008,0
3953,21.69203,79.92013,18.63312487502471,8.628176323534774,0.18846741928514618,0.0,0.0,0.21890019265543512,0.5004117082077142,3.556169363873826,0.0,0
3954,21.69203,79.94221,16.35863167288358,7.295186314146613,0.2995691068286888,0.4393931965073571,0.10731174575300766,0.43651929893476826,0.2606660296019457,7.42752423354025,0.0,0
3955,21.69203,79.96429,14.08630693308023,5.96222238587425,0.12986536772832996,0.0,0.0,0.303023150704587,0.5797682922190001,6.5641997889925925,0.07323316946998873,0
3956,21.69203,79.98636,11.817401678138426,4.629284550969976,0.3711129932600263,0.14784533002052558,0.0,0.5266922893821397,0.5820765208460374,7.948672368793924,0.11012164036468317,0
3957,21.69203,80.00844,9.554352391927969,3.296372821678972,0.6952874954675424,0.20092190998920073,0.043853171998592316,0.8105077726487657,0.5913027063227857,7.939788666161569,0.07908782455837561,0
3958,21.69203,80.03052,7.302605399008353,1.9634872102560113,0.6454315887277339,0.43007482392118573,0.3579843582008796,0.7236939448200667,0.49961602404294375,6.974292673841672,0.10619048212091006,-1
3959,21.69203,80.0526,5.0772208092101225,0.6306277289496628,0.8007653146828962,0.5157961123134699,0.1312404862910548,0.9220598742701845,0.6000480088723464,15.802621151542851,0.06703506100900292,-1
3960,21.69203,80.07468,2.9387117557201874,0.7022056099883806,1.0,0.4564483453236152,0.45802728437507056,0.8448686472861332,0.30620981147230325,11.72963863043441,0.21483633426341564,1
3961,21.69203,80.09675,1.3789898021398463,2.0350127943030007,0.8731927209923597,0.6730170057706678,0.5468575682007683,0.45996010975944834,0.5966407878717122,6.428951738408534,0.44455728386715093,1
3962,21.69203,80.11883,2.3611288731435836,3.3677938117431756,0.6325064195540457,0.5434223145466469,0.6847518430833693,0.47370173383289443,0.2767565241471841,9.66368260328867,0.20277299961975473,1
3963,21.69203,80.14091,4.433506146639893,4.700548650052893,0.4022246790440869,0.5063235181741157,0.5268643197025842,0.3206360574807841,0.4393763967154178,12.294095745856998,0.024740999976949785,-1
3964,21.69203,80.16299,6.644151878083683,6.033277296979149,0.3371082220892286,0.07312622375531552,0.0,0.3439964481689261,0.5792362068210943,10.096391935875538,0.09051585239819632,-1
3965,21.69203,80.18506,7.883442933633427,7.365979740263225,0.1964783838800816,0.5269556616791196,0.39982812454001115,0.3557738138178238,0.4241529898750485,5.6213863610698755,0.23191303219726686,-1
3966,21.69203,80.20714,8.985697841219302,8.69865596765071,0.11525006470521248,0.04214190626018094,0.034003721907832296,0.20211194299555724,0.610128180961611,5.137410571439773,0.0,0
3967,21.69203,80.22922,8.670354832310538,10.031305966884963,0.06256270185381033,0.1557865010225841,0.21262814018106097,0.17550262819229095,0.45486361127084085,3.4640526244210794,0.0,0
3968,21.69203,80.2513,8.944750517055091,11.36392972570531,0.07630396210906483,0.0,0.0,0.2851891142355507,0.5214997663972957,3.6162475139005394,0.09795256071204073,0
3969,21.69203,80.27338,9.759266994905483,12.696527231855379,0.0,0.0,0.20989340405895535,0.23054024893082758,0.48532044629680626,3.4773926578738132,0.2146342249371651,0
3970,21.69203,80.29545,10.994509720974047,14.029098473075962,0.0,0.0,0.6186461481423189,0.3770849613376007,0.4372405483711757,1.0760102815935952,0.31824265904028654,0
3971,21.69203,80.31753,12.526628296183238,15.361643437105432,0.10361188946690382,0.0,0.10745965989441517,0.08138124681369077,0.8403579011321978,3.478580669911345,0.0,0
3972,21.69203,80.33961,14.260252765739486,16.694162111682942,0.09004371705336303,0.0,0.0,0.4057886320076846,0.4138641992693995,5.3025518791053186,0.32750593988544024,0
3973,21.69203,80.36169,16.13054309301107,18.02665448454645,0.2536615151534826,0.0,0.0,0.07299743248081991,0.2163466981528338,3.138023434285276,0.07986571750856246,0
3974,21.69203,80.38377,18.09517200559069,19.35912054343401,0.0,0.1416570856034236,0.0,0.11587955909885973,0.4276902085051114,4.612414383344104,0.13425557207958916,0
3975,21.69203,80.40584,20.126532137540437,20.688435231697348,0.06733895462821182,0.0,0.3103916514072314,0.1955883455418423,0.5613955138403125,8.120516199579336,0.0,0
3976,21.69203,80.42792,22.206317948043008,21.978305940610987,0.06317963224207367,0.0,0.07668966407073635,0.3425806663650528,0.4923010645741831,8.555583557600777,0.07377331635420833,0
3977,21.69203,80.45,24.322109918722454,23.419562970467478,0.0,0.0,0.0,0.02766993058252104,0.689128933879953,3.4904002457245924,0.14476161274277852,0
3978,21.71087,78.75,66.72792470489418,81.01882438712761,0.08932139731454374,0.15886425604911134,0.0,0.0,0.6875027733189509,5.28958200546241,0.0,0
3979,21.71087,78.77208,65.04619967796117,79.68448425816536,0.0930292094660207,0.034392059318891034,0.00306232199100209,0.15810594096582228,0.5054213277655712,2.568004875399599,0.0,0
3980,21.71087,78.79416,63.40215419768834,78.35016956578849,0.039291463612304234,0.0,0.18640696162091192,0.42818001570523945,0.3144829419472891,1.7330186738412727,0.023841126909663654,0
3981,21.71087,78.81623,61.79879556046588,77.01588032220096,0.0,0.0,0.0,0.2518174515595585,0.3703524072349127,0.09798316013254249,0.0,0
3982,21.71087,78.83831,60.2393727059238,75.68161653961238,0.0,0.0,0.22269587812723932,0.07494011682641954,0.5454829418387521,3.227197704654462,0.2150804772169318,0
3983,21.71087,78.86039,58.727385728838264,74.34737823023266,0.0,0.0,0.0,0.09399970310885036,0.3309574332458074,5.821719956778115,0.0,0
3984,21.71087,78.88247,57.2665920754579,73.01316540627188,0.0,0.20912383259061698,0.0,0.3276123222927996,0.49849533450712796,0.0,0.0,0
3985,21.71087,78.90455,55.86100811447131,71.67897807993974,0.0,0.08492286106458316,0.0,0.2438790146313013,0.7489642902801005,2.256685335326117,0.0,0
3986,21.71087,78.92662,54.51490453630869,70.34481626344878,0.0,0.0,0.3497504442734397,0.042882726455833686,0.597973987647754,2.1317406432436186,0.0,0
3987,21.71087,78.9487,53.23279382125632,69.01067996901105,0.052800988080642534,0.0,0.0,0.18014119867583245,0.5563654616429221,3.646093674597083,0.4267128771870154,0
3988,21.71087,78.97078,52.019407864406524,67.67656920883883,0.14360797437215778,0.0,0.0,0.3656998246535844,0.4042574981024445,3.6880718583677408,0.0,0
3989,21.71087,78.99286,50.87966380385811,66.34248399514567,0.0,0.0,0.1905935410768661,0.13109539694214603,0.5754017542334333,4.402473459698089,0.0,0
3990,21.71087,79.01494,49.81861622976202,65.0084243401474,0.034032675333875946,0.0737250229300693,0.04338457971575117,0.10353957639386939,0.5137570719657817,7.938719267272066,0.0,0
3991,21.71087,79.03701,48.841394323466275,63.67439025605651,0.0,0.0,0.0,0.5129130812439806,0.5833508281242954,0.7443253553638969,0.315931057599322,0
3992,21.71087,79.05909,47.95312315120273,62.34038175508958,0.0,0.33309470152977655,0.19308944045895549,0.22428062505881685,0.6517260771256133,0.6026546056323161,0.11864806426312849,0
3993,21.71087,79.08117,47.1588293561993,61.00639884946379,0.0,0.20018518482012276,0.20261026061533588,0.03647869117496794,0.675660122341175,3.6533923628891234,0.24837356678931094,0
3994,21.71087,79.10325,46.46333285340815,59.67244155139747,0.07227542518751166,0.20966767112916265,0.06644961741865076,0.23525767479968338,0.5679580090136732,6.788959447670745,0.0,0
3995,21.71087,79.12532,45.87112776085431,58.338509873104854,0.0,0.10759515011471585,0.0,0.17503913836642934,0.6215735419775077,0.0,0.0,0
3996,21.71087,79.1474,45.386257545174416,57.00460382680787,0.1214740440625709,0.0,0.0,0.39043980870601686,0.4782189875593176,3.8775448955659684,0.0,0
3997,21.71087,79.16948,45.01219097580952,55.670723424723654,0.0,0.09589381675070044,0.05715847200415113,0.04214950271849776,0.7084493037534951,2.4950487986751444,0.0,0
3998,21.71087,79.19156,44.75170667343553,54.336868679072694,0.0,0.0,0.0,0.2947670876651315,0.42568738188116917,5.242638431398482,0.0017551260355387031,0
3999,21.71087,79.21364,44.60679450096233,53.00303960207625,0.0,0.26118650038778524,0.26579731289703884,0.026961798928303693,0.5208363222373518,4.658216346985379,0.0,0
4000,21.71087,79.23571,44.57858155099669,51.66923620595574,0.030566534775144164,0.0650872662686469,0.3402833904105338,0.3025928346174548,0.7230078144074654,3.155046948166049,0.09451958046491105,0
4001,21.71087,79.25779,44.667288954880426,50.33545850293296,0.10765350752689119,0.04245105384810903,0.0,0.306340826732262,0.48245033665108855,4.301079169088647,0.0,0
4002,21.71087,79.27987,44.87222330053206,49.001706505229784,0.033082433015759576,0.020888454260150492,0.07144991198575512,0.10781412469445147,0.36217700870666913,1.327351844015547,0.0,0
4003,21.71087,79.30195,45.19180342489788,47.667980225071865,0.2690143491923344,0.27909787488850907,0.2373764943534029,0.4422342688316055,0.49238782850075286,5.125667623708175,0.0,0
4004,21.71087,79.32403,45.62362020477513,46.33427967468262,0.17201729979222977,0.0,0.39131193703996714,0.2821612682462721,0.7447431019840184,6.657247072069033,0.03280574390422066,0
4005,21.71087,79.3461,46.16452419916055,45.00060486628525,0.0,0.2950349164556562,0.31157732504931435,0.0,0.23200582100223677,3.321054771165984,0.016921452191619023,0
4006,21.71087,79.36818,46.810734000219746,43.666955812108085,0.0,0.0,0.0,0.08715472675880348,0.5642532445412067,2.009645735723292,0.1746287162947605,0
4007,21.71087,79.39026,47.55795715443963,42.33333252437649,0.057226209834385484,0.0,0.0,0.6234121649425253,0.46116728403799956,2.704159492973101,0.2475193167816669,0
4008,21.71087,79.41234,48.40151553742647,40.99973501531852,0.0,0.0,0.10025820353342627,0.35680685778131604,0.5264684760956784,5.147817982139914,0.0,0
4009,21.71087,79.43442,49.33646794078405,39.66616329716031,0.14130004615584402,0.0,0.0,0.3166532315305209,0.5011501422239509,3.0008352247758143,0.0037640049883307723,0
4010,21.71087,79.45649,50.35772408018543,38.33261738213169,0.04507238508092822,0.10666247455934638,0.3566378207593358,0.0,0.6844223637744455,0.00813195765478314,0.0,0
4011,21.71087,79.47857,51.46014595081736,36.99909728246286,0.03287360342794754,0.0,0.3259441637340006,0.429838054494445,0.5574954380277576,5.622993215537724,0.0,0
4012,21.71087,79.50065,52.63863416599333,35.665603010380885,0.08505526239867009,0.02988406916158679,0.0,0.15476087118158693,0.6914438990830102,0.6157081101810382,0.0,0
4013,21.71087,79.52273,53.88819841887851,34.33213457811951,0.21001267062479145,0.18489682047023212,0.0,0.18746505993928275,0.7297532598021573,4.302087083504041,0.25065893458760513,0
4014,21.71087,79.54481,55.20401239525481,32.99869199790959,0.02460230471567934,0.0,0.0,0.025293109461787644,0.5541653864115748,0.0,0.0,0
4015,21.71087,79.56688,55.187448936166604,31.665275281982783,0.0,0.0,0.0,0.2787434745594998,0.49965005188172346,3.548023165285907,0.0,0
4016,21.71087,79.58896,52.911009851202586,30.331884442572086,0.18742171891197698,0.0,0.0,0.0,0.6027761518328013,3.1318722009656836,0.0,0
4017,21.71087,79.61104,50.634985132585406,28.99851949191204,0.12406795813686271,0.0,0.1909319019387524,0.11696658605448464,0.6297829272432129,0.0,0.14587091494051346,0
4018,21.71087,79.63312,48.359433335942754,27.665180442236764,0.0,0.4197200016495776,0.0,0.18152210519598977,0.38847610221641765,4.281478182684916,0.0,0
4019,21.71087,79.65519,46.08442456659463,26.33186730578088,0.013039923012719296,0.13377640203087351,0.0,0.0,0.5829566063119409,0.6190769086646779,0.020431180516317787,0
4020,21.71087,79.67727,43.810043470864144,24.99858009478127,0.03895323294627474,0.0,0.0,0.6007068084866216,0.5143667706551678,3.7800320234702274,0.0,0
4021,21.71087,79.69935,41.53639320616037,23.665318821472432,0.06278387336317137,0.0,0.0,0.1759557603236955,0.49095418809951136,2.5785344787285,0.0915770848534924,0
4022,21.71087,79.72143,39.263600784248816,22.332083498094615,0.0,0.008551717118811234,0.0,0.11897559012212588,0.45297993956529814,0.0,0.035390454289128744,0
4023,21.71087,79.74351,36.99182437444633,20.99887413688404,0.0,0.03899283967510472,0.038394541756085324,0.16520084871374996,0.4619789623343861,1.1539691776329781,0.14156685042538153,0
4024,21.71087,79.76558,34.72126345781501,19.665690750081083,0.0,0.0,0.0,0.48773603432677587,0.7251762098820237,1.5014184567883406,0.0,0
4025,21.71087,79.78766,32.45217321721276,18.332533349923523,0.0,0.11031115935956183,0.0,0.19412168918385203,0.49814555043808073,6.728108647589097,0.0,0
4026,21.71087,79.80974,30.184885371357044,16.999401948652892,0.0,0.0,0.0,0.21414845843571675,0.708819493469472,6.534368705345651,0.15439488769874338,0
4027,21.71087,79.83182,27.919839076802745,15.666296558510558,0.14962269219844748,0.0,0.0,0.0,0.5664377136986714,10.284282526106104,0.0,0
4028,21.71087,79.8539,25.657628042520074,14.33321719173643,0.07146182811954771,0.10213075482178825,0.0,0.0058652195700641535,0.38864107823944616,3.4997235405975373,0.008627068621096853,0
4029,21.71087,79.87597,23.39907467022133,13.000163860575734,0.13812306802360927,0.0,0.0,0.33382425569460855,0.5726585226015598,3.7082836564119503,0.0,0
4030,21.71087,79.89805,21.145351079743744,11.667136577269286,0.0,0.17859045267520107,0.15492717070198853,0.377073333350312,0.3777963344420886,5.812428452543512,0.0,0
4031,21.71087,79.92013,18.898185346599988,10.334135354062585,0.12324771953312022,0.07306736419382011,0.0,0.2409227892903047,0.6264273707670992,4.931065444598625,0.18990464370793292,0
4032,21.71087,79.94221,16.660231348181338,9.001160203199706,0.2935579376747651,0.0,0.0,0.30475814130985146,0.5084630812440136,4.795824279166604,0.0,0
4033,21.71087,79.96429,14.43577401602975,7.668211136927062,0.34997842307554305,0.1336945756636089,0.0,0.47600238055311406,0.6516897234221268,6.980463152772647,0.0032758832011046245,0
4034,21.71087,79.98636,12.232178849202256,6.335288167490996,0.2609368198090074,0.0,0.24831461321246634,0.4934201627168759,0.7246567555819314,9.281160864448577,0.06152796379644647,0
4035,21.71087,80.00844,10.063160221233844,5.002391307135434,0.45382451975165056,0.30531257389777755,0.0975179335390422,0.4449396292871943,0.2696721227061948,2.670842297787135,0.18957995918912768,0
4036,21.71087,80.03052,7.957044372208091,3.6695205681125724,0.8063511269986094,0.22083083932402087,0.39840920997831925,0.6510352824874506,0.43234140547118066,7.498736781795737,0.05255735153803501,-1
4037,21.71087,80.0526,5.980659217690893,2.3366759626687283,0.6753203206298436,0.6510085726471148,0.039201399615734156,0.6256185004398205,0.30686215970768044,6.29476601814335,0.28178406314761617,-1
4038,21.71087,80.07468,4.316061029192849,1.0038575030519323,0.7627552486199407,0.6468755024896222,0.3551179202946779,0.8134058145225048,0.7547421881504024,10.650141899197926,0.19521828698622806,-1
4039,21.71087,80.09675,3.4488911084308715,0.32893479848545903,0.9258017090488309,0.38688534310547357,0.3121449886719975,0.6391657274604533,0.3757944898544217,12.801841647591603,0.2804304192638056,1
4040,21.71087,80.11883,3.9455907067330185,1.6617009296942842,0.7691535362204815,0.1594799763004831,0.14521410542400714,0.5875258152621594,0.26226547051784244,13.386729679658895,0.2397461840107873,1
4041,21.71087,80.14091,4.99611645896019,2.994440878322104,0.5889526774016787,0.26621287916793024,0.30903771355334997,0.4626363983131953,0.7766714890225956,8.32502772985571,0.27278640050644404,-1
4042,21.71087,80.16299,5.087131819330555,4.327154632118951,0.48240961557949247,0.1604039710585014,0.6638319232837723,0.4509558177156371,0.36268328418790025,8.840933774459472,0.25030810548374915,-1
4043,21.71087,80.18506,6.098982371646316,5.659842178827699,0.21612453551949176,0.5785965573313323,0.09335402626005782,0.5483924248673095,0.25056744754935645,3.425214909643654,0.0,-1
4044,21.71087,80.20714,6.985996220524794,6.992503506197691,0.19627688211824534,0.23345039853754287,0.19913361088938686,0.16770365426260742,0.32539793140595114,4.90106673230737,0.12983793474443994,-1
4045,21.71087,80.22922,6.575496918878593,8.325138601974752,0.23177277539684296,0.38257641888326555,0.0,0.5439496379473594,0.5032001144696675,7.107296932617556,0.19345644226363407,-1
4046,21.71087,80.2513,6.933255763703723,9.657747453901573,0.1801305144381741,0.16167543077802182,0.0,0.22802681292825186,0.49342731512974,2.5441361707409063,0.33043555129925073,-1
4047,21.71087,80.27338,7.956303812635852,10.990330049723049,0.09219491237980926,0.13715589919349697,0.03084475114588711,0.043849807274322444,0.3798548675667877,8.870254881894624,0.0,-1
4048,21.71087,80.29545,9.430554810932662,12.322886377183258,0.10700316266417552,0.11933819885765828,0.054025301571627965,0.20225085919743346,0.4405574092151624,6.649913631984018,0.13345742989651077,0
4049,21.71087,80.31753,11.178900483135635,13.655416424024795,0.11002593435135305,0.26825065747383875,0.02368659824091958,0.2102376640204342,0.526394739465029,2.621878960747203,0.0,0
4050,21.71087,80.33961,13.091987073568395,14.987920177988425,0.18898004190873402,0.11667616282456514,0.028808714034002376,0.19033331685358007,0.7127845973010404,0.8485374987773864,0.047315621363283836,0
4051,21.71087,80.36169,15.107358857987473,16.320397626814366,0.0539649807491385,0.0,0.0,0.2633606029246166,0.5805331911990508,2.597747990438562,0.0,0
4052,21.71087,80.38377,17.189075403950454,17.65284875824463,0.10064502467680488,0.2973249113170548,0.0,0.34208636535841397,0.45975839796926765,1.927685142114993,0.003013525649302216,0
4053,21.71087,80.40584,19.315697991555155,18.941638402873956,0.0,0.0,0.1242227497089618,0.16756689092745597,0.5100237440850891,0.9328267139366044,0.053835643239726526,0
4054,21.71087,80.42792,21.473889192626967,20.342394836503754,0.10234671195448064,0.0,0.0,0.14852433952053046,0.6521785697009506,0.28119769492379154,0.0,0
4055,21.71087,80.45,23.655009953883518,21.89142399944347,0.07111594104389807,0.0,0.0,0.1639687120363606,0.7813294396138442,3.191407369542434,0.23261436424524393,0
4056,21.72971,78.75,68.14286169896637,82.72391957063441,0.10389906897332403,0.10151203916953279,0.058572081266695546,0.2593800021161017,0.3953524573402061,4.9047951283954925,0.0,0
4057,21.72971,78.77208,66.49714739017067,81.3895941188745,0.08561654026139959,0.01617160777861702,0.0,0.4385669013853898,0.7059722611247287,1.1522498292459664,0.08600906483135842,0
4058,21.72971,78.79416,64.89008530109936,80.0552941073145,0.07064987948540115,0.0159994444239677,0.06831089371087055,0.1625555111555298,0.5062070136598387,4.157930785224353,0.0,0
4059,21.72971,78.81623,63.324618299714366,78.72101954815652,0.0,0.0,0.0,0.2895620837960903,0.32260302640869265,2.1492998165111086,0.0,0
4060,21.72971,78.83831,61.80390725756897,77.38677045360656,0.029395210809751,0.0,0.1777004558030034,0.0,0.2948804177354762,4.593682787680812,0.07674191186355453,0
4061,21.72971,78.86039,60.33133665583023,76.05254683587212,0.1276241984517288,0.0,0.07317392406696965,0.11618171761159832,0.7367758555242403,0.9570828258283473,0.11402058517989443,0
4062,21.72971,78.88247,58.9105166971809,74.7183487071605,0.0,0.07412800502687329,0.011150919289799997,0.1848418235651355,0.7534591399266917,3.7328099116026072,0.0,0
4063,21.72971,78.90455,57.545280781625344,73.38417607967843,0.0,0.10228521807203801,0.22498646983418216,0.09724934305369831,0.4703147777301526,3.314930170806708,0.0,0
4064,21.72971,78.92662,56.239677043683905,72.05002896563627,0.02177786094796087,0.0,0.0,0.20927567835972305,0.520282756284644,6.545032968695146,0.09079098159705136,0
4065,21.72971,78.9487,54.997952523000876,70.71590737724338,0.049841173309954113,0.15186702449212391,0.0,0.09759752516205326,0.30044884641563496,4.456214465237704,0.1521061118880907,0
4066,21.72971,78.97078,53.82452848125158,69.3818113267087,0.0,0.0,0.27455383102434916,0.23516956818256113,0.6566603179506351,3.669657124291046,0.22073830712258466,0
4067,21.72971,78.99286,52.72396542417476,68.04774082624334,0.0,0.0,0.3682080976887279,0.05466598993077376,0.5459962012327386,0.0,0.0,0
4068,21.72971,79.01494,51.70091658304449,66.71369588806006,0.0,0.0318080589897051,0.0,0.19805552746646693,0.3326449781734301,1.639786545824906,0.0,0
4069,21.72971,79.03701,50.760068999119994,65.3796765243693,0.0,0.0,0.0,0.3042580416603857,0.5786213521581356,0.925265108231276,0.0,0
4070,21.72971,79.05909,49.90607197306922,64.04568274738486,0.0,0.037321178971202906,0.2091002098773704,0.2626191977048859,0.3554301617533977,0.8695732646920731,0.0,0
4071,21.72971,79.08117,49.14345350300391,62.71171456932059,0.0,0.0,0.0,0.1064978061306035,0.6279940843590863,3.0487915035986455,0.0,0
4072,21.72971,79.10325,48.476526418121786,61.377772002392376,0.0,0.0,0.11903662199903148,0.0570257416098337,0.3983451516998099,3.6359627251904696,0.13840259241199662,0
4073,21.72971,79.12532,47.9092871495363,60.04385505881174,0.16995478225271138,0.0,0.15621255929447894,0.4055443768008793,0.597121568984339,3.73924496869067,0.0,0
4074,21.72971,79.1474,47.44531133973077,58.70996375079758,0.0,0.0,0.0,0.3395420503041078,0.4585018628155203,6.292973042483258,0.0,0
4075,21.72971,79.16948,47.08765160095124,57.37609809056513,0.0,0.25773912516720565,0.08400801499860677,0.1185394636945546,0.2187240020241918,4.272558793856608,0.0480059128997814,0
4076,21.72971,79.19156,46.83874348611417,56.04225809033133,0.0,0.0,0.0,0.06771874065533562,0.6893811632823873,0.0,0.0,0
4077,21.72971,79.21364,46.70032593877055,54.70844376231494,0.0,0.1032479506014715,0.0,0.1401525757523834,0.6970474947776442,3.547226347284596,0.0,0
4078,21.72971,79.23571,46.67338200558712,53.374655118734665,0.0,0.37669316331423314,0.0,0.17602771662044717,0.4768666339562968,4.5432952950510215,0.0,0
4079,21.72971,79.25779,46.75810439447311,52.04089217180927,0.0,0.06502916504208348,0.0,0.022042502407114084,0.588336985154964,6.3094254418568045,0.0,0
4080,21.72971,79.27987,46.95388864411772,50.70715493375848,0.133134926231561,0.0,0.1858608211658458,0.24032321447833777,0.6112650412723213,2.631265932587517,0.0749550928836785,0
4081,21.72971,79.30195,47.25935446228767,49.3734434168052,0.1035409304311567,0.0,0.19242000957724487,0.0,0.6157926159447956,2.6616862536222397,0.0,0
4082,21.72971,79.32403,47.67239350140973,48.039757633169515,0.009676054021715317,0.0007269307946611216,0.15012022607529832,0.018566934565681162,0.791512932228605,5.8483910811301545,0.07229422068521296,0
4083,21.72971,79.3461,48.19023979919761,46.70609759507219,0.0,0.0,0.08814741488946605,0.22335132247034664,0.6082867409985594,3.5144865360461237,0.14795370752558362,0
4084,21.72971,79.36818,48.80955759329289,45.372463314738795,0.12366255456766011,0.0,0.08267719460049494,0.21129089130769182,0.4998693780219257,0.0,0.17929060619922718,0
4085,21.72971,79.39026,49.52654038593273,44.03885480439167,0.0,0.15866051435622855,0.0556103424882138,0.07797440670988802,0.6098562418177627,0.0,0.027570003950045902,0
4086,21.72971,79.41234,50.33701501812382,42.705272076257025,0.0,0.16538875107127865,0.08160420149526972,0.0,0.48976183090735537,7.864273226306379,0.0,0
4087,21.72971,79.43442,51.23654502249395,41.37171514255734,0.0,0.0,0.09514451424377143,0.005882491279497137,0.400783319579264,0.0,0.0,0
4088,21.72971,79.45649,52.22052848732536,40.03818401552001,0.0,0.0,0.0,0.3131453922944645,0.7207304442711964,2.670494271254243,0.0,0
4089,21.72971,79.47857,53.28428687578903,38.704678707371905,0.0921365242430666,0.0,0.0,0.07741772556659282,0.624754659331427,5.418157697789471,0.0,0
4090,21.72971,79.50065,54.42314251030707,37.3711992303388,0.27515698554355567,0.09819494599816733,0.0,0.07019156182125554,0.28935026405874653,0.0,0.01590505407753874,0
4091,21.72971,79.52273,55.63248360042924,36.03774559665054,0.009856449002743937,0.18565695420540596,0.2214613759955947,0.1813107091319048,0.4542680318566259,0.35209325846660056,0.30199090392070554,0
4092,21.72971,79.54481,56.90781666666377,34.7043178185358,0.0,0.43558089360785457,0.33084569503617106,0.008986042136784791,0.6560545358374525,0.0,0.03390490811947829,0
4093,21.72971,79.56688,55.353667190789416,33.37091590822291,0.0,0.0,0.0,0.17209196547196898,0.33104486111592346,7.903693722305141,0.0,0
4094,21.72971,79.58896,53.08466001305235,32.03753987794242,0.0710324250747096,0.0,0.3130143723835089,0.10843625919199314,0.44456060329273545,8.50322000004729,0.1539026817159105,0
4095,21.72971,79.61104,50.816717093320314,30.70418973992581,0.0,0.09955751149625702,0.01742198314820126,0.1921359977701909,0.9,1.3880558356808295,0.0,0
4096,21.72971,79.63312,48.54998762695844,29.37086550640505,0.07352424190845075,0.0,0.20266130627543277,0.5089711698255153,0.5035870399650935,4.851008202453779,0.1667262593486631,0
4097,21.72971,79.65519,46.28464994554229,28.037567189612016,0.10747026167145532,0.0,0.10147057724578712,0.16767391482620445,0.7014878336504469,4.200254952484229,0.15486759398031857,0
4098,21.72971,79.67727,44.02091896492144,26.704294801780257,0.06402374482779691,0.0,0.28834636202922376,0.0,0.7599351561760268,2.732987851986982,0.009441947021669759,0
4099,21.72971,79.69935,41.75905603020485,25.371048355141784,0.0,0.0,0.042351839371295864,0.3721599549025891,0.42262051069717926,0.0,0.3350039489399138,0
4100,21.72971,79.72143,39.49938210370371,24.037827861933817,0.08599340698392897,0.03214395812536564,0.0,0.009428898985015935,0.5870144656338856,9.62213460868417,0.1784457761391608,0
4101,21.72971,79.74351,37.2422956914199,22.704633334390426,0.04324178821087766,0.0,0.0,0.37088803324663355,0.8378318240653901,0.0,0.007279121535535624,0
4102,21.72971,79.76558,34.98829760691009,21.371464784749218,0.0,0.2208044250290281,0.10451261694920148,0.0,0.6137466597823414,4.388932478702021,0.0,0
4103,21.72971,79.78766,32.73802579674162,20.038322225244634,0.25749634699769414,0.021510853989407563,0.0,0.3013323190981623,0.8803187842049617,2.2874140962810774,0.0,0
4104,21.72971,79.80974,30.49230529785625,18.705205668115738,0.0020646565106470227,0.0,0.13467485244735852,0.13265153838914173,0.4595937404900504,6.7471811226357215,0.0,0
4105,21.72971,79.83182,28.252221509856295,17.372115125600853,0.14836981052036294,0.0,0.0,0.3145001235185898,0.7997902990367987,6.505488173801838,0.0,0
4106,21.72971,79.8539,26.019230375502268,16.039050609937735,0.0,0.0,0.0,0.1319353515315313,0.5497180116230945,1.969619176751653,0.0,0
4107,21.72971,79.87597,23.795328787667117,14.706012133368842,0.2393836676482726,0.0,0.0,0.10420939836587628,0.5003625510220019,2.7019945760652657,0.0,0
4108,21.72971,79.89805,21.583326685914876,13.372999708131635,0.2839056077738379,0.15206789488158473,0.0,0.3219613398703298,0.6341257453082227,1.0063162901747287,0.0,0
4109,21.72971,79.92013,19.387297581797455,12.04001334646916,0.1380158042081065,0.021819718138316978,0.06447664299049512,0.2401887761513318,0.5264939320767331,5.868333425796483,0.0,0
4110,21.72971,79.94221,17.213355977932753,10.707053060622732,0.23493202003901537,0.22331125877753993,0.0,0.0,0.5268080231933495,7.587168974974292,0.0,0
4111,21.72971,79.96429,15.071063066037086,9.374118862835703,0.2766639939349798,0.0,0.0,0.09815065323910857,0.6017032604139863,5.027779007894264,0.07575020196414929,0
4112,21.72971,79.98636,12.97610352463348,8.04121076535256,0.1846588066105049,0.08195839350829723,0.0,0.7912795739435455,0.2739140314276859,6.046616129855964,0.029987277276517205,0
4113,21.72971,80.00844,10.95566462798141,6.708328780413564,0.3925697694891291,0.08048347862605532,0.0,0.1592463507813376,0.40597503211548386,12.231430161845108,0.010982827162217226,0
4114,21.72971,80.03052,9.05974156358198,5.375472920268452,0.31119939938868224,0.3584932883145783,0.39352970283083255,0.4929300194855403,0.6069861297967567,10.387001694513362,0.1943903544768683,0
4115,21.72971,80.0526,7.384866466423142,4.04264319716048,0.4367302665606614,0.37684348166348874,0.0,0.4541752871732961,0.6304031386617679,12.24753447256187,0.0,-1
4116,21.72971,80.07468,6.11543903445343,2.7098396233355166,0.7718165156154173,0.44351609703121186,0.4037791886390063,0.813458236754554,0.5278380482627042,3.830762468704507,0.008241819661471875,-1
4117,21.72971,80.09675,5.537683912847532,1.3770622110428554,0.9118816493171688,0.6449440410266166,0.8620590143844171,0.5476179393416206,0.5091526355009014,12.145813416967009,0.0,-1
4118,21.72971,80.11883,4.2745203414123045,0.04431097252919409,0.9078769809593171,0.44733422129986444,0.6584660300108715,0.612882485892781,0.5082367313788125,12.609366266893039,0.3700774392658321,-1
4119,21.72971,80.14091,2.964717867884644,1.2884140799563935,0.7187254921735495,0.7838385663560766,0.4933492244272568,0.7414534126745922,0.5620702221672398,7.544399210525633,0.3969559066195235,1
4120,21.72971,80.16299,3.1156319171568008,2.6211129341664035,0.5685953493735677,0.35726292943968674,0.6257032351059124,0.5417196502075895,0.23133737451463163,7.011927413039162,0.500140977003265,1
4121,21.72971,80.18506,4.585232246201443,3.9537855778467765,0.6053036818535666,0.21792666202804523,0.07362198861896985,0.27771414404084754,0.385532872554321,8.232398394536283,0.4420727808715832,-1
4122,21.72971,80.20714,5.063928962434029,5.286431998749021,0.29434032903520124,0.4610200937283435,0.00390463568122551,0.5030497026127281,0.4535814841814618,4.512838685473645,0.09682117187565088,-1
4123,21.72971,80.22922,4.4807502482540364,6.619052184621727,0.37462128987635407,0.11320357571461725,0.3599637574720578,0.2666910430895526,0.4826336621538122,5.236985908907403,0.08080066365272258,-1
4124,21.72971,80.2513,4.990928275811997,7.951646123210957,0.35535166229754467,0.39953641211959545,0.4025664318435401,0.17155156014789189,0.16759941520759264,5.519801049997375,0.0,-1
4125,21.72971,80.27338,6.335621772111497,9.284213802264073,0.2022176864759766,0.2484195690366313,0.47170154535739195,0.5119051682804219,0.304391632893833,7.699142263420482,0.0,-1
4126,21.72971,80.29545,8.109829654906362,10.61675520952822,0.29163277317159503,0.33656055593576556,0.0693594357531456,0.4395570957609502,0.49590435308738867,3.9288103198035795,0.01700673635404914,0
4127,21.72971,80.31753,10.089453201673964,11.949270332748164,0.09996716616899075,0.10682861904530808,0.1664406539048413,0.24726177157538856,0.654623586821445,4.222966964945541,0.0,0
4128,21.72971,80.33961,12.174698728766906,13.281759159667436,0.08364086457864144,0.09223670046596955,0.11926907039973692,0.3358745241373478,0.46504408486838544,7.720734554388708,0.0,0
4129,21.72971,80.36169,14.319497399261728,14.61422167802963,0.0,0.14262462480059793,0.032929775591195774,0.19105059822276402,0.43824672138145243,0.18725549990685053,0.0,0
4130,21.72971,80.38377,16.500642855473643,15.928288575908134,0.19238017509404753,0.0,0.02533002433745155,0.4345053272698566,0.6112293801261792,5.12423308056959,0.14922521992117183,0
4131,21.72971,80.40584,18.705424731746106,17.272458599682317,0.0,0.0,0.0,0.1559187971368671,0.49521715074768713,5.333018398803918,0.0,0
4132,21.72971,80.42792,20.926373394311117,18.797818145462468,0.08556077961777574,0.10376625591395677,0.07375248739627055,0.37699744116721684,0.6672117413073423,5.198446642522875,0.02224877441563207,0
4133,21.72971,80.45,23.158838053297558,20.463890116208578,0.024461856912371717,0.016973245642273586,0.050878805432966974,0.0,0.5147999785124753,2.6227925522571987,0.29913768826987336,0
4134,21.74855,78.75,69.59210403224549,84.42893329923157,0.0,0.0,0.0,0.0,0.39386794405395387,0.23211517491014932,0.0,0
4135,21.74855,78.77208,67.98169476809323,83.0946225313499,0.0,0.0,0.13315828148536252,0.4714082621652451,0.7488810776896165,6.951618503584396,0.1737396285677152,0
4136,21.74855,78.79416,66.41077392375999,81.76033720727965,0.16594587646938871,0.25513867564033593,0.20557087932021295,0.0,0.7232134112848457,0.7741325946256143,0.06092363225951672,0
4137,21.74855,78.81623,64.88220986285842,80.42607733921989,0.024200413689384876,0.0,0.13548128229208153,0.08645237944134349,0.4162288487550237,0.09690683487086948,0.20264500313363457,0
4138,21.74855,78.83831,63.39906638240937,79.09184293937452,0.0,0.0,0.0,0.0,0.6053933508999452,3.053896202415481,0.15470279222270003,0
4139,21.74855,78.86039,61.96460506916072,77.75763401994799,0.036641747984916956,0.0,0.019939391053877178,0.026349195830679545,0.5042597425539683,1.0798741813820414,0.0,0
4140,21.74855,78.88247,60.582284126069034,76.42345059314519,0.0,0.0,0.0,0.0,0.6366607375394973,5.733937027716511,0.0002882836856401128,0
4141,21.74855,78.90455,59.255752692986974,75.08929267117017,0.4144892398726493,0.10512260734051188,0.01932770253543903,0.24970520204959018,0.42739333764176923,2.3126873888226447,0.0,0
4142,21.74855,78.92662,57.98883958485685,73.75516026622887,0.03421944684946222,0.13381685248176364,0.0,0.05157855628409487,0.6720452126090455,6.071715432684062,0.0,0
4143,21.74855,78.9487,56.785535310142656,72.42105339052961,0.0,0.017344599336279264,0.25545891899964285,0.14872503433856601,0.7172776928605995,4.169695308902243,0.00467974947942738,0
4144,21.74855,78.97078,55.64996623680704,71.08697205627854,0.17041050420771758,0.1529686347662271,0.15669856552468836,0.18277414457079622,0.41735326874118894,1.9939941743570193,0.04857400462108176,0
4145,21.74855,78.99286,54.58635987173236,69.75291627568404,0.0,0.11703861028045597,0.23063701787648197,0.2721843928411737,0.5594556365498661,5.900318947372943,0.12630987509948308,0
4146,21.74855,79.01494,53.59900044282322,68.41888606095553,0.011329579066209645,0.17812144557419432,0.21039127474803948,0.27063133710614995,0.7202087127516154,1.3123183314637807,0.25326846429225797,0
4147,21.74855,79.03701,52.692174348417765,67.08488142430103,0.23934535844983043,0.1575468823799013,0.0,0.08078049688403674,0.40977854298267835,2.1728405776028086,0.0,0
4148,21.74855,79.05909,51.870105583626916,65.75090237793125,0.0,0.25126564292639153,0.0,0.11770053660669122,0.45632907409987344,4.381859255685003,0.18316319131832987,0
4149,21.74855,79.08117,51.13688196660385,64.416948934058,0.0,0.0,0.34841807977793904,0.20856593310673333,0.6426035450789271,3.5962359833617956,0.04276874124941696,0
4150,21.74855,79.10325,50.49637384113479,63.08302110489436,0.0,0.0,0.0,0.2251259796008521,0.5274592649338512,1.2565465152629562,0.0,0
4151,21.74855,79.12532,49.95214786242956,61.749118902648526,0.17457608443783107,0.10630894379839746,0.0,0.2375632150294258,0.3294130733412337,0.0,0.0,0
4152,21.74855,79.1474,49.50737938185361,60.41524233953696,0.04517071575152002,0.12502294876455414,0.20159194220153917,0.36157416662604464,0.5051170674736893,2.9624641492656894,0.018541309143644893,0
4153,21.74855,79.16948,49.164767705690025,59.08139142777189,0.0,0.251357802639219,0.028860066262566007,0.03347421787724296,0.7944464113912724,1.122177116477408,0.0,0
4154,21.74855,79.19156,48.92645897296338,57.74756617956809,0.0,0.20519334758986102,0.30129840395392654,0.256140690402736,0.8387468745896056,3.0917897930298555,0.0,0
4155,21.74855,79.21364,48.793981452245205,56.413766607141284,0.0,0.31149585085633597,0.04870618621227915,0.3504307232276086,0.46074912583880834,1.922529038586416,0.0,0
4156,21.74855,79.23571,48.76819761689243,55.07999272270772,0.043446826744653846,0.09943619408133983,0.0,0.3152465265446994,0.4220787280772773,1.1541097571211774,0.0,0
4157,21.74855,79.25779,48.849276414272936,53.746244538482856,0.1607122770170985,0.03691557499891029,0.30533528949887473,0.17873011615684223,0.48582008870752336,2.3257406644414322,0.0,0
4158,21.74855,79.27987,49.03668777555336,52.41252206668367,0.1264515500964764,0.0,0.0,0.06873483568878219,0.8022096125820792,2.8357085618570848,0.1968658308959001,0
4159,21.74855,79.30195,49.32921977723345,51.078825319530914,0.054922274627773576,0.0497204798539891,0.0,0.29940423411672296,0.6678393580057181,4.837887839089893,0.0,0
4160,21.74855,79.32403,49.72501717569441,49.74515430924192,0.0,0.0,0.0,0.0,0.7549215901501127,4.1360838090486105,0.017803897836541988,0
4161,21.74855,79.3461,50.22163851459564,48.41150904803414,0.0,0.034432864570168024,0.0,0.4896277265784537,0.6897691155089148,8.48700967146684,0.08453071414784624,0
4162,21.74855,79.36818,50.816127840881514,47.07788954813068,0.06438143342888689,0.009419783927617175,0.17471300237109633,0.34945566330054395,0.3652470541572246,3.4158730022785777,0.0,0
4163,21.74855,79.39026,51.50509637766251,45.744295821751145,0.0,0.07630083157945775,0.0,0.18670866742843428,0.4171238956535225,1.30620764324907,0.0,0
4164,21.74855,79.41234,52.28480932427214,44.410727881118696,0.0,0.0,0.18113311200212823,0.16883461495175162,0.4525029102313803,2.632377512496652,0.0,0
4165,21.74855,79.43442,53.15127323716836,43.07718573845367,0.03726007872370924,0.15075111514766046,0.07786812887792263,0.0895858708747682,0.4768951109326155,4.552725871387978,0.0,0
4166,21.74855,79.45649,54.100320082374495,41.74366940598072,0.0,0.0,0.1214712679556935,0.26464886611123556,0.4550127482780801,5.695983833368512,0.10606962741543705,0
4167,21.74855,79.47857,55.127684904137084,40.41017889592336,0.0,0.03200004355508415,0.0,0.040732762551853624,0.4713044653126706,6.588805944021727,0.09174109731416065,0
4168,21.74855,79.50065,56.2290749889376,39.076714220504925,0.0,0.19428951087429813,0.0,0.04590364516554128,0.6396516232926955,0.4728998961480424,0.0,0
4169,21.74855,79.52273,57.40022930466323,37.7432753919525,0.062291782215088576,0.3014416597796687,0.01797565064616625,0.17444408565227543,0.5689974844554677,6.465565811272789,0.0,0
4170,21.74855,79.54481,57.858437186745505,36.40986242249174,0.12969733391059868,0.11975275231180475,0.18385523575099322,0.22040871639698262,0.7207559562636623,3.037848446203114,0.026411022069216892,0
4171,21.74855,79.56688,55.59838181416094,35.076475324349104,0.07573762494408554,0.2726990682028386,0.0,0.4282240730804325,0.5852384544095174,0.7725816375658181,0.0,0
4172,21.74855,79.58896,53.340087637435836,33.743114109751495,0.01244949597740578,0.03071339752785121,0.0,0.0,0.45529374461531286,2.6819990664119002,0.0,0
4173,21.74855,79.61104,51.083788281030266,32.409778790927945,0.0,0.004810416624045539,0.0,0.0,0.5763445438600701,6.3936099064519105,0.035751747554732496,0
4174,21.74855,79.63312,48.82976032152399,31.076469380107667,0.0,0.08984947256316296,0.04094412583265487,0.2594682012893411,0.3383581080939302,4.473788117987609,0.0,0
4175,21.74855,79.65519,46.578333562889625,29.743185889519495,0.0,0.005566728414955432,0.0,0.32478968198277436,0.2262577599023719,0.17904643877257786,0.04907571888513623,0
4176,21.74855,79.67727,44.32990438543793,28.409928331395115,0.0579748239343647,0.0,0.0,0.24765998618785318,0.6399260157304129,0.25129675410041274,0.40205924641508356,0
4177,21.74855,79.69935,42.084953287258585,27.076696717962896,0.051362741152502916,0.0,0.0,0.0448287378994635,0.6923835958888781,0.24031339864970702,0.1097392741277646,0
4178,21.74855,79.72143,39.84406822281996,25.743491061457608,0.0,0.0,0.0,0.27305244913785365,0.5598368906821376,1.6132197386587628,0.2151916273898216,0
4179,21.74855,79.74351,37.607976077101206,24.41031137411055,0.0,0.09642673507709226,0.05961866845933228,0.2553580330244941,0.4948380097398729,3.7988504213167054,0.08175798316962837,0
4180,21.74855,79.76558,35.37758574187993,23.077157668156293,0.16590181017128391,0.015899490028641612,0.11218782903266179,0.0,0.36158823160946396,0.7648051109483873,0.01236737076460598,0
4181,21.74855,79.78766,33.15404803003457,21.744029955827106,0.03618143231710444,0.0,0.39498401991597465,0.08142331284054279,0.7125728681253762,2.6898511462710024,0.08422418608809122,0
4182,21.74855,79.80974,30.93884049660849,20.41092824935931,0.0,0.0,0.15447809031894533,0.11403037400164703,0.6178018215819971,7.577075490225964,0.07647071242932674,0
4183,21.74855,79.83182,28.733889874152318,19.07785256098786,0.32429908335312807,0.10440671164561703,0.32304358006678713,0.450010907130855,0.589100111466501,8.28684375168435,0.138239278872057,0
4184,21.74855,79.8539,26.541752608448668,17.74480290294806,0.04847732517191753,0.15306036709296117,0.0,0.18034085516487608,0.5469265338640529,8.284279599728649,0.009854820302748273,0
4185,21.74855,79.87597,24.36588735141645,16.411779287479312,0.1109948408922202,0.0,0.0,0.4257895060777783,0.48081367892188576,0.0,0.0,0
4186,21.74855,79.89805,22.21107683640598,15.078781726816922,0.12895721473474495,0.0,0.01121478534444986,0.11043819207986182,0.3892048101164371,9.036743136015025,0.0,0
4187,21.74855,79.92013,20.08409910850929,13.745810233201171,0.0570569897539118,0.20251592518469777,0.19236398085918555,0.0,0.5783430902358297,5.192479041072874,0.07605155007356405,0
4188,21.74855,79.94221,17.99482638297431,12.412864818870013,0.03902708888188215,0.0,0.17058321150485642,0.2107380088766877,0.46464050891442765,5.468723947590331,0.0,0
4189,21.74855,79.96429,15.958074899833578,11.079945496064342,0.4123645960367962,0.1640607345094951,0.2862303114570067,0.47219104662879935,0.47665132043169683,8.30287608190626,0.11715574800649364,0
4190,21.74855,79.98636,13.996791499192415,9.74705227702558,0.3173931435039752,0.35529877661745896,0.0,0.36238986194885586,0.7710936396182135,7.876180437224395,0.22701736301110317,0
4191,21.74855,80.00844,12.147585399447605,8.414185173991834,0.3446471132257737,0.3823947076833547,0.3384742883350601,0.4127797801618729,0.5168597703994949,1.6750297886023677,0.0,0
4192,21.74855,80.03052,10.470011069069562,7.081344199210075,0.37636460867841837,0.27595949449836826,0.1863128621641741,0.3539175555842405,0.17165729877891078,5.505217050904239,0.22896623913994968,0
4193,21.74855,80.0526,9.059915854560712,5.748529364920193,0.26322750338542017,0.3131463555878109,0.0,0.5292425775353153,0.4308532027071944,6.7999058937221974,0.09402045487897567,0
4194,21.74855,80.07468,7.812337750768169,4.4157406833655966,0.6323505198883498,0.6106360582565296,0.3379948087461475,0.5316621195785207,0.3554023624832351,5.05142898677115,0.07925946899063903,-1
4195,21.74855,80.09675,5.5457602022324695,3.082978166792812,0.49702434324216255,0.0,0.3257616100196316,0.35973738274765604,0.45114689786977874,11.982206452434887,0.15519017456462797,-1
4196,21.74855,80.11883,3.2979553113676356,1.7502418274454727,0.7809818084729475,0.4554251604767562,0.5154584205945261,0.601669954866409,0.2351501727541625,14.150645127398935,0.13988261630693627,1
4197,21.74855,80.14091,1.181431581928036,0.41753167757078957,0.7360506849229582,0.9312443553475322,0.8451803359728113,0.49332420609630206,0.4464547411015525,11.564544137127593,0.34607892821184644,1
4198,21.74855,80.16299,1.52094393551916,0.9151522705874024,0.6136340432773233,0.6817857260648309,0.692780574864282,0.6187582708563798,0.3533332868593334,11.906179241835426,0.19024019954936777,1
4199,21.74855,80.18506,3.6917446869623194,2.247810004777511,0.7257351289362772,0.6851390738397474,0.11430014088395335,0.7147878359828739,0.37530349955067255,9.981578363434105,0.12649186551312774,1
4200,21.74855,80.20714,3.3556617415748904,3.58044151275381,0.4535116305898941,0.47763483164075027,0.406023145124067,0.31414829679804973,0.45662216540195244,9.303803900969966,0.6106604626033403,1
4201,21.74855,80.22922,2.3864077793437906,4.91304678226796,0.20224224467476767,0.5693665426585746,0.19485658515336934,0.31593423777947427,0.40489998324197146,11.119885399927757,0.11504473593529235,1
4202,21.74855,80.2513,3.244464596888909,6.245625801068194,0.417996566680335,0.4038443556460659,0.5733173752446743,0.3565208413921269,0.4146776369021982,2.9060546552842412,0.0887742216253678,1
4203,21.74855,80.27338,5.074967085481617,7.578178556904638,0.5372056161279777,0.2242364848555169,0.597542872439768,0.299908544171755,0.43277348379800507,8.14142329436466,0.03530636400530998,-1
4204,21.74855,80.29545,7.168065497285557,8.91070503752781,0.3932229578280364,0.1195044207206616,0.0,0.32338257508889645,0.4865956963046724,6.374747863649329,0.0,-1
4205,21.74855,80.31753,9.349019529421149,10.243205230684946,0.15049462214329704,0.18531241316433547,0.011880122668327803,0.07811725145275089,0.5559404522681641,4.028721025340501,0.091512739817715,0
4206,21.74855,80.33961,11.568245318459242,11.575679124122654,0.14631420082554217,0.0,0.0,0.3693556114662921,0.5514292737739398,4.178186001905106,0.0,0
4207,21.74855,80.36169,13.807301068124952,12.908126705586694,0.22285124331065415,0.2260751089660573,0.0,0.07357690103010134,0.6877357573008582,9.908838798575129,0.0,0
4208,21.74855,80.38377,16.057893825639635,14.21429723276284,0.22822498069962788,0.16035069776621025,0.12564810737125387,0.014710919745936121,0.4597002133888319,1.4034488182393638,0.0,0
4209,21.74855,80.40584,18.31577113761821,15.705662495217439,0.031752753155937986,0.21870776269149217,0.0,0.0,0.5738907044026049,4.133440377832151,0.0,0
4210,21.74855,80.42792,20.578535320870582,17.368959383224503,0.05940994266225192,0.0,0.149479849168057,0.47062303673243244,0.8859753211180519,8.543150468673671,0.0,0
4211,21.74855,80.45,22.844734252777634,19.159462195538218,0.07711231494632911,0.0,0.22564231752627784,0.13284605303980768,0.5398255717945678,0.7684513322177082,0.0,0
4212,21.76739,78.75,71.07355320196821,86.13386550495736,0.06646574110380812,0.0,0.22035380631321017,0.18661801886881654,0.5496934090007924,1.8145980458721496,0.31692225980583594,0
4213,21.76739,78.77208,69.49768866718723,84.79956942763778,0.0,0.4638143488595654,0.0,0.04654330405975764,0.37312406981499047,3.110732588628085,0.0,0
4214,21.76739,78.79416,67.96202119723671,83.46529879773813,0.0,0.20260079579608423,0.2771892294601563,0.2206115799127862,0.45014812370391116,4.0737613105900214,0.0,0
4215,21.76739,78.81623,66.46933694850965,82.13105362745418,0.1655810149893838,0.0,0.293218970295209,0.12351621006283761,0.5351056553589137,2.792167439720871,0.0,0
4216,21.76739,78.83831,65.02259623838408,80.79683392898735,0.14514390246919018,0.0679322808246102,0.31054185755158525,0.2799641579877575,0.6246795776081226,0.6731908442069354,0.03838807261650031,0
4217,21.76739,78.86039,63.62493324662443,79.46263971453939,0.05729104015401319,0.11642613643803103,0.0,0.1819520044055037,0.640877885836327,4.164564090836447,0.0,0
4218,21.76739,78.88247,62.27965225613871,78.12847099631215,0.20629530084882758,0.0,0.0,0.1407099518873879,0.5956721465143875,2.739960865793173,0.08827123489011343,0
4219,21.76739,78.90455,60.99021961342604,76.79432778650715,0.0,0.2191572623544309,0.0,0.16679940229023818,0.6625660233626999,4.633938045917481,0.02278679877425044,0
4220,21.76739,78.92662,59.760250533811856,75.46021009732878,0.1947602653353735,0.0,0.0,0.14861669854441084,0.4100825359394172,5.403660073180491,0.12766357426203295,0
4221,21.76739,78.9487,58.59348986216758,74.12611794098088,0.06510616417112053,0.0,0.002356978371414451,0.0,0.6184368502830693,0.0,0.0,0
4222,21.76739,78.97078,57.493785945522404,72.79205132966747,0.39252851904485514,0.003833919004631429,0.16959345095046943,0.20741493190279692,0.5518556369048023,5.688902299933574,0.004316818803636021,0
4223,21.76739,78.99286,56.465056900561976,71.458010275594,0.0,0.18315999258037113,0.26133951481491546,0.04811774662719265,0.5674690077938491,2.3411706759321715,0.10812262553883253,0
4224,21.76739,79.01494,55.51124878686141,70.123994790968,0.0,0.0,0.0,0.07894970737011257,0.4992561813905372,5.1492669788691785,0.0,0
4225,21.76739,79.03701,54.63628554144429,68.79000488799387,0.050266230300101855,0.0,0.0,0.0559697480351202,0.416553553954189,4.2883814618653595,0.09760560532142097,0
4226,21.76739,79.05909,53.844010998260096,67.45604057887992,0.04768118930397341,0.05172836206788131,0.0,0.21209209438368073,0.37985325240079293,7.8256160076625,0.09028113089737506,0
4227,21.76739,79.08117,53.13812389838915,66.12210187583511,0.23403304335200023,0.0,0.0,0.010738043144913917,0.5948655573409037,3.022061880152355,0.0,0
4228,21.76739,79.10325,52.52210746397164,64.78818879106959,0.0,0.0,0.14720689692714245,0.3688071751102587,0.6196676585783853,1.9581076718372321,0.2525656267168334,0
4229,21.76739,79.12532,51.99915580788382,63.4543013367894,0.10861575069714582,0.18999136793456983,0.07263232510166549,0.12538622138937983,0.531825710047383,1.6740909439144045,0.08248873745227854,0
4230,21.76739,79.1474,51.572100106175206,62.12043952520824,0.1395274445508033,0.09276298778952648,0.028432371277014572,0.559836622886624,0.5478891138150026,0.312604998057719,0.0,0
4231,21.76739,79.16948,51.24333797898508,60.78660336853501,0.08459756148710129,0.16690434132811896,0.07173299648210521,0.26492768240221365,0.44913142176470233,5.11156025753483,0.15819040310461194,0
4232,21.76739,79.19156,51.01476981238355,59.45279287898204,0.0,0.09940644707455147,0.12316520956717668,0.12072606791171295,0.6203880516193487,0.14848109276649168,0.0,0
4233,21.76739,79.21364,50.887745726992875,58.11900806876232,0.16899317297888006,0.3858306789028807,0.12116411517033789,0.27026701065863695,0.5584461200462117,5.092369385314227,0.1276293435586629,0
4234,21.76739,79.23571,50.86302651220586,56.785248950089056,0.147596571194435,0.0,0.0,0.1311803341735006,0.49877243009272715,2.4352778681023883,0.04728470378674731,0
4235,21.76739,79.25779,50.94076110031769,55.45151553517585,0.07204703382701488,0.06394742606487856,0.1793416852123537,0.2636342983925851,0.6712105781575326,0.0,0.0,0
4236,21.76739,79.27987,51.12048211345005,54.11780783623606,0.024642732795647843,0.0,0.05114675650743873,0.38814060566439584,0.6402628374986511,6.89152468615041,0.09677870414431737,0
4237,21.76739,79.30195,51.40111979042891,52.784125865487994,0.0272840936012781,0.1534309397437941,0.0,0.0,0.33494028526584363,0.0,0.0,0
4238,21.76739,79.32403,51.781033337498904,51.45046963514593,0.0,0.0,0.04691114964829985,0.19027679295977745,0.5568453401181512,2.817041555312963,0.0,0
4239,21.76739,79.3461,52.25805759970961,50.116839157425176,0.07712995010584306,0.2754923862794983,0.06895528914572036,0.2607202283559005,0.41581391510533083,3.642637136532295,0.0,0
4240,21.76739,79.36818,52.82956205102293,48.78323444454579,0.004030591802911229,0.0,0.2164106259741397,0.304774309550758,0.5695030262568087,0.0,0.12622081181998937,0
4241,21.76739,79.39026,53.492518537849534,47.44965550872495,0.0,0.22580523024604238,0.0,0.245505978329952,0.1087146799241328,4.193451265170361,0.0,0
4242,21.76739,79.41234,54.2435740133499,46.11610236218246,0.0,0.09568752319154128,0.26503854562980134,0.42147627455532166,0.5775764704013255,1.3121202794181648,0.17812506260890507,0
4243,21.76739,79.43442,55.07912464393617,44.7825750171362,0.0,0.0,0.004669072436738354,0.26763758786552705,0.6496571158031715,2.4159756579352574,0.0,0
4244,21.76739,79.45649,55.99538808773022,43.44907348580778,0.0273720969328253,0.08788593026760912,0.0,0.059170320407717455,0.5344715013160489,6.5638736144987355,0.04731115035275552,0
4245,21.76739,79.47857,56.98847134609524,42.11559778041858,0.0,0.04309584870584098,0.0,0.0833225417651498,0.38692441006913314,3.4546242990830534,0.12359054158017099,0
4246,21.76739,79.50065,58.05443227785766,40.78214791318918,0.02695834914578122,0.058480713666686696,0.0,0.25874878897873255,0.8238792872208336,2.1854306786631286,0.11966377542920759,0
4247,21.76739,79.52273,59.18933355647813,39.44872389634332,0.06149267862828033,0.0,0.0,0.4046286383530995,0.7118240810382443,2.669174088061694,0.02945246259399079,0
4248,21.76739,79.54481,58.167812120983655,38.11532574210418,0.0,0.0,0.13550039375131587,0.0,0.47563908338690924,7.748182573281754,0.0,0
4249,21.76739,79.56688,55.92056228915781,36.781953462695206,0.17805509263255198,0.0,0.3962080024848463,0.4290252343596984,0.5134387447317598,4.20311768699968,0.0,0
4250,21.76739,79.58896,53.676125278171305,35.44860707034112,0.0,0.0,0.0,0.21646769800352283,0.27262963258582745,0.8774724944174817,0.0,0
4251,21.76739,79.61104,51.43486936284394,34.11528657726822,0.0,0.13822872286157528,0.0,0.0,0.6162382443003356,1.933616228506904,0.0,0
4252,21.76739,79.63312,49.19722935300765,32.78199199570237,0.06212434206576653,0.0,0.15042095293834842,0.2957512718676231,0.35825162657075443,0.1415086006957771,0.0,0
4253,21.76739,79.65519,46.96372215207589,31.44872333786993,0.0,0.0,0.0,0.31075176729175563,0.64321141990313,2.0988829308370263,0.0,0
4254,21.76739,79.67727,44.73496683620816,30.115480615999555,0.0,0.10949280634859235,0.1671186490619511,0.0,0.6935162567270083,7.497495831683116,0.2885956459118833,0
4255,21.76739,79.69935,42.511710840044856,28.782263842317448,0.12598284623219427,0.1411677387977811,0.0,0.06459164494791741,0.5399956138287632,2.9351158872568512,0.0,0
4256,21.76739,79.72143,40.294864492337865,27.449073029055622,0.0,0.0,0.0,0.44258122805441963,0.40073415197750883,0.0,0.18008855229021126,0
4257,21.76739,79.74351,38.085547118242275,26.115908188442027,0.14698154087034135,0.0,0.0,0.0,0.7245121508555918,4.6147457600216,0.0,0
4258,21.76739,79.76558,35.88514938787427,24.78276933270877,0.19741184535812076,0.0849409892121053,0.0,0.2870112831603724,0.5497983925616239,2.5525567881708877,0.0,0
4259,21.76739,79.78766,33.69541882287755,23.449656474085376,0.0,0.021820408382882794,0.0,0.0022314929981029075,0.5623236489441085,5.124450330810245,0.0,0
4260,21.76739,79.80974,31.518578831741173,22.1165696248051,0.06008724201649997,0.23108654609930934,0.19225184689054153,0.19933434353487414,0.41853900855526865,3.140682143532096,0.0,0
4261,21.76739,79.83182,29.357497087598183,20.78350879710104,0.16559730715383805,0.0,0.24222539712152852,0.34011284383084606,0.5755276472504339,7.651698668511581,0.1478161323234885,0
4262,21.76739,79.8539,27.215927751083658,19.450474003204842,0.0,0.0,0.2869092931404078,0.19275467662799792,0.5194489769030374,1.6690392726267191,0.09443248707450205,0
4263,21.76739,79.87597,25.09886607695261,18.117465255353448,0.1529549016183832,0.15703039072659797,0.0965148560991503,0.45571737124807277,0.3609616115388945,1.1728018518968644,0.0,0
4264,21.76739,79.89805,23.013076771501797,16.784482565779406,0.0,0.0,0.0,0.19034335902298996,0.7332808670441492,6.831907057303328,0.43415334262650784,0
4265,21.76739,79.92013,20.967894453669196,15.451525946719931,0.018822182281918377,0.0,0.0,0.26289628933915865,0.7902056346600235,0.0,0.0,0
4266,21.76739,79.94221,18.976452939524645,14.118595410410823,0.0,0.02396931069197464,0.2903209362815636,0.07769234313502965,0.6840864134182242,4.427755291870853,0.012673490973456545,0
4267,21.76739,79.96429,17.05758509128942,12.78569096909021,0.15984229463341498,0.25799903081041164,0.3606005417535443,0.0,0.65998571006814,7.255647938808551,0.0,0
4268,21.76739,79.98636,15.238731186304728,11.452812634996157,0.2872141638211671,0.0,0.32262515612957754,0.1059880667357993,0.7813379666128921,0.0,0.0,0
4269,21.76739,80.00844,13.56019632698729,10.1199604203643,0.16304328473806168,0.4695997926036451,0.020723249240050853,0.34996616352831644,0.38248090106861665,6.091580775120489,0.0,0
4270,21.76739,80.03052,12.080612521885206,8.787134337438546,0.07863848390599604,0.0,0.0,0.43962173749164857,0.3749636908641858,2.500691037665317,0.15846301676178395,0
4271,21.76739,80.0526,10.152779138709308,7.454334398456629,0.15876886634307943,0.1716402565893811,0.1181726532875996,0.671869467226234,0.455159430485401,2.1346852592796575,0.12986525407137267,0
4272,21.76739,80.07468,7.89992910073981,6.1215606156591855,0.4078530912491738,0.025322432957007313,0.1931965619353742,0.3925186002746371,0.538093530253904,4.787315434254571,0.2797521241870942,-1
4273,21.76739,80.09675,5.668834811314256,4.788813001289379,0.671461488981693,0.32584480141768074,0.5985194667043103,0.35635932066554954,0.43128165078140523,7.809562418181146,0.023842894705835574,-1
4274,21.76739,80.11883,3.5013354339406115,3.456091567588375,0.6093808661753414,0.45344298748540923,0.46882614869126493,0.5867319531225007,0.29561888537430314,7.294844070042781,0.3517388234400628,1
4275,21.76739,80.14091,1.6672928091244075,2.1233963268003175,0.6555180020143914,0.44775413556646726,0.5941303454687682,0.7923814779733307,0.39931467021448075,12.986876396620127,0.4836051398743714,1
4276,21.76739,80.16299,1.9228194877840077,0.7907272911668758,0.9684689786387685,1.1423645550664512,0.5786730484032724,0.5988096790925809,0.39162525762473,11.457217954848947,0.4735888911086117,1
4277,21.76739,80.18506,3.2368135356986607,0.541915527063428,0.8848996189181192,0.4882814781765651,0.5240941551187812,0.7803505495001161,0.5511737816243947,10.202791152745071,0.13942233773710727,1
4278,21.76739,80.20714,2.37811075331988,1.8745321156473362,0.6862784570049612,0.5325311879764182,0.6444562374063266,0.4739592492195219,0.4216816332854898,6.90205692340035,0.18862609401664357,1
4279,21.76739,80.22922,0.30102763399542887,3.2071224623398793,0.4709351457323743,1.0181054996286447,0.612483360156139,0.633622855185488,0.09314813587544374,9.8847503939613,0.7285730159078185,1
4280,21.76739,80.2513,2.2184661104969656,4.53968655489176,0.6382662909516835,0.8627409231800751,0.32293451099115034,0.407523752843408,0.4657833447917779,13.7878950463056,0.5110371922925478,1
4281,21.76739,80.27338,4.488689496653207,5.872224381056175,0.07109284339482147,0.5444016560034386,0.6278248863697848,0.39242487292744166,0.6767983874237098,5.859241266582802,0.09521453817913972,-1
4282,21.76739,80.29545,6.765415128972633,7.204735928585815,0.3966996707009489,0.047595861966930386,0.0,0.3366166702306699,0.4892859322489159,5.51939858145917,0.19874747146746652,-1
4283,21.76739,80.31753,9.043733563635834,8.537221185230687,0.1853718520572968,0.1984119331038972,0.4820653193136146,0.14998801588396762,0.6438722687183156,3.727756838932374,0.24473400300635917,0
4284,21.76739,80.33961,11.3226833113854,9.869680138740081,0.1437819648340944,0.0,0.0,0.46758788796937284,0.4489809979826846,9.08481571304579,0.0,0
4285,21.76739,80.36169,13.601947019421619,11.177396974571417,0.3582997307139353,0.23111425469874056,0.0,0.1878556955324468,0.6084801690542846,8.009642887615003,0.0,0
4286,21.76739,80.38377,15.881389475028902,12.615861664705871,0.036437397582087874,0.0,0.2389419253895509,0.3728073812166942,0.4315833701106313,4.055159971956808,0.0,0
4287,21.76739,80.40584,18.16094333488034,14.275002290473948,0.011019401292509348,0.0,0.029516261035137544,0.17906138519358206,0.5057962691032069,3.2849664512078482,0.0,0
4288,21.76739,80.42792,20.44057128848846,16.086683211988618,0.0528395176524456,0.03748337179703902,0.0,0.20083669184403605,0.5099624608080184,2.052521431017272,0.0,0
4289,21.76739,80.45,22.720250993812424,18.004916648665656,0.0994079737891749,0.10009467499685276,0.09813965594928095,0.23783157416931916,0.6122025939189351,3.465142054898709,0.0,0
4290,21.78623,78.75,72.58523723098548,87.83871611986329,0.0,0.0,0.0134023528202101,0.02477798089899269,0.43461693172127547,5.652204978795362,0.0,0
4291,21.78623,78.77208,71.04311599758971,86.50443473979742,0.0,0.2430584365197698,0.0,0.32208517732519876,0.34491468885087584,3.1085676457444347,0.0,0
4292,21.78623,78.79416,69.54178216415146,85.1701788107567,0.0,0.11572430160774766,0.0,0.21649192523571012,0.6158138541961735,6.348581800325393,0.10867759831222276,0
4293,21.78623,78.81623,68.08393405102072,83.83594834493351,0.15376091735374198,0.1031630177935367,0.0,0.0,0.6105511968466901,1.1283916154718494,0.0,0
4294,21.78623,78.83831,66.67242430389207,82.50174335452782,0.00897428209008537,0.0,0.0,0.0,0.5657451280414688,0.0,0.20234790669186106,0
4295,21.78623,78.86039,65.3102574674143,81.16756385173709,0.05413180724603434,0.2719087331428892,0.48691210588508377,0.10718212436228361,0.6806006228622272,9.77496232741048,0.15041054438286347,0
4296,21.78623,78.88247,64.00058424084912,79.83340984876104,0.0,0.0,0.0,0.12324160879162972,0.5216259529235183,3.55918067365187,0.13868914754774261,0
4297,21.78623,78.90455,62.74669173813405,78.49928135779889,0.0,0.2780205966584413,0.0,0.049195078098607126,0.5893831765251374,5.02563435808019,0.0,0
4298,21.78623,78.92662,61.55198905295249,77.16517839105047,0.20131093173974357,0.32356754140531546,0.0,0.1830405955273805,0.5010043653749754,0.9541609421408763,0.0,0
4299,21.78623,78.9487,60.419987446436366,75.83110096071991,0.0,0.08204436396990475,0.3554037257265895,0.1497755683297657,0.5137859049184533,0.0,0.11565497272871601,0
4300,21.78623,78.97078,59.35427454534579,74.49704907900602,0.0,0.16514494571209815,0.0,0.16330943662533054,0.5976201872485338,3.404633476142416,0.0,0
4301,21.78623,78.99286,58.35848207640207,73.1630227581129,0.1315421455160376,0.0,0.07190620636288199,0.017455282290048182,0.8673133968552481,0.0,0.0,0
4302,21.78623,79.01494,57.43624688076332,71.82902201024397,0.0,0.0,0.0,0.17312155192875534,0.6539077442029682,2.3087177895619453,0.0,0
4303,21.78623,79.03701,56.591165259268756,70.49504684760265,0.0,0.17638427855993036,0.0,0.2131121580713721,0.6267892689646324,5.6615784725689,0.0,0
4304,21.78623,79.05909,55.82674109379427,69.16109728239397,0.0012394638061233993,0.14796628931742803,0.0,0.23920054129600035,0.6582633134547112,4.17016267614129,0.0,0
4305,21.78623,79.08117,55.14632866043206,67.82717332682272,4.472950595566725e-05,0.0,0.06342616516627007,0.30573310047843044,0.22129070913765486,3.6675452750767237,0.4592567105391903,0
4306,21.78623,79.10325,54.55307156913198,66.49327499309777,0.031168745287654565,0.0,0.0,0.0,0.5946623889023134,7.539289285251408,0.0,0
4307,21.78623,79.12532,54.04983978851672,65.15940229342173,0.25101950417017876,0.0,0.051955954676975606,0.27311123155874467,0.6774418390728424,3.982345150123835,0.0,0
4308,21.78623,79.1474,53.639167186223716,63.82555524000618,0.04037378630300855,0.06616569419466689,0.3458771614960938,0.0,0.5617935138299966,0.0,0.09536388247113027,0
4309,21.78623,79.16948,53.323192367999006,62.49173384505665,0.0,0.0,0.03416940178505924,0.2822139854425279,0.5439277265861241,2.6211015906361412,0.0,0
4310,21.78623,79.19156,53.103605767313,61.15793812078395,0.03919330502154351,0.18099737975674435,0.0,0.3652202230731578,0.4183798961522376,8.01589761381769,0.0,0
4311,21.78623,79.21364,52.981605868701934,59.824168079397225,0.00459234941459585,0.18937864785502231,0.0,0.34936963665078563,0.4892932972289705,2.207143979811539,0.0632304385089055,0
4312,21.78623,79.23571,52.95786711511974,58.490423733106326,0.005272390701070388,0.0,0.0,0.004764805733454225,0.43328127273962536,7.860195027153111,0.16517682367699962,0
4313,21.78623,79.25779,53.032521460036236,57.15670509412302,0.02958659932191617,0.08360273923491114,0.0,0.041277465869163865,0.689901957670042,5.677183651655437,0.0,0
4314,21.78623,79.27987,53.20515472534181,55.82301217465812,0.0,0.0,0.030453104116351413,0.044973137615235914,0.7602053122464438,1.9561810960100605,0.14752466450886362,0
4315,21.78623,79.30195,53.474817997169254,54.48934498692689,0.0,0.038981867078348525,0.06253651511872631,0.09176856989420837,0.8208823101133501,0.2118377405995,0.0,0
4316,21.78623,79.32403,53.84005333653947,53.155703543140866,0.07370736192369569,0.0,0.346150438458941,0.15795857042518657,0.4309754382243806,3.908226593841779,0.0,0
4317,21.78623,79.3461,54.298932207877435,51.8220878555129,0.0,0.0999840860860043,0.0,0.3433448387063872,0.45639877315290805,6.3317165592176865,0.07917115385147344,0
4318,21.78623,79.36818,54.84910432941561,50.488497936260146,0.0,0.0,0.0,0.04336940078629667,0.44502125210059323,0.0,0.3157106085434548,0
4319,21.78623,79.39026,55.48785418944378,49.15493379759647,0.36313049858369845,0.0,0.23079446313386048,0.048002664099140065,0.4073828802918231,3.3512259982932977,0.0,0
4320,21.78623,79.41234,56.21216227769181,47.821395451738375,0.0,0.0,0.25263405133704103,0.0,0.40964438214727145,0.0,0.0,0
4321,21.78623,79.43442,57.01876814060728,46.487882910903586,0.012448762805712275,0.0,0.04651378038184453,0.22458888439506172,0.47781579370918625,2.168464513969109,0.05462439039011636,0
4322,21.78623,79.45649,57.904232640938105,45.15439618730875,0.0,0.044453070703891776,0.0,0.0767032083635808,0.6724139776420465,0.0,0.008508989673083719,0
4323,21.78623,79.47857,58.86499722488685,43.820935293173115,0.014649395588416724,0.0,0.12452726734727786,0.13886553389646283,0.4494920943822867,4.530942981486335,0.0,0
4324,21.78623,79.50065,59.89743850679613,42.48750024071418,0.0,0.30294522583205874,0.0,0.0,0.6974219942373311,1.2887750301024965,0.0,0
4325,21.78623,79.52273,60.78585276484095,41.154091042153276,0.0,0.02715518205007794,0.0,0.33821842116317374,0.7414375337673068,6.1038667451360595,0.0,0
4326,21.78623,79.54481,58.55055592559406,39.820707709712416,0.12671899649158685,0.03898407908725157,0.11271390172369287,0.2999597223902148,0.5899019476177034,1.7025408292742574,0.08339801720593222,0
4327,21.78623,79.56688,56.31887916689808,38.48735025560839,0.05827869113220822,0.03359309050209186,0.17847887149749767,0.056803333221006905,0.7220615492483496,1.4829489086633811,0.0,0
4328,21.78623,79.58896,54.09127060651376,37.15401869206677,0.07025418597788655,0.16287076331527772,0.28826029114358753,0.04004324220849188,0.35939924930810024,0.0,0.18738610944994238,0
4329,21.78623,79.61104,51.86825445142311,35.82071303130919,0.0,0.0950047307085262,0.0,0.0,0.4718186688477567,4.184887448760796,0.0,0
4330,21.78623,79.63312,49.650447605662436,34.487433285559675,0.22361687434476823,0.07408118254832101,0.045329127005153264,0.3674818147109169,0.5764673589411522,4.474470910701536,0.0962412796896132,0
4331,21.78623,79.65519,47.438580746329784,33.15417946704183,0.0,0.12172650112964804,0.049703531510941874,0.0,0.5811790894150344,5.6694816350690065,0.044556723856187586,0
4332,21.78623,79.67727,45.23352530546179,31.820951587980648,0.18840149171634205,0.0,0.01729096474308974,0.3478596597479773,0.74998615920571,4.965778784895029,0.0,0
4333,21.78623,79.69935,43.0363283355387,30.48774966060147,0.1287971444223826,0.0,0.023290970638107346,0.12916960930058147,0.4100082046371021,4.3474303552039855,0.1333020384195203,0
4334,21.78623,79.72143,40.84825800824026,29.15457369712998,0.07703742548801723,0.0,0.007903199815242509,0.06579783607581499,0.4746052491015975,4.901900650612215,0.0,0
4335,21.78623,79.74351,38.67086361082752,27.821423709795244,0.0,0.0,0.04305707139477327,0.1088933577151187,0.5377847269071919,5.220759238104862,0.0,0
4336,21.78623,79.76558,36.506055530934006,26.48829971082473,0.030288763362336685,0.10197071035942154,0.14918448298322687,0.13480937444288493,0.4769376603670569,5.834205564765751,0.0,0
4337,21.78623,79.78766,34.356213116144836,25.15520171244579,0.0,0.014115494196668238,0.24560715247733025,0.0008408627726188139,0.4033803247331885,0.0,0.061084387706027074,0
4338,21.78623,79.80974,32.224331851443395,23.822129726888328,0.022351483694932592,0.10606286978674247,0.0,0.37787804256975555,0.4823527832231387,2.437106073677053,0.10100266988331273,0
4339,21.78623,79.83182,30.11422660616126,22.48908376638268,0.0,0.0,0.0,0.15959966721430138,0.5143041182383213,0.0,0.0,0
4340,21.78623,79.8539,28.03081562862166,21.156063843158336,0.0,0.01671960625183615,0.0,0.0,0.7507851470896476,4.721292078744401,0.0,0
4341,21.78623,79.87597,25.98052170172533,19.82306996944887,0.17135572221955125,0.0,0.0,0.2747634037458567,0.40453425225290385,8.232570174049956,0.012990024251029169,0
4342,21.78623,79.89805,23.97184380905703,18.49010215748528,0.03614908169496541,0.08855346247980564,0.0,0.14281954793420054,0.6604454792014066,6.483950614528589,0.0,0
4343,21.78623,79.92013,22.016175643933263,17.157160419500205,0.0,0.0,0.019453972170308663,0.3399688331521855,0.7230004046129239,2.759258668238341,0.16255162249528568,0
4344,21.78623,79.94221,20.1289739644334,15.824244767728196,0.004309633420399875,0.09520808854301761,0.11645392480813022,0.4986876878294782,0.47125368105117604,5.865191885338001,0.0,0
4345,21.78623,79.96429,18.331396724038786,14.491355214403406,0.13236230504772972,0.0,0.0,0.22029350054832197,0.5769626837448062,5.705962118661506,0.0,0
4346,21.78623,79.98636,16.652493217886974,13.158491771762042,0.004321595834439765,0.0,0.03694892550890989,0.3569831646863294,0.61816636963375,5.691973527171102,0.0,0
4347,21.78623,80.00844,15.024764903844261,11.825654452036977,0.0,0.2177294378713206,0.1357702653055169,0.29430750593223604,0.5911912691937965,2.0300801061186977,0.05966823211917549,0
4348,21.78623,80.03052,12.817483545872374,10.492843267468453,0.22283691910831335,0.1341659256688002,0.36002539722756494,0.12170253559770541,0.5378806108123263,9.224211072983813,0.06374620091220214,0
4349,21.78623,80.0526,10.640850251617081,9.160058230292634,0.2795489084465971,0.0,0.031621170891189945,0.45271102779774414,0.4210159514118608,3.189518515015635,0.0,0
4350,21.78623,80.07468,8.518391300269982,7.827299352745892,0.24733880045148376,0.07555765968417671,0.0,0.35514669821006406,0.5943881562024835,5.8181623716298185,0.04317074673164849,0
4351,21.78623,80.09675,6.50336636526805,6.494566647070424,0.20102371925440013,0.0183511532246792,0.22713827593423677,0.1945425609431976,0.4299207796201153,9.867454295519677,0.0,-1
4352,21.78623,80.11883,4.734981088105825,5.161860125503429,0.43370317846114326,0.08957131748585107,0.7149354671198029,0.3961946029438959,0.4631662130036422,7.100860901917409,0.13960503456630866,-1
4353,21.78623,80.14091,3.597472198905696,3.829179800286881,0.35250029932901505,0.47885133224948434,0.1837535886311468,0.44801209644983175,0.464805983151381,9.087380128646984,0.4865297013451447,1
4354,21.78623,80.16299,3.446124817623649,2.496525683659079,0.5363548042239807,0.5895170655789577,0.5575653125655914,0.5437330791854909,0.5572248081896247,10.130794137651932,0.6023999106756095,1
4355,21.78623,80.18506,1.4152088932142193,1.163897787865776,0.7335881833129699,0.8131575281592982,0.8500850134661045,0.7143691604407804,0.6619348059570564,11.079593867252912,0.43330787406557875,1
4356,21.78623,80.20714,1.5882209195191912,0.16870387485193863,1.0,0.8454261637810103,0.12624228892360184,0.9319298048258849,0.2932233890221658,12.132011164910404,0.5137516471989338,1
4357,21.78623,80.22922,1.8066957210833112,1.5012792922524683,0.7351214344188354,0.6827396777663887,0.6580525318364334,0.346126310583837,0.40936206830862937,11.173441335301522,0.48052301750126825,1
4358,21.78623,80.2513,2.8450815705664674,2.833828452088084,0.5698194885627199,0.4999512165386012,0.597590398877594,0.6583204358587968,0.2177026127431048,9.763181721885624,0.03513932190452268,1
4359,21.78623,80.27338,4.828998930957181,4.1663513421165606,0.7339411341179065,0.20108498922800194,0.2790236704499858,0.4916517724571843,0.6679693639254127,6.3366731950965525,0.0,-1
4360,21.78623,80.29545,6.995596737482121,5.498847950091856,0.44222193583822544,0.18578725742563645,0.09494514389405811,0.6467989989587987,0.49381255452495704,3.8552429209759813,0.0,-1
4361,21.78623,80.31753,9.216936461448473,6.831318263767956,0.36096146209935054,0.0,0.03159325119586845,0.42241411331866163,0.46500379548236564,9.808195192662906,0.12213491171970654,0
4362,21.78623,80.33961,11.461233005303399,8.16376227089572,0.2121358000804205,0.0,0.033845375294501476,0.16030783450393954,0.5277016565499234,9.347119499762556,0.33774283539871863,0
4363,21.78623,80.36169,13.71722295391425,9.530491822829877,0.13268442794941568,0.11449101099219865,0.0056413069922546105,0.38701226296108077,0.5440565681602221,6.9988292511065415,0.1844336392481449,0
4364,21.78623,80.38377,15.979954545305409,11.182644415450893,0.0,0.05673989867792921,0.0,0.21665394911789043,0.43359927976250046,6.453632651009913,0.014401712653827156,0
4365,21.78623,80.40584,18.24691989724299,13.025413391360106,0.23032351251177507,0.5472612535639182,0.0,0.1463332324467045,0.7067598803552761,2.7374184598713818,0.0,0
4366,21.78623,80.42792,20.516715608998407,14.9886572830996,0.13603748790216796,0.0,0.25734664712511235,0.07113133712029458,0.6337174927309717,0.0,0.0,0
4367,21.78623,80.45,22.78849592237883,17.030763177194817,0.03701576063524864,0.012244552187857884,0.0,0.4461554389185145,0.6553011071679568,3.7099231271460202,0.17058776730993072,0
4368,21.80507,78.75,74.12530634682574,89.54348507601347,0.0,0.0,0.0,0.0,0.45479779015178845,0.0,0.034505172973937404,0
4369,21.80507,78.77208,72.61609756272304,88.20921839990153,0.08833772376233742,0.0,0.2413584976010406,0.1777997908576685,0.4472229690144853,3.4799377638255793,0.009993620587957061,0
4370,21.80507,78.79416,71.14815751100184,86.87497717841632,0.0,0.0,0.0,0.21326042774378942,0.5341014835174606,6.391600085230363,0.0,0
4371,21.80507,78.81623,69.72409283135471,85.54076142374751,0.0,0.13518650249934439,0.0,0.39031754656955786,0.6619923088790919,1.3987103595463874,0.09617224617684167,0
4372,21.80507,78.83831,68.34664615835771,84.20657114809202,0.0,0.0,0.0,0.13836639235871867,0.6202351532497007,1.5481697448701912,0.0,0
4373,21.80507,78.86039,67.01869202576536,82.8724063636452,0.21258211734717355,0.0,0.04185942445549737,0.19618457095389386,0.44112133152760946,0.3857502583253387,0.06351500428471252,0
4374,21.80507,78.88247,65.74322964385688,81.53826708260404,0.10507991714659114,0.0,0.0,0.0,0.6434830629451002,3.116101513793459,0.15985226821524115,0
4375,21.80507,78.90455,64.52337199784009,80.20415331716438,0.0,0.0,0.10119265469545995,0.21026801184676502,0.4138987982575104,2.91481453522436,0.0,0
4376,21.80507,78.92662,63.36233071731612,78.87006507952368,0.0,0.0,0.0,0.36773627995857827,0.45736814356758093,0.3516678043996406,0.0,0
4377,21.80507,78.9487,62.263396204014335,77.53600238188297,0.0,0.0,0.0,0.42113473046832206,0.5720750434095188,5.374325892338037,0.0,0
4378,21.80507,78.97078,61.22991258789945,76.20196523643894,0.0,0.011830556492291167,0.0,0.0772230504939385,0.3859863523475111,10.028054367359292,0.0,0
4379,21.80507,78.99286,60.265247219938125,74.86795365539302,0.0,0.0894533381237953,0.23446137097306288,0.05465061127138261,0.41509731878317374,6.095828313355341,0.0,0
4380,21.80507,79.01494,59.372754610874864,73.5339676509452,0.2333762266221217,0.0,0.0,0.09332309338390352,0.767286936004898,2.714975063124878,0.0,0
4381,21.80507,79.03701,58.5557349921496,72.20000723529648,0.03751073245185613,0.0,0.1340398455512556,0.40725657362519085,0.7412656854173432,2.6843422138397326,0.0,0
4382,21.80507,79.05909,57.817388003738664,70.86607242064923,0.05698538111412519,0.0,0.0953366777502232,0.0,0.8705471596284506,1.6681706020162521,0.13198612094171142,0
4383,21.80507,79.08117,57.160762390977574,69.5321632192051,0.0,0.0863999904234794,0.10998727636866099,0.0,0.61306563199786,1.6151220340029107,0.06038654127932078,0
4384,21.80507,79.10325,56.5887029946183,68.1982796431712,0.08668447593775104,0.0,0.0,0.08269267650333154,0.6402509773083682,5.495813424804734,0.049292636078936324,0
4385,21.80507,79.12532,56.1037967107861,66.86442170474646,0.0,0.11959895092066923,0.0776751942826003,0.006693563795979227,0.5282885489820969,5.609780067656877,0.0,0
4386,21.80507,79.1474,55.70831943677388,65.53058941614,0.0,0.21070032420891993,0.0,0.4047136331885605,0.5009194838443489,0.0,0.3118150493564998,0
4387,21.80507,79.16948,55.404186257112514,64.19678278955463,0.0733427922088209,0.0,0.0,0.06280729021257153,0.6720486402672827,3.9596051331690654,0.0,0
4388,21.80507,79.19156,55.19290721707078,62.863001837198134,0.0,0.0,0.0,0.09362213682089351,0.7406565677903102,5.897258887841511,0.2791410754345198,0
4389,21.80507,79.21364,55.07555094337391,61.52924657127749,0.19167852875472324,0.0,0.0,0.15274293404243794,0.6601108581020594,2.0991906445097355,0.11986123131155961,0
4390,21.80507,79.23571,55.05271808915713,60.19551700399983,0.0219306501313641,0.05592804273515476,0.2851288081262596,0.4016020177631351,0.4324053547794979,2.461219648040104,0.0,0
4391,21.80507,79.25779,55.12452611122107,58.86181314757356,0.15376818831270234,0.0,0.07506439272065044,0.13550821409548408,0.6048068994188924,4.82255273696804,0.32691281112214227,0
4392,21.80507,79.27987,55.290606268199305,57.52813501420704,0.0,0.0,0.0,0.46066024279660134,0.4421590127270627,4.898560485083583,0.09078093903153903,0
4393,21.80507,79.30195,55.55011301691127,56.19448261611279,0.0,0.09038834687338795,0.0,0.05641412550987607,0.5045509577780887,4.133033249165532,0.0,0
4394,21.80507,79.32403,55.901745254238485,54.86085596549933,0.0,0.0798760198548339,0.02663214408798952,0.2528208492141315,0.7790537532321722,3.6812685591071626,0.0,0
4395,21.80507,79.3461,56.34377817961768,53.527255074577646,0.0301692474092354,0.0,0.0,0.1445963551558391,0.3820419719773798,4.033839653244929,0.16511267250036268,0
4396,21.80507,79.36818,56.8741040056848,52.193679955561215,0.00808475760524671,0.0,0.054375038762261706,0.07991709613857903,0.8536022355581381,2.305202177495193,0.0,0
4397,21.80507,79.39026,57.49027936923433,50.86013062066151,0.0,0.07345435613683406,0.013754003264185315,0.0,0.6269210133539829,0.12556039664805896,0.0,0
4398,21.80507,79.41234,58.18957711352413,49.52660708209224,0.0,0.0,0.0,0.3621825614825847,0.4847319347656728,0.0,0.0,0
4399,21.80507,79.43442,58.96904012210344,48.193109352068106,0.0,0.03489977763210059,0.0,0.2011032265598687,0.5595394747734249,4.590988876747402,0.0,0
4400,21.80507,79.45649,59.82553505766864,46.8596374428039,0.0,0.024900024286852653,0.0,0.1221335506153181,0.4540956335273299,3.3306335952795614,0.0,0
4401,21.80507,79.47857,60.75580415609145,45.52619136651521,0.0,0.0,0.11211129517542674,0.13087692993547834,0.47342403238408104,4.241548644841462,0.28359309544930705,0
4402,21.80507,79.50065,61.756513598361366,44.192771135417104,0.0,0.013970585389619629,0.0,0.1857285240576742,0.5602546355448265,0.9112458099374994,0.16121222076533076,0
4403,21.80507,79.52273,61.223653371694404,42.859376761728136,0.18644093440036907,0.08350363307871388,0.24732453678598743,0.2437301203240325,0.5039436599900733,3.343648143100166,0.03765257311868046,0
4404,21.80507,79.54481,59.00524087277889,41.52600825766728,0.0,0.10333663656106634,0.0,0.09745818191059406,0.41937381411235813,3.2936728008147074,0.0,0
4405,21.80507,79.56688,56.79173048951213,40.192665635449174,0.1536375695533601,0.02042343534542994,0.2714654348261053,0.2545576024894326,0.5189870325419379,6.428873137275919,0.0,0
4406,21.80507,79.58896,54.583718653245995,38.85934890729663,0.0,0.0,0.23041986346932375,0.299927180044389,0.36593153723800387,5.334536745937401,0.0,0
4407,21.80507,79.61104,52.38190074381884,37.52605808542764,0.031295242381833184,0.20662944384762605,0.21031583550742633,0.03929325362831729,0.3719136251306479,1.2152340309681342,0.28623287245353013,0
4408,21.80507,79.63312,50.18709203916855,36.19279318206466,0.0,0.06847741390453857,0.0,0.18458969848945106,0.37046587114870866,4.473184823033991,0.0465468953455451,0
4409,21.80507,79.65519,48.0002540830956,34.859554209427344,0.0,0.0,0.0035578107682985817,0.3188468616295933,0.7839183544442648,1.2451920721551037,0.11960698670833116,0
4410,21.80507,79.67727,45.82252812745739,33.52634117973914,0.17514413698079828,0.0,0.24474737122954013,0.1607341733190662,0.606690914395689,0.0,0.031975047371936724,0
4411,21.80507,79.69935,43.655277886651724,32.193154105221716,0.0,0.04147920643769043,0.054754673935998546,0.0,0.6332815811167202,7.739103510883321,0.0,0
4412,21.80507,79.72143,41.50014465155937,30.859992998098296,0.09540838975658901,0.11406906072016373,0.11129477546407388,0.18168381608462206,0.5513783145857178,2.3169893844805114,0.0164149493525409,0
4413,21.80507,79.74351,39.35911894275425,29.526857870595215,0.0,0.0,0.0,0.17815918272323295,0.6205962800304198,6.041000465742982,0.0,0
4414,21.80507,79.76558,37.23463447432739,28.193748734936843,0.0,0.13952074977274986,0.38467620286426907,0.27643604311824177,0.7142148818450124,1.6729313652120483,0.1912704006048532,0
4415,21.80507,79.78766,35.1296924392499,26.860665603348405,0.0,0.0,0.0,0.1505762413132783,0.6065215818742445,1.355968718153299,0.0,0
4416,21.80507,79.80974,33.04802726899659,25.527608488057023,0.16251856696243566,0.0,0.0,0.3560164287541414,0.7788353658596304,2.106585447467048,0.0,0
4417,21.80507,79.83182,30.99432938162339,24.19457740128969,0.055100320140998756,0.0,0.0,0.3204027862584799,0.543652254915135,4.268864496087594,0.1302083372388601,0
4418,21.80507,79.8539,28.97454634483145,22.861572355274117,0.06618879878485837,0.0,0.0,0.2224291469084299,0.6322490014388904,4.1676546780387245,0.0,0
4419,21.80507,79.87597,26.996291505629884,21.528593362239043,0.19063294534013778,0.25912333949077815,0.0,0.0,0.646338665611623,5.116976617481913,0.0,0
4420,21.80507,79.89805,25.069397950032176,20.19564043441447,0.17329049621542925,0.35069678351942757,0.5200881630479106,0.17312164601379673,0.416448566395492,2.6637806061256937,0.0,0
4421,21.80507,79.92013,23.2066631270704,18.8627135840305,0.13496036074021914,0.06345747848764008,0.0,0.17009646353015265,0.5518027780693363,4.211793675099608,0.0,0
4422,21.80507,79.94221,21.424828042201483,17.529812823318007,0.0,0.0,0.0,0.07602838531830036,0.28657437589332396,2.091096972753671,0.09662345967596843,0
4423,21.80507,79.96429,19.745805747835288,16.196938164508683,0.0,0.0029337325718259213,0.027135007373103204,0.20638511663402653,0.5243739880785501,8.308370718639903,0.0,0
4424,21.80507,79.98636,17.79036571615926,14.86408961983597,0.0,0.12351006462580373,0.0,0.5310926823734949,0.5006120750188358,1.3093437185395969,0.09382579991444845,0
4425,21.80507,80.00844,15.641463927198755,13.53126720152967,0.19215543999101498,0.0,0.21946232173230623,0.20409400919095155,0.4877948019979337,2.864083243451745,0.0054359696277725775,0
4426,21.80507,80.03052,13.535427350145648,12.198470921827864,0.1514100611683978,0.0,0.0,0.18958372552667113,0.4719923089988853,4.219727538079463,0.18869438715220208,0
4427,21.80507,80.0526,11.495838937042517,10.865700792963949,0.0,0.3362190209963421,0.1530813586364252,0.25534838704059737,0.5922366923244862,11.902254097453646,0.0,0
4428,21.80507,80.07468,9.565299408563847,9.532956827170928,0.18151582728236265,0.0,0.0,0.17328447031018215,0.3853701532255819,8.11430489901779,0.006871366940742543,0
4429,21.80507,80.09675,7.824941795914884,8.200239036688528,0.07565175866031942,0.07589471908635297,0.7126522257347504,0.4591316985254973,0.7561183922454819,4.399292429319367,0.0,-1
4430,21.80507,80.11883,6.431065035204445,6.86754743375088,0.31197524335105853,0.25831726194055876,0.34919600174135856,0.322217540123807,0.5609720562473034,9.33383138446985,0.09672430172127587,-1
4431,21.80507,80.14091,4.5846929256975875,5.534882030597786,0.1988871033595545,0.40885182073155,0.31849147227209146,0.23704043940658026,0.34443567846339224,9.20698961558421,0.12144191380227695,-1
4432,21.80507,80.16299,2.3376839458773704,4.2022428394647795,0.5598590108346809,0.46591813343173877,0.4644066861600578,0.37666348726961424,0.5051466011754209,9.354131138328073,0.5125643086564102,1
4433,21.80507,80.18506,0.5479580381939678,2.8696298725942397,0.665209308782335,0.840944153108331,0.6134187358114976,0.5130803347564119,0.5067354545978106,11.351992512078874,0.4985988456696575,1
4434,21.80507,80.20714,1.6810972257791401,1.5370431422247848,1.0,0.79622010002759,0.4371304424948651,0.8268633366049704,0.4505473402968941,10.738029580129092,0.36521599274742045,1
4435,21.80507,80.22922,3.7063286543601066,0.2044826605952381,1.0,0.8544515867613027,0.2501030921629263,0.6586295303228102,0.30135279785130037,12.241896890226853,0.13474476462300802,1
4436,21.80507,80.2513,4.47719134053069,1.1280515600497447,0.7778578759953209,0.4418035608278575,0.6901191891972056,0.6573401062146523,0.7683870513029603,6.9021682277558964,0.1991286822461966,-1
4437,21.80507,80.27338,5.938685271352683,2.4605595074698097,0.7617567780026024,0.3471328908926544,0.1612185786929366,0.7334594020125426,0.5651947940998335,13.599183735163184,0.44645490411392313,-1
4438,21.80507,80.29545,7.8028045286159,3.7930411694225907,0.363715789105922,0.5066297007982454,0.0,0.5179174122047852,0.32085797389988774,7.741345700177015,0.0,-1
4439,21.80507,80.31753,9.843402310915165,5.125496533664548,0.31010580655477366,0.10788776312071356,0.0,0.25198965945144824,0.5405020971299702,4.875489434692891,0.03439086701994525,0
4440,21.80507,80.33961,11.970564466383479,6.45559216531761,0.38095690843074326,0.0,0.27629828071453794,0.4102460528737189,0.4919553780083002,6.081425573233583,0.21079737036926283,0
4441,21.80507,80.36169,14.145292196718989,8.093466436974785,0.0005327486342195376,0.15278159007743625,0.010649154865734999,0.31392882271650874,0.5319694229384637,5.455242915417947,0.0,0
4442,21.80507,80.38377,16.34861464934926,9.986038131290819,0.18485632980160782,0.2565295270283944,0.014124857286659277,0.5759418409885981,0.3697674241280936,3.8841245714946693,0.09087329088412588,0
4443,21.80507,80.40584,18.570356516141725,12.013531757233011,0.01259881140520272,0.12068035065791607,0.261298309546908,0.4383866094151975,0.5485512454951549,7.39069973059918,0.19185393501250975,0
4444,21.80507,80.42792,20.804617523389723,14.117937569564662,0.10724131943537649,0.031417875896229755,0.0,0.07768385073909939,0.42738523151718544,7.407819967093778,0.0,0
4445,21.80507,80.45,23.047757084526776,16.269437735802644,0.0,0.0,0.1385944997249648,0.009891132375989375,0.49677131112103945,0.0,0.0,0
4446,21.82391,78.75,75.6920279563816,91.24817230548626,0.05091002494350495,0.0,0.0,0.1024647992127776,0.6042414940837691,1.6619383206978107,0.14966610232021874,0
4447,21.82391,78.77208,74.21488135041905,89.91392034003619,0.0023196011627008416,0.19730808177916778,0.11517643114322987,0.05065348378336469,0.4832705813386191,1.8483402991399616,0.07925938968847071,0
4448,21.82391,78.79416,72.77938497366891,88.57969383281143,0.1680442976295006,0.0,0.0,0.10283593067883899,0.5093398716021246,2.552900512832513,0.0,0
4449,21.82391,78.81623,71.38805145295098,87.24549279599833,0.0008086282206963974,0.0,0.0,0.0,0.6648310710009688,7.43697912949748,0.09779964162661038,0
4450,21.82391,78.83831,70.04351259890053,85.91131724179135,0.0,0.0,0.1640290880150522,0.1482820069587441,0.42559469881291423,0.8853390787261972,0.15365307652034035,0
4451,21.82391,78.86039,68.74851403332711,84.57716718238285,0.0,0.0,0.14960794366462746,0.0,0.45921895988808215,7.06301796839799,0.0,0
4452,21.82391,78.88247,67.5059069093221,83.24304262996765,0.0,0.03967528315133644,0.0,0.20495797995894954,0.3743548734139292,2.620720695707665,0.048873248529635746,0
4453,21.82391,78.90455,66.31863628096961,81.90894359673858,0.04873764880248352,0.07093782643345105,0.0,0.34461987291466367,0.43479595295731555,7.087496016314187,0.083594839357103,0
4454,21.82391,78.92662,65.18972569762164,80.5748700948906,0.07078350118034522,0.06926293045496139,0.3198352124716129,0.12572948508839568,0.5680735688102522,2.1926763328438383,0.0,0
4455,21.82391,78.9487,64.12225764677574,79.24082213662149,0.29630536245615524,0.0,0.1178730778648636,0.1636255891306247,0.6395203737998929,1.888338034775178,0.19007553878040645,0
4456,21.82391,78.97078,63.11934955702638,77.90679973412546,0.0,0.0,0.0,0.15344701507930286,0.43713119975334636,2.942709155984652,0.0,0
4457,21.82391,78.99286,62.18412520442201,76.5728028996009,0.0,0.04199970268435536,0.0,0.18843821903969127,0.6353674098103141,6.361668324340423,0.0,0
4458,21.82391,79.01494,61.319681545832594,75.23883164524568,0.0,0.0,0.2049910127441047,0.30175799362848155,0.5647228536597755,3.4137291671663568,0.12280080324222607,0
4459,21.82391,79.03701,60.529051231397986,73.90488598325805,0.025458117002615854,0.29415449704501684,0.023093308182058094,0.0,0.3564273118494176,3.546499708987755,0.0,0
4460,21.82391,79.05909,59.815161319223755,72.57096592583702,0.04580845061854459,0.3015505188697108,0.0,0.06721120280262607,0.5744290873937318,4.658247572818005,0.13941267903677473,0
4461,21.82391,79.08117,59.180789016545006,71.23707148518184,0.0,0.3185445882676638,0.02301201829432909,0.24897286520724854,0.7171996034865699,0.7160056864307265,0.03044706642688137,0
4462,21.82391,79.10325,58.628515582572085,69.90320267349654,0.1303678244243217,0.0,0.06757815200596363,0.16528533339675658,0.2850896675858692,3.8792003325408353,0.21202862915150752,0
4463,21.82391,79.12532,58.16067982181174,68.56935950297792,0.0,0.09114678995279998,0.0,0.2636349501122759,0.8307164303698207,1.3712351156918339,0.09804563613651887,0
4464,21.82391,79.1474,57.779332840344935,67.23554198583209,0.11835447918104337,0.13940877010254396,0.24075928535393953,0.27587081399770413,0.4645142987142496,6.830416090848347,0.0,0
4465,21.82391,79.16948,57.48619589712931,65.90175013425937,0.06463671987916544,0.12140322920396847,0.25189080676689196,0.41046042540714794,0.3191114083639165,4.0944664838244345,0.03705683413565091,0
4466,21.82391,79.19156,57.282623226913316,64.56798396046423,0.0,0.0,0.10640160682490835,0.040629611205015626,0.5693650179627157,4.807983590031609,0.04280371213344602,0
4467,21.82391,79.21364,57.16957161851287,63.23424347665116,0.0,0.20475914000825554,0.2749682791513476,0.08714711718609801,0.6663376316714121,0.0,0.3237246518998956,0
4468,21.82391,79.23571,57.14757829380014,61.900528695024306,0.29123320532228736,0.00018549886983595937,0.001723932770353727,0.29821753838599796,0.5107247133020488,4.8467763436077895,0.013550550693569412,0
4469,21.82391,79.25779,57.216748257937425,60.566839627790216,0.0,0.020626253003968788,0.13809047296321017,0.22169691008387418,0.5936094583861788,2.549148665482981,0.0,0
4470,21.82391,79.27987,57.3767518075403,59.233176287153576,0.035803570547738,0.0,0.20091483979958955,0.473248157898226,0.8467490911555342,0.0,0.0,0
4471,21.82391,79.30195,57.62683233350418,57.89953868532448,0.0,0.10334259756732808,0.20383018405170894,0.30306906588155974,0.5787780605993127,3.2614107968329376,0.030217003329285546,0
4472,21.82391,79.32403,57.96582399193781,56.565926834508694,0.21435495755257156,0.0,0.1832210110078825,0.04199310924045145,0.9,0.0,0.0,0
4473,21.82391,79.3461,58.392178294781,55.23234074691415,0.10651965570792526,0.07461589076703244,0.12625744034030506,0.023840766211586678,0.7270364107135396,4.608128316597404,0.0,0
4474,21.82391,79.36818,58.90399823979628,53.898780434752204,0.0,0.03791494077127854,0.3914434828698889,0.0,0.5572040449240097,6.75088578155002,0.0,0
4475,21.82391,79.39026,59.49907829313931,52.565245910231525,0.061668146713184754,0.029300331925803582,0.0,0.0,0.5908053449823737,0.0,0.0,0
4476,21.82391,79.41234,60.17494837466354,51.23173718556254,0.03111924621541665,0.0,0.0,0.0,0.5052703230349742,2.9523905977687965,0.12865605022649526,0
4477,21.82391,79.43442,60.92891997641188,49.89825427295744,0.0,0.1263449301421479,0.0,0.0,0.5849331361847917,2.6064729514681058,0.00420340389816593,0
4478,21.82391,79.45649,61.758132652282114,48.564797184628006,0.09128503134547168,0.0,0.0,0.18725582012721653,0.6286113224129576,0.0,0.0,0
4479,21.82391,79.47857,62.6595993241809,47.231365932787654,0.04709795828360623,0.0,0.0,0.16115783525435104,0.4934131789538374,5.4302359643131854,0.0,0
4480,21.82391,79.50065,63.63024912376048,45.89796052964871,0.026360051635821894,0.09183889883499216,0.2749805238608062,0.08215874081019701,0.3567990565984099,4.681730285381487,0.0,0
4481,21.82391,79.52273,61.729483780173794,44.56458098742636,0.0,0.0,0.0,0.0,0.7349722092319247,8.331477450371331,0.008430775176364189,0
4482,21.82391,79.54481,59.53021855089703,43.23122731833714,0.052469249368888894,0.0,0.03397891950555337,0.18637080809201378,0.6862777016203391,4.363846473251203,0.0,0
4483,21.82391,79.56688,57.3372722656792,41.89789953459292,0.028454051385555065,0.0,0.0,0.21096099828356565,0.3515933994158571,0.8001983075049193,0.0,0
4484,21.82391,79.58896,55.15139874424489,40.564597648413475,0.008249541189127385,0.046903654390653915,0.1241784799421576,0.13191441858573477,0.5739183785363319,4.436539364740778,0.0,0
4485,21.82391,79.61104,52.973473583161294,39.23132167201492,0.0,0.0,0.0,0.0,0.6937608856019756,6.4556148952486065,0.0,0
4486,21.82391,79.63312,50.80451904829333,37.898071617616075,0.20505848274160476,0.0,0.0,0.03731593302728799,0.6792799625297179,1.9248359030605502,0.0,0
4487,21.82391,79.65519,48.64573511444117,36.56484749743413,0.0,0.0,0.038984010246567564,0.3373736437111686,0.4527839273121031,5.371089577379591,0.0,0
4488,21.82391,79.67727,46.49853841930845,35.23164932368945,0.0541337441558724,0.19014091944505165,0.0,0.08532619317026571,0.6874101755501887,0.0,0.12230777449865139,0
4489,21.82391,79.69935,44.364611469244466,33.89847710860158,0.0,0.0,0.0,0.12715389164180446,0.5519906429366778,7.043370732996404,0.29439399457032006,0
4490,21.82391,79.72143,42.24596520182247,32.565330864390674,0.21553949728463742,0.0,0.03472710233645972,0.3727719484170809,0.6042397496560514,5.322446076707237,0.13209706945895974,0
4491,21.82391,79.74351,40.14501904251357,31.232210603280613,0.0,0.17195161125104033,0.1605388113985328,0.27763901742512703,0.42102268748538807,0.0,0.0,0
4492,21.82391,79.76558,38.06470397385778,29.899116337492384,0.0,0.13328756769387823,0.0,0.18142954535685357,-0.04633271094635627,4.319590838103047,0.033643207811032104,0
4493,21.82391,79.78766,36.008595963076594,28.566048079248773,0.0,0.170606176591068,0.0,0.027495234728106888,0.44067896731420986,0.0,0.0,0
4494,21.82391,79.80974,33.98108945978405,27.233005840773846,0.04950166183963088,0.0,0.006355761232244791,0.11820741297052118,0.6244267346599279,1.8478108017933124,0.0,0
4495,21.82391,79.83182,31.98762361345904,25.89998963429241,0.0,0.2874315573421224,0.11023427864655513,0.09794424998575452,0.5202718953525197,5.271394355445201,0.2120298757827107,0
4496,21.82391,79.8539,30.03497721992169,24.566999472029426,0.0,0.11383041079837614,0.2959508049598324,0.18823774814303362,0.6396869680285422,3.2335014827176076,0.32128538538355544,0
4497,21.82391,79.87597,28.131651566130458,23.23403536621027,0.0,0.4081954009553766,0.0,0.24345387507904823,0.7030210552441204,6.948096622825162,0.0,0
4498,21.82391,79.89805,26.288361615072024,21.901097329062484,0.05483693823861384,0.0,0.0,0.29072565453155785,0.5012255246658467,3.9553085089951745,0.23082569917765758,0
4499,21.82391,79.92013,24.518651438173407,20.568185372813094,0.0,0.0,0.24442620134130008,0.16227310827907115,0.48658737241238464,3.8182732528030012,0.0,0
4500,21.82391,79.94221,22.782013324240456,19.23529950969081,0.0,0.026255373778449533,0.4073293953226662,0.21068932819769778,0.23935250406343067,6.917890146837157,0.0,0
4501,21.82391,79.96429,20.649512371041784,17.902439751924575,0.1808763539078426,0.0,0.0,0.3806506098917199,0.3269229082720997,3.353541535365909,0.04714629090170022,0
4502,21.82391,79.98636,18.552017129249812,16.569606111744445,0.0,0.14335256888622652,0.0,0.14389089475261882,0.3533276774035792,4.362399647895279,0.25111731987583985,0
4503,21.82391,80.00844,16.50288059686797,15.236798601377766,0.17454173428635772,0.22132298152552712,0.11602881850019914,0.6149266205619388,0.6151500523903274,4.9330776722642575,0.05127111172222666,0
4504,21.82391,80.03052,14.522587507846389,13.904017233059848,0.014410816336377433,0.049875068214946736,0.0,0.009936257570423615,0.48734908038005376,4.744513043569016,0.07703588777401285,0
4505,21.82391,80.0526,12.643527221731544,12.571262019021015,0.31523292555889526,0.0452161004881975,0.0,0.7065547500945589,0.45089291233994255,8.243037370619792,0.15542891670640482,0
4506,21.82391,80.07468,10.918093564793766,11.238532971492104,0.243594399394362,0.19392597090505087,0.15878675221885344,0.13258126823885413,0.42676015191578953,3.848146008071084,0.19270942417414036,0
4507,21.82391,80.09675,9.240203262308919,9.905830102710075,0.0708976429682138,0.10590387929862688,0.45897766145516533,0.27141219493364166,0.39806789307802937,3.835103243111386,0.1317315071852355,0
4508,21.82391,80.11883,7.003658094531203,8.573153424905687,0.1295322462576522,0.16142543907009205,0.0,0.19592113813017595,0.6170418500798653,3.711357336864417,0.25741042358974264,-1
4509,21.82391,80.14091,4.807271954199983,7.24050295031627,0.37183087467014764,0.49255605968748495,0.6334735878245874,0.5138468780096781,0.4733115814453258,1.4570390319384252,0.0815897703061236,-1
4510,21.82391,80.16299,2.7490485027402727,5.907878691174286,0.3420859045818847,0.698237201565414,0.37035463491659865,0.51750658985267,0.5622983944998193,11.526023017325443,0.04162561025599598,1
4511,21.82391,80.18506,1.5470743713230588,4.57528065971994,0.4461557996172317,0.8239823611255861,0.6730081762948403,0.31798176952721224,0.08838304759328336,6.071261027341184,0.741914885113802,1
4512,21.82391,80.20714,2.7601409506540744,3.2427088681890814,0.7351538771353459,0.5159397934847664,0.8025008348231673,0.5112947347341581,0.49832892492923914,8.65684963235031,0.15210308523501,1
4513,21.82391,80.22922,4.776707532659975,1.9101633288171567,0.6374978302186765,0.08174759529188885,0.40073166874943855,0.5956594852252656,0.39205365865758385,14.329696285816995,0.09339164945993188,-1
4514,21.82391,80.2513,6.385440576269243,0.5776440538463471,0.9191703755374878,0.36084649590827045,0.1910427783832776,0.5098712647946995,0.441595812362485,11.071596712946048,0.05987440309331424,-1
4515,21.82391,80.27338,7.482953269154885,0.754848944486068,0.9963393295177796,0.2217202946634369,0.34885352284531274,0.7344026890187998,0.6819316784749655,12.61339118877354,0.0019021634153093547,-1
4516,21.82391,80.29545,9.033659073835498,2.087315653939897,0.8032735154110355,0.2502177273650074,0.12016587695036202,0.521807817225765,0.4510446342991953,6.443517057451908,0.0,0
4517,21.82391,80.31753,10.844863794925775,3.418926376089112,0.5464731212567865,0.10552365173287458,0.21563579073404288,0.5253940829621787,0.5860520060819853,12.791208575755107,0.10575430783324621,0
4518,21.82391,80.33961,12.806514447572715,5.012941845372242,0.39899309593496574,0.16080258220212607,0.03702057914167961,0.33516341682986545,0.3838249789413435,7.840205778001196,0.09390727956539692,0
4519,21.82391,80.36169,14.859146005361708,6.996854784214187,0.10290864959382764,0.0,0.22590565850608402,0.2918201475505389,0.5382484627787797,4.488712352062613,0.10922020919484388,0
4520,21.82391,80.38377,16.969775859045132,9.11966171820674,0.091974819221566,0.0,0.0,0.188199639303189,0.3154027562930216,3.617722873139509,0.09464002789136072,0
4521,21.82391,80.40584,19.11920576314173,11.303377556805707,0.19019983902167603,0.26278660947625815,0.0,0.32613302020634605,0.533713495250936,9.957232766719212,0.0,0
4522,21.82391,80.42792,21.295690346683458,13.518517631996588,0.08852857266501592,0.0,0.0,0.519308094816332,0.5982081395805999,3.4799834571712296,0.0,0
4523,21.82391,80.45,23.491711003906623,15.75183014921713,0.08140891390432217,0.03706386227233716,0.0,0.48809793413271685,0.7009054520511966,1.9725018527854656,0.17992235945586782,0
4524,21.84275,78.75,77.28378115293441,92.95277774037307,0.12471062016124791,0.15272462668037667,0.0,0.2310402544206543,0.4354943504399218,1.8743137162148058,0.0,0
4525,21.84275,78.77208,75.83783552093352,91.61854049230183,0.0,0.14629132077827925,0.0,0.2690687689548956,0.4759443835666005,3.118309588418756,0.0,0
4526,21.84275,78.79416,74.43383065764822,90.28432870604928,0.0,0.1271788572831731,0.0,0.11836591171955428,0.45982216013182226,3.395126440064161,0.14871961526521305,0
4527,21.84275,78.81623,73.07418410864962,88.95014239380087,0.02264568000568001,0.04846235888854806,0.29593660409611217,0.23975544942371363,0.5144375422026961,4.155788910944143,0.0,0
4528,21.84275,78.83831,71.76141728566722,87.61598156774879,0.0,0.11584492223409518,0.0,0.04171866205784485,0.4150518472881821,3.6109112251869595,0.0,0
4529,21.84275,78.86039,70.49814914803248,86.28184624008159,0.17177782214674106,0.21969929360030116,0.0,0.3775018634656051,0.2479878484798239,4.683178273132466,0.0,0
4530,21.84275,78.88247,69.28708721042653,84.94773642299177,0.10903112622538387,0.06800975257268758,0.049670410706181486,0.2267882031726301,0.4040183519998456,2.2915752783212695,0.17982456663519564,0
4531,21.84275,78.90455,68.13101552646822,83.61365212866907,0.034816886084058016,0.0,0.33736756736990825,0.3031336769116723,0.5431429760493873,8.388497432163623,0.09376379762977731,0
4532,21.84275,78.92662,67.03277932606116,82.27959336930704,0.21530892117424033,0.0,0.0,0.0,0.5292630835126649,1.7310191016294663,0.037845713662597154,0
4533,21.84275,78.9487,65.99526603940333,80.94556015709868,0.0,0.11142934744586294,0.0,0.4194042116855746,0.6272933762107604,6.517341233275624,0.0,0
4534,21.84275,78.97078,65.02138252717303,79.61155250423671,0.0,0.0,0.2581573648156384,0.17770213663120338,0.6679032274943996,1.4438637886895653,0.03852609402749722,0
4535,21.84275,78.99286,64.11402845819724,78.27757042291664,0.04396259441657884,0.2592311410278545,0.1756527935634839,0.230855332676028,0.4870581463030225,0.0,0.0,0
4536,21.84275,79.01494,63.27606593448552,76.9436139253335,0.0,0.0,0.08509106268080044,0.06258084876110326,0.32799123689337717,0.0,0.0,0
4537,21.84275,79.03701,62.51028565691261,75.60968302368252,0.03608911159586644,0.013659574500115564,0.0,0.10118147572042009,0.6064447278315422,3.792293579432882,0.0,0
4538,21.84275,79.05909,61.81937014693001,74.27577773016027,0.0,0.17998243113807516,0.09120209287956643,0.4424396958830392,0.5486200222303709,6.023437980265152,0.11138512279714356,0
4539,21.84275,79.08117,61.20585477904354,72.94189805696416,0.08287212976537311,0.0,0.0,0.15892233763405728,0.5138105726551926,0.01006351056326471,0.19878765645047414,0
4540,21.84275,79.10325,60.67208761889683,71.60804401629434,0.12694673116499366,0.028236921352693584,0.0,0.0,0.7208513883382065,0.7216679397922312,0.0,0
4541,21.84275,79.12532,60.220189281291105,70.27421562034432,0.03268819999793559,0.14389825502561054,0.286306588894727,0.06885954102103312,0.6130679625735912,4.007590679513515,0.0,0
4542,21.84275,79.1474,59.852014197090995,68.94041288131831,0.0,0.0,0.2604135689684434,0.1585979960436049,0.5671965996000858,2.997632385098659,0.11106162471336749,0
4543,21.84275,79.16948,59.56911478312835,67.60663581141415,0.0,0.0,0.08751276530853923,0.21849552775833253,0.5729340306099718,1.4822361816215088,0.0,0
4544,21.84275,79.19156,59.372710023571756,66.27288442283353,0.06778115949549582,0.1327279199315472,0.0,0.14593666217331702,0.6689487806580761,0.0,0.08844035343763156,0
4545,21.84275,79.21364,59.26365988032401,64.93915872777761,0.002563769041224663,0.010570875727946414,0.0,0.10622679974627323,0.45345232390208595,3.8102127478397216,0.0,0
4546,21.84275,79.23571,59.24244674984369,63.60545873844805,0.0,0.23486179259953746,0.0,0.3158045539678087,0.42675898309426097,4.7052947674473415,0.09231915404692091,0
4547,21.84275,79.25779,59.30916488271977,62.27178446704877,0.14917073586488347,0.0,0.0,0.3109376499394702,0.5172109122087457,4.287447193533426,0.0,0
4548,21.84275,79.27987,59.46351830143113,60.93813592578113,0.01643760925268328,0.0,0.0,0.10588649398440941,0.3850790554570135,3.0792552577288284,0.08789276760947755,0
4549,21.84275,79.30195,59.704827322729095,59.60451312685307,0.0,0.123295368079251,0.0,0.28939099511560235,0.5436318074468341,0.26713564233042986,0.0,0
4550,21.84275,79.32403,60.032043352404536,58.27091608246838,0.1194552351358991,0.13870101382008948,0.35347359558024577,0.13308393895483292,0.5635641428420437,3.8317218019268022,0.14805210226617374,0
4551,21.84275,79.3461,60.44377121161624,56.937344804830474,0.0,0.0,0.08018067403175429,0.5521184899368938,0.5403593195312043,3.6396498032810243,0.0,0
4552,21.84275,79.36818,60.93829791102198,55.603799306149426,0.0,0.06430283046091308,0.04377766370024741,0.14603921293796088,0.49939375873828873,0.0,0.07059721114064572,0
4553,21.84275,79.39026,61.51362653827543,54.27027959863,0.04312029208593683,0.11951626913821818,0.0,0.1841214707382961,0.7814144031911708,2.2355607546128424,0.0379393368088354,0
4554,21.84275,79.41234,62.16751378060266,52.936785694480726,0.2138719507038171,0.0,0.0,0.2048184061836147,0.6816862326849307,3.977825080162508,0.0,0
4555,21.84275,79.43442,62.897509568992405,51.60331760591107,0.1950144653801411,0.0,0.0,0.25299693658693223,0.536394820540722,2.825690763604626,0.21869241671054096,0
4556,21.84275,79.45649,63.70099739421168,50.269875345129144,0.04339517725683709,0.03082288401899134,0.0,0.1196099459299165,0.5630190115658056,0.0,0.053517767684855035,0
4557,21.84275,79.47857,64.57523398894078,48.93645892434683,0.05577326524470247,0.1452055403648578,0.01501342127571004,0.2840462703343788,0.7426839825206925,1.3742377199700302,0.12101258212221029,0
4558,21.84275,79.50065,64.4867749325078,47.60306835577219,0.09533827763870883,0.0,0.0767836329698628,0.10026608026910454,0.46815809266247776,1.207531637011625,0.0,0
4559,21.84275,79.52273,62.30168700056851,46.26970365162014,0.0,0.0,0.0,0.2559907224303224,0.41481006557647904,4.506826421725251,0.03852408705144384,0
4560,21.84275,79.54481,60.1236476769722,44.9363648241012,0.0778567819821728,0.0,0.029598175636729687,0.07412935383746629,0.5817567198417897,9.816868668008993,0.0,0
4561,21.84275,79.56688,57.95345172844542,43.60305188542714,0.0,0.06794750600130375,0.29381999240804924,0.3885031117474669,0.6079340269508485,3.4191334142815855,0.023876316038378278,0
4562,21.84275,79.58896,55.79201448340895,42.269764847813704,0.03908915904498038,0.0,0.3915709173809867,0.04728631427808093,0.6183724703293025,0.0,0.0,0
4563,21.84275,79.61104,53.64039479374895,40.93650372347424,0.0,0.0,0.15412857552744474,0.23687983963000267,0.6658626218329126,2.6779318972086155,0.8011577916934851,0
4564,21.84275,79.63312,51.49982322866546,39.60326852462542,0.061504626426994634,0.20154257484343524,0.0,0.004204016056872983,0.4474017299737049,3.1381060469983475,0.09682573277373668,0
4565,21.84275,79.65519,49.3717368701352,38.27005926348106,0.015870349546978555,0.0,0.14772190606443913,0.21225043461420146,0.35276366369526135,5.095240327034855,0.21293812045317814,0
4566,21.84275,79.67727,47.25782247396297,36.936875952259996,0.0,0.0,0.27051041518538405,0.25763794443865634,0.4680846431369636,6.378061192834142,0.0,0
4567,21.84275,79.69935,45.16007027201031,35.60371860317717,0.02411499889155022,0.0,0.0,0.2574815617237688,0.6313500719616219,6.7889074353402314,0.06384240094261724,0
4568,21.84275,79.72143,43.08084135096965,34.27058722845152,0.0803651866381028,0.0,0.29673099305445805,0.06999389282682808,0.420782152525368,4.596559961183758,0.14485803814735163,0
4569,21.84275,79.74351,41.02295238435256,32.93748184030293,0.057640978766937606,0.08667111446850022,0.0,0.0,0.27904846385691945,3.2295965973207887,0.0,0
4570,21.84275,79.76558,38.98978254580986,31.604402450950857,0.0,0.056151173012993535,0.0,0.15395523694309046,0.5698965223820189,7.1254872001484095,0.0,0
4571,21.84275,79.78766,36.985408700585175,30.271349072614388,0.2034994152253504,0.10167842374090465,0.0,0.398080714135548,0.47018757701038194,2.4080245886618346,0.15561858587606242,0
4572,21.84275,79.80974,35.01477640620333,28.93832171751486,0.04540696730599541,0.09498941108003614,0.06539160091756871,0.007412623251631112,0.30762326589325595,3.5029115174786987,0.0,0
4573,21.84275,79.83182,33.083915668289116,27.605320397875204,0.06256372242423823,0.34215725459543456,0.0,0.0,0.5596171843975223,2.7860011497146537,0.0,0
4574,21.84275,79.8539,31.200211328499535,26.272345125916104,0.1378803761124077,0.0,0.0,0.02661128722528237,0.4948185464107283,0.0,0.0,0
4575,21.84275,79.87597,29.372737397754847,24.939395913862004,0.05917240659267799,0.0,0.10889022878574316,0.20927001295435357,0.7831414818869535,6.869938286167143,0.0,0
4576,21.84275,79.89805,27.61266057606442,23.60647277393644,0.0,0.0,0.048995315935522706,0.28811767867447147,0.5604319848201827,5.409651245129719,0.0,0
4577,21.84275,79.92013,25.660322459095475,22.273575718364302,0.0,0.0,0.08369443546964686,0.052119959348257985,0.6292742191115828,0.0,0.0,0
4578,21.84275,79.94221,23.568096806752592,20.940704759370927,0.0,0.0,0.0,0.08323558245704571,0.5436512930676136,6.483077286461285,0.008145610639441117,0
4579,21.84275,79.96429,21.513939768962775,19.607859909182178,0.12939686827746216,0.03999905329263178,0.1547483532435714,0.09914157289322673,0.4608021008455994,3.229810043993047,0.10895677765856565,0
4580,21.84275,79.98636,19.509879611909426,18.275041180026857,0.005184778749641815,0.23159627119104265,0.2343261979807334,0.2737992102065613,0.4739920203613785,6.751577482662572,0.40568559676694443,0
4581,21.84275,80.00844,17.573064133543912,16.942248584129025,0.15552673202864886,0.28569023865558363,0.23205772136526912,0.1153627949467291,0.6906424611146929,4.566974438133693,0.0,0
4582,21.84275,80.03052,15.728354890599933,15.609482133719752,0.09200367335919897,0.13091775887854235,0.13135076059443623,0.27724887948854604,0.6401501416728371,1.0594934084852805,0.0,0
4583,21.84275,80.0526,14.012176750885851,14.276741841027766,0.24716877700558004,0.40714910539709953,0.2503896623684308,0.0586817240222631,0.3222368741098246,4.910644388530126,0.008222430097830032,0
4584,21.84275,80.07468,11.956345923601326,12.944027718281644,0.08020652605887654,0.03030390950823765,0.2652003916944597,0.2714496675698171,0.3479304274371444,2.8001611586375352,0.1354571660665817,0
4585,21.84275,80.09675,9.810273435642543,11.611339777714369,0.20050580220918518,0.0,0.6697157236987301,0.2729668723080474,0.3439806776408162,2.2975672108162404,0.20727115177361374,0
4586,21.84275,80.11883,7.740550343658868,10.278678031555135,0.24100983965633854,0.34598586615285565,0.4394418477643408,0.3776101143857281,0.6433648571330158,8.126679203040085,0.22596780185793863,-1
4587,21.84275,80.14091,5.8290799284552515,8.946042492037595,0.40533802575879774,0.0,0.25946219050737956,0.5767133281504904,0.23190568601668415,7.3488430096729624,0.22401766716912447,-1
4588,21.84275,80.16299,4.292740963911806,7.6134331713921295,0.07634267546719534,0.2321608278785958,0.18420623720396728,0.4477202199441634,0.5623145699823959,10.756074210841561,0.22056972472179645,-1
4589,21.84275,80.18506,3.6420428957779905,6.280850081855,0.29604742028423736,0.49897478975316756,0.3603486417743099,0.3072647888734844,0.49677413714981844,6.45338646244304,0.36516374623340403,1
4590,21.84275,80.20714,4.299852012871595,4.948293235659848,0.540181603486737,0.3742848031427342,0.29971152091472497,0.5226470481179318,0.4728759288605686,5.68998427236859,0.015334623763240907,-1
4591,21.84275,80.22922,5.839552851868431,3.6157626450404594,0.7328793187060674,0.30273749838738107,0.3789681773044702,0.8252239722689263,0.4082108838230729,10.683215128060565,0.0,-1
4592,21.84275,80.2513,7.7523819994727665,2.283258322235339,0.7122987180764371,0.10698402295884013,0.05535636939616115,0.670353993252678,0.661465711963357,7.815780133823038,0.41133045978812993,-1
4593,21.84275,80.27338,9.246569704690895,0.9507802794786889,0.8183297170556796,0.2945811774475285,0.3873566237181916,0.521207638761769,0.5230562395666538,10.291211625297679,0.04233600615934517,0
4594,21.84275,80.29545,10.540782085071934,0.3816714709917766,1.0,0.4527175224484167,0.0,0.7437088069118102,0.31329140557111823,12.991556411868686,0.11987092623599369,0
4595,21.84275,80.31753,12.128784883996474,1.9808077583541759,0.8230712748658022,0.23451994685433336,0.0,0.8505733937799544,0.353922563961676,9.894562320307696,0.0,0
4596,21.84275,80.33961,13.91032199332534,4.16681613777681,0.45617994753644797,0.03882894464178083,0.036758240672695626,0.4875579067930311,0.30004746605322397,7.393948872156644,0.26033754751013033,0
4597,21.84275,80.36169,15.820145119488663,6.41760142887228,0.38278254401275535,0.0,0.0,0.4465092227315523,0.7037272268101622,3.764326944772853,0.19256047669803172,0
4598,21.84275,80.38377,17.81704864813372,8.682934584989962,0.37690168250162326,0.0,0.0,0.39138246606246896,0.739129997623224,8.865553431223931,0.0,0
4599,21.84275,80.40584,19.874801869871035,10.953793440849068,0.3879708272713534,0.13156357726638315,0.0,0.41308958018281217,0.6947934718480007,4.706909909871105,0.0,0
4600,21.84275,80.42792,21.976318402370946,13.227332323475276,0.19941215010122385,0.10590836135476597,0.0,0.3863338034044571,0.5248288239074504,6.6769845031041,0.043909217166176795,0
4601,21.84275,80.45,24.110157282676667,15.502372103313187,0.08078866040704759,0.0,0.012010496401947221,0.030806799633731785,0.34671049085844663,5.8711749282829695,0.0,0
4602,21.86159,78.75,78.89905094768476,94.65730131277873,0.0,0.0,0.0,0.21579233244788878,0.4024380270879212,5.83758985444003,0.07820115456971591,0
4603,21.86159,78.77208,77.48344128372652,93.32307878880967,0.06688776267596082,0.06720419157199876,0.0,0.23129980291793162,0.41155725904569357,2.387804747337284,0.16730010812930307,0
4604,21.86159,78.79416,76.10998045517952,91.98888173025065,0.0,0.0,0.0,0.0,0.5436023585985915,2.0962587855672705,0.05187250534075031,0
4605,21.86159,78.81623,74.78099089903786,90.6547101492847,0.022757134162137017,0.11025299863940857,0.20284930997900238,0.35353337383340067,0.7442412093891897,0.11888187734950195,0.0,0
4606,21.86159,78.83831,73.49888503958023,89.32056405810096,0.0,0.0,0.2941503503560145,0.31378639092227534,0.7436915595188595,1.589548539086362,0.0,0
4607,21.86159,78.86039,72.26615829949107,87.98644346888591,0.1556472914657038,0.0,0.029555085624032203,0.3526998404826959,0.4816317609695109,3.8875360463255397,0.0,0
4608,21.86159,78.88247,71.08537967381372,86.6523483938292,0.0,0.024512461036927374,0.04511057360424826,0.24044398357532132,0.23688038610152973,0.8762511199044587,0.0,0
4609,21.86159,78.90455,69.9591795940489,85.31827884511732,0.0,0.3772377340813251,0.0,0.09173844773906793,0.38661959104395893,3.821733551953797,0.0,0
4610,21.86159,78.92662,68.89023484403396,83.98423483494135,0.011712025018674257,0.11985172112466866,0.09625263027975291,0.27035169163059497,0.716402062655642,6.815756502701323,0.0,0
4611,21.86159,78.9487,67.8812503459852,82.65021637549154,0.23891946689138793,0.021803269216058477,0.07804736358207319,0.0,0.5824255784813558,1.8433727881985427,0.0,0
4612,21.86159,78.97078,66.93493771753513,81.31622347895757,0.0,0.05742591446581039,0.2651736835892734,0.1775856498194221,0.5002066719157335,0.0,0.1289047585322145,0
4613,21.86159,78.99286,66.05399061054548,79.98225615753256,0.0,0.0,0.0,0.23727457892489418,0.4904455044139081,1.9264006688200583,0.10036088107950544,0
4614,21.86159,79.01494,65.24105698003507,78.64831442340966,0.0,0.0,0.0,0.21866310153594087,0.44487707301646956,0.0,0.08357979969037284,0
4615,21.86159,79.03701,64.49870859387508,77.31439828877981,0.19907019405869447,0.0,0.0678444318862869,0.0,0.38146744100910224,6.470653980709658,0.06875446998852279,0
4616,21.86159,79.05909,63.82940827494757,75.98050776583752,0.0,0.2767986698187765,0.0,0.2092893957949528,0.8400840816877984,3.2225534986551674,0.0,0
4617,21.86159,79.08117,63.23547555728044,74.64664286677711,0.0,0.244404028991871,0.0,0.3849437956084731,0.7905823586961733,1.1082702432275926,0.0,0
4618,21.86159,79.10325,62.71905162285762,73.31280360379662,0.32775958186265997,0.06287726359485085,0.0,0.0,0.4349329500634579,1.5469833108117947,0.0,0
4619,21.86159,79.12532,62.28206454977931,71.97898998908678,0.07091201458405771,0.021649479756985092,0.1612741486996736,0.2965677991946286,0.30445175805310454,0.0,0.24686814830981124,0
4620,21.86159,79.1474,61.926196027124746,70.64520203484847,0.0,0.0,0.0,0.2244908919379433,0.5736559816759518,5.632474102649862,0.0,0
4621,21.86159,79.16948,61.65285075955521,69.3114397532771,0.0,0.0,0.0,0.0,0.5293475687383061,7.780780413907349,0.0,0
4622,21.86159,79.19156,61.463129780642184,67.97770315657097,0.008106559774571939,0.2868338687492804,0.17132578700571544,0.22182667955032156,0.6379328084560842,0.0,0.0,0
4623,21.86159,79.21364,61.35780880878595,66.64399225693002,0.1015500314335068,0.02108698603051564,0.09180801192148473,0.0,0.6696377243543481,5.717952935525924,0.0,0
4624,21.86159,79.23571,61.337322611851555,65.31030706655227,0.2207589765742834,0.0,0.0,0.0,0.3861891457383243,2.367136967936959,0.03968152219823201,0
4625,21.86159,79.25779,61.40175610360875,63.976647597638596,0.04664960175200812,0.0,0.0,0.19741290009866708,0.7292233298120704,6.302837891293424,0.022876711005554426,0
4626,21.86159,79.27987,61.550842592987316,62.6430138623879,0.0,0.22094844105539005,0.0,0.28273101746517165,0.5005502985953517,0.0,0.0,0
4627,21.86159,79.30195,61.78396926971338,61.30940587300535,0.09448663173726829,0.0,0.24312809960259463,0.2909446360103414,0.6351006358016281,3.595929079338215,0.0,0
4628,21.86159,79.32403,62.100189665344416,59.975823641691704,0.0,0.0,0.0,0.16361838161931852,0.5133884266025666,1.9509458727215898,0.08998819089398769,0
4629,21.86159,79.3461,62.49824250626634,58.64226718064824,0.0,0.0,0.0,0.3881792489117458,0.679142636296973,4.726950263339868,0.0,0
4630,21.86159,79.36818,62.97657610115875,57.30873650208226,0.0,0.0,0.0,0.29495810026652347,0.21927321002739342,3.174414763342502,0.0,0
4631,21.86159,79.39026,63.53337719989758,55.975231618195195,0.0,0.0,0.0,0.35374982772519664,0.6533616432236846,3.0757783289708103,0.19262230296584865,0
4632,21.86159,79.41234,64.1666031355463,54.64175254119309,0.0,0.033444471436874186,0.0,0.045296131703818715,0.4335267356782258,2.745208352063023,0.0,0
4633,21.86159,79.43442,64.87401601866986,53.308299283282395,0.0,0.0,0.12856934711022905,0.29349385259676114,0.5602809720308936,7.086068000841956,0.0,0
4634,21.86159,79.45649,65.65321778784119,51.97487185666934,0.03776133836627763,0.12470455350277487,0.21777202415914085,0.15782228632338713,0.7242548751389899,2.5730065169770784,0.21738790122192583,0
4635,21.86159,79.47857,66.5016850194933,50.64147027356218,0.0,0.01305383020575576,0.055758241774419154,0.27588396637616824,0.4375559309826926,5.279536164606494,0.1695332369901698,0
4636,21.86159,79.50065,65.10189195085135,49.30809454616648,0.0,0.17049625783014558,0.11209225601370564,0.26748779566107184,0.41559435090294233,4.671708319230872,0.0,0
4637,21.86159,79.52273,62.93845277910329,47.97474468669444,0.0,0.0,0.05442848678510203,0.048924350418873455,0.49791744467011967,5.354477330452674,0.0,0
4638,21.86159,79.54481,60.7835234110022,46.6414207073535,0.0,0.48798667215036845,0.001914308221309216,0.24619539972796325,0.4890821729362105,0.4121804846828234,0.0,0
4639,21.86159,79.56688,58.638042098207166,45.308122620353295,0.0,0.0,0.0,0.49514962691479236,0.4029658394226165,4.897250518217285,0.0,0
4640,21.86159,79.58896,56.50308515494731,43.97485043790679,0.1829990979985638,0.0,0.0,0.0,0.5648617913832006,3.9438182280461196,0.1945920291445509,0
4641,21.86159,79.61104,54.379892203141104,42.641604172223985,0.0,0.0,0.0,0.15309737494295886,0.5721207044078409,0.0,0.20719903964724393,0
4642,21.86159,79.63312,52.26989686152093,41.30838383551908,0.10673410733677177,0.0,0.0,0.3830858602705789,0.6147854548471643,2.5391632877845605,0.026556889409730392,0
4643,21.86159,79.65519,50.174764197653246,39.97518944000314,0.0,0.0,0.046542935251881835,0.16808816991023065,0.43521342107607164,9.071111318034955,0.10401936823443682,0
4644,21.86159,79.67727,48.0964365991662,38.642020997891954,0.0,0.04913067938345106,0.0,0.41205485557124577,0.4177736452195502,2.104209518695373,0.0,0
4645,21.86159,79.69935,46.03719013828245,37.308878521398604,0.0,0.0,0.014704308061490111,0.1415398414758196,0.5333033998743941,2.1866400975023113,0.0,0
4646,21.86159,79.72143,43.99970401175148,35.97576202273833,0.0,0.028665551308502353,0.0,0.29182879946603557,0.5155629449861141,4.337131540400069,0.0,0
4647,21.86159,79.74351,41.98714623745043,34.64267151412857,0.0,0.0,0.0,0.23597303782377937,0.5181997760236571,1.7854102453450764,0.0516711644060879,0
4648,21.86159,79.76558,40.00327945922751,33.30960700778575,0.024284155462577773,0.0,0.0,0.08173355284151629,0.45073346513611207,3.587452604778227,0.14406737299056094,0
4649,21.86159,79.78766,38.052591389127706,31.97656851592677,0.0,0.1013742101724379,0.0,0.30750826064402337,0.5958534700985025,2.0905959723478142,0.0,0
4650,21.86159,79.80974,36.14045495120387,30.643556050769877,0.0,0.3741603850651314,0.12245214982037651,0.2662046001772097,0.417568561372062,4.345113222958303,0.19002653451573515,0
4651,21.86159,79.83182,34.27332327550037,29.310569624535574,0.12658572691645045,0.0,0.0,0.0,0.5322344561005893,3.1857205340743016,0.0,0
4652,21.86159,79.8539,32.45896373752866,27.97760924944117,0.060659577851109495,0.0,0.16523079842851082,0.0,0.5062139375035075,8.477142886570288,0.013465352723437034,0
4653,21.86159,79.87597,30.67227229084441,26.64467493770863,0.0,0.0,0.0,0.15314727259710328,0.5441111045094692,3.585746161957787,0.0,0
4654,21.86159,79.89805,28.583646958013496,25.311766701558444,0.032177993715231355,0.0,0.0,0.08952470535481546,0.714231391143003,2.9617476542948307,0.19803282545229642,0
4655,21.86159,79.92013,26.526429566134308,23.97888455321332,0.008321507011512708,0.0,0.3811107089928569,0.11096299085196203,0.363565730775649,6.30335420797453,0.07918496644713241,0
4656,21.86159,79.94221,24.508530476696446,22.64602850489583,0.0,0.1482298594823453,0.0,0.0,0.2118489408395754,0.11005534128011929,0.0,0
4657,21.86159,79.96429,22.54051191368762,21.313198568828472,0.03712106922881059,0.0,0.2701772804501651,0.20543867867365267,0.46214129913851876,8.24137721658535,0.013373844889751248,0
4658,21.86159,79.98636,20.636649462457562,19.98039475723757,0.0,0.38477151692138395,0.34967919633653477,0.3132551768116136,0.382400634660378,1.4073891904699027,0.0,0
4659,21.86159,80.00844,18.81642736885388,18.647617082344127,0.0,0.09765096968146983,0.17930288253732551,0.06305672040106207,0.11956181212230055,7.233814995871162,0.0,0
4660,21.86159,80.03052,16.945715314802598,17.314865556377033,0.0,0.0,0.0,0.4596451611953623,0.7826188885536502,8.101546345837722,0.0,0
4661,21.86159,80.0526,14.821559493462235,15.982140191562246,0.026657703782559147,0.0,0.3394235604194426,0.23045970198695925,0.6114468575594144,3.157045047700563,0.0,0
4662,21.86159,80.07468,12.75092195947019,14.649441000124977,0.15506029085474238,0.0,0.01439646825145735,0.36584214782602226,0.6195190649811504,3.650145312805697,0.10332220813540699,0
4663,21.86159,80.09675,10.764730544607131,13.316767994295734,0.025308506389362426,0.22617829239522896,0.0,0.29609601824784915,0.4767798212394856,4.765612217382264,0.006214381721485598,0
4664,21.86159,80.11883,8.919577648192336,11.98412118630063,0.438178961269324,0.0,0.08038983519137514,0.3260050018843658,0.5636862225582371,6.992584156888739,0.0,0
4665,21.86159,80.14091,7.322863970810042,10.651500588371155,0.2757233457556327,0.0,0.09724075499373162,0.24582446179485787,0.4318124887252488,3.1608949444168557,0.0,-1
4666,21.86159,80.16299,6.170562224732566,9.318906212734609,0.3680998414568321,0.14370577113209332,0.07119842038057225,0.3223129283378089,0.5924911400128894,5.911662106637505,0.20441845657059587,-1
4667,21.86159,80.18506,5.737017521715291,7.986338071624782,0.3596271909530264,0.3801182723588935,0.5038917666514087,0.4918136450676453,0.49959670701628817,5.890727067393624,0.16966510411893626,-1
4668,21.86159,80.20714,6.175510704915888,6.653796177271935,0.5522436885222783,0.4662776913461609,0.10559908150515124,0.4613378756701768,0.4734316114313667,4.303573879196389,0.2501133767838056,-1
4669,21.86159,80.22922,7.331202174827899,5.321280541907383,0.3174987243027609,0.46940826773167804,0.20503004014608148,0.29224031785671134,0.49651403775878256,5.265685258440196,0.09054310052513218,-1
4670,21.86159,80.2513,8.929845928615741,3.9887911777665477,0.20708866274462084,0.3170615672031744,0.0,0.5005458471336804,0.7100120564992266,9.11125686239596,0.2380795478398534,0
4671,21.86159,80.27338,10.776075392941577,2.6563280970817584,0.588751082501882,0.21680866134194346,0.11892931108438032,0.5648752083377078,0.5402344678227836,9.98716146989252,0.0,0
4672,21.86159,80.29545,12.222398726102696,1.3719099356352142,0.862591858801439,0.3730634208962259,0.0,0.6450565949396133,0.37977256826430716,8.741195883142305,0.014816234195464557,0
4673,21.86159,80.31753,13.615492100906113,2.221710421156018,0.7087194875419947,0.03119149675031932,0.0,0.5983943676889029,0.5763887631202324,10.23730292989289,0.05279099028215887,0
4674,21.86159,80.33961,15.223834951487943,4.286371723004177,0.5225447353214266,0.0,0.028373888672737786,0.5429271563713819,0.6026498588215036,6.907820891750328,0.11461960954983567,0
4675,21.86159,80.36169,16.9863947354825,6.495621036658875,0.4972217368719516,0.191594205371844,0.24785301478923732,0.7133275787937028,0.5179506219667399,10.771609952662407,0.07208789968948162,0
4676,21.86159,80.38377,18.859983839444553,8.74049924304456,0.2788392087798723,0.0,0.11401593121364581,0.35880899177342607,0.5340778093402911,6.140016682164795,0.07961216177373531,0
4677,21.86159,80.40584,20.814641534180513,10.999212923719325,0.2557702716922676,0.056889347430162746,0.12000061172127044,0.3855716168334549,0.3945007768979799,8.504996277823615,0.044838052017854714,0
4678,21.86159,80.42792,22.82955408754646,13.264696208555993,0.0,0.06925708844138777,0.0,0.06336479713236622,0.5591384202003609,0.6603741776676033,0.0,0
4679,21.86159,80.45,24.890092437360728,15.533987497695234,0.0,0.07705053180655218,0.0,0.0,0.37681451764078866,5.4411480792610885,0.14477309006094286,0
4680,21.88043,78.75,80.53642237895383,96.36174295482148,0.19369377671379243,0.15004811565885015,0.15822847742009363,0.3118378392945651,0.5148911275166038,4.550006287414803,0.0,0
4681,21.88043,78.77208,79.15028581036151,95.02753516168605,0.012108316553537913,0.13313376663401238,0.0,0.041476926870757505,0.45629443828929905,2.6417369586506125,0.0,0
4682,21.88043,78.79416,77.80643169233615,93.69335283754933,0.0,0.031202062821951978,0.16688740538853053,0.3155710049723887,0.6876064029836875,1.5992520740625056,0.254694695120816,0
4683,21.88043,78.81623,76.50708817057598,92.35919599459159,0.0,0.0,0.24719011538038843,0.1542416228761388,0.7669914683404915,2.600214806913905,0.0,0
4684,21.88043,78.83831,75.25456086399889,91.02506464499861,0.0,0.017244799999095298,0.0,0.08778926103338333,0.38979388008111887,4.930774070297403,0.0,0
4685,21.88043,78.86039,74.05122543210801,89.69095880095449,0.0,0.0,0.0,0.2713477463800527,0.5493522683669969,0.0,0.2220484138822686,0
4686,21.88043,78.88247,72.89951793698482,88.35687847464582,0.0,0.0,0.0,0.15009152003245352,0.5065486307495968,4.821763932070564,0.0,0
4687,21.88043,78.90455,71.80192279166977,87.02282367825693,0.0,0.4189124776726367,0.0,0.34498034031909075,0.6150201075699706,3.82831963784594,0.0,0
4688,21.88043,78.92662,70.7609581238139,85.68879442397618,0.0,0.02915594173343896,0.0,0.006982594204759305,0.5634723216014929,2.3225992816305765,0.1917376872092253,0
4689,21.88043,78.9487,69.77915843923147,84.35479072399045,0.0,0.07204580810835065,0.2602924199871848,0.0,0.49576565857345706,2.433802175391508,0.0,0
4690,21.88043,78.97078,68.85905454635544,83.02081259048705,0.13286009318671965,0.0,0.0,0.29318947740004825,0.5631229989423677,3.1617237635122835,0.0,0
4691,21.88043,78.99286,68.00315080022101,81.68686003565625,0.03517042105823159,0.16322096988506232,0.2650426366634371,0.4116017574991987,0.5199464316869651,7.313439963087183,0.0,0
4692,21.88043,79.01494,67.21389984268625,80.35293307168823,0.03183964868574009,0.12165448556245569,0.0,0.24944541108387422,0.7724761157441873,3.905999839201733,0.0,0
4693,21.88043,79.03701,66.49367515094569,79.01903171077211,0.0,0.1227892846481523,0.4228116208126189,0.44060913545577807,0.4388865727281434,0.5503845501249978,0.10927526755501457,0
4694,21.88043,79.05909,65.84474185343183,77.68515596509867,0.0,0.03439781135432599,0.0,0.13588902099267913,0.5860447110139725,1.8698300504801004,0.0,0
4695,21.88043,79.08117,65.26922642246393,76.35130584685987,0.04332310758118792,0.16548838576854938,0.0,0.28587126162326343,0.6213449130912778,0.025958498104908134,0.0,0
4696,21.88043,79.10325,64.76908599573242,75.01748136825096,0.08594720457666251,0.20349085937350028,0.0,0.16925636786895734,0.6113827097213967,0.0,0.0,0
4697,21.88043,79.12532,64.34607820108602,73.68368254145962,0.0,0.045320901503417985,0.0,0.1935714228992919,0.5082910654930787,0.0,0.0,0
4698,21.88043,79.1474,64.0017324476346,72.34990937868461,0.12950064965977118,0.0,0.2676429021550352,0.0,0.7415536903402956,3.3151025780375885,0.0,0
4699,21.88043,79.16948,63.737323688137984,71.01616189211855,0.0009659560725772124,0.14316633839849333,0.09491475393906666,0.1483836490508955,0.25755141732906395,6.315657282977959,0.0,0
4700,21.88043,79.19156,63.553849642828396,69.68244009395643,0.09515069522894347,0.0,0.20577122433999848,0.3864094557087447,0.3968439003494766,5.592916730100685,0.2663330650166793,0
4701,21.88043,79.21364,63.45201239723327,68.34874399639577,0.0,0.0,0.0,0.0,0.642894684221365,0.000851744435753421,0.04837639045241198,0
4702,21.88043,79.23571,63.4322051460679,67.01507361163148,0.0,0.0,0.13097353063130007,0.132363596419119,0.4267798104018824,0.9313632567392047,0.0,0
4703,21.88043,79.25779,63.49450465809134,65.68142895186229,0.032220691006839046,0.0,0.0,0.24769027415006478,0.4186035359974469,0.565514336994585,0.011439046748313298,0
4704,21.88043,79.27987,63.638669795575005,64.34781002928437,0.08706088390609541,0.1324956337675952,0.0,0.21851526927957488,0.4845876670149456,0.0,0.0,0
4705,21.88043,79.30195,63.86414615451862,63.014216856099566,0.06906915109654128,0.0,0.047760475614886104,0.06291580587892506,0.4400051657872306,2.572327507223378,0.19111598731426452,0
4706,21.88043,79.32403,64.1700766189707,61.680649444506166,0.050696708187457626,0.0,0.04571452238177269,0.2153022896736325,0.6391879299497091,5.097965567374477,0.0,0
4707,21.88043,79.3461,64.55531736641862,60.34710780670265,0.0,0.0,0.010675549191870222,0.001861782806277787,0.6766124200814094,2.354805366810495,0.0,0
4708,21.88043,79.36818,65.01845864084726,59.013591954893336,0.0,0.006442372579857872,0.14351755824827261,0.4817172511859905,0.5623602122380128,0.0,0.2980796136658565,0
4709,21.88043,79.39026,65.55784944104828,57.68010190127775,0.06627422283055939,0.0,0.17471859036580617,0.18656721651107971,0.6976440961513053,0.8174360643341076,0.0,0
4710,21.88043,79.41234,66.17162516345772,56.34663765805833,0.051257153015716504,0.0,0.2939506321950054,0.12340793954286108,0.3558959238261523,2.162186851737387,0.12762948418069803,0
4711,21.88043,79.43442,66.85773719412963,55.01319923743902,0.0,0.0,0.0,0.48812098018402966,0.5606213836854279,5.022505550035611,0.010222474901460967,0
4712,21.88043,79.45649,67.61398346006368,53.67978665162302,0.1332610776705436,0.0,0.3004069144094018,0.3154166260339686,0.7387109355129696,2.5477900873254287,0.0,0
4713,21.88043,79.47857,67.92724894891055,52.34639991281641,0.0,0.0,0.3764657603256695,0.0,0.6867573898445325,4.677572541155947,0.0,0
4714,21.88043,79.50065,65.77800627665151,51.013039033221744,0.0,0.17346109335107088,0.0,0.06259456478349328,0.7510777049816104,2.819601842085039,0.2173363260160191,0
4715,21.88043,79.52273,63.63784308961408,49.67970402504873,0.1966245751881197,0.0,0.0,0.37728502490811594,0.467388655084341,3.651705167811166,0.0744490005669873,0
4716,21.88043,79.54481,61.507707204307884,48.34639490050145,0.10454647651544496,0.0,0.0,0.003369356428721479,0.6783995129962217,0.5973711957229191,0.09617841826032975,0
4717,21.88043,79.56688,59.388677645474004,47.013111671787094,0.0,0.0,0.0,0.21180289222839183,0.4902412868169613,1.2652907557193542,0.1423637538653124,0
4718,21.88043,79.58896,57.28198703936046,45.67985435111555,0.03497952018001525,0.06783527372574777,0.4028523038203163,0.0,0.6333071234740115,0.0,0.05470470298450962,0
4719,21.88043,79.61104,55.18904846664523,44.346622950694986,0.019191784175198772,0.0,0.003451092790696769,0.0,0.7335025102788952,4.629511758208379,0.0,0
4720,21.88043,79.63312,53.111487756595416,43.01341748273592,0.0,0.0,0.0,0.024489402428572574,0.43880191162196985,2.3185379401808053,0.0,0
4721,21.88043,79.65519,51.05118242482689,41.68023795944696,0.0,0.0,0.0,0.06160229694311031,0.2901527506972586,0.0,0.24634323684100506,0
4722,21.88043,79.67727,49.01030871972573,40.34708439304113,0.0,0.172828324306228,0.0,0.16323288331934405,0.8086024536917787,4.352695706424192,0.033282945252820065,0
4723,21.88043,79.69935,46.991398546790364,39.013956795728454,0.0,0.05506097083076401,0.17507099085978325,0.3217407682256818,0.6182584364810764,5.6506978527208,0.012683192426880383,0
4724,21.88043,79.72143,44.9974083773328,37.680855179722,0.03152544137720096,0.0,0.0,0.0299233756236034,0.5348981971374476,1.026311302805936,0.2887344644418462,0
4725,21.88043,79.74351,43.031802593340856,36.34777955723647,0.13787703785521854,0.0,0.4202859281625122,0.2035804296171129,0.5271654235019786,4.407333357556393,0.0,0
4726,21.88043,79.76558,41.09865401917543,35.01472994048489,0.0,0.1449353349568863,0.1260966914267169,0.32416376794435553,0.2563211985515718,2.638619376750189,0.0,0
4727,21.88043,79.78766,39.202764536035,33.6817063416817,0.0,0.0,0.16662926535109718,0.09981781955199348,0.5789316721732691,0.0,0.0,0
4728,21.88043,79.80974,37.34980847052003,32.348708773042425,0.04353755562845339,0.0,0.0,0.17002060952974257,0.47532498595986317,8.325034729716693,0.0,0
4729,21.88043,79.83182,35.54650055403105,31.01573724678446,0.0,0.0038227843648614805,0.0,0.38762364905974955,0.5568118055785216,2.7571294554799533,0.01877497438686772,0
4730,21.88043,79.8539,33.59865941363692,29.68279177512326,0.0,0.0,0.0,0.09133639981509481,0.5535012666836133,3.85626493117268,0.2227103574707665,0
4731,21.88043,79.87597,31.53940667627596,28.34987237027711,0.0,0.4388288850755608,0.0,0.35846630892104014,0.07607113249666592,1.7617379882840676,0.1350001179852353,0
4732,21.88043,79.89805,29.51249001982756,27.016979044464044,0.28009814028701835,0.0,0.18581751869652335,0.29254835203106255,0.6171334534913819,2.678860630371857,0.0,0
4733,21.88043,79.92013,27.525054004820234,25.684111809904,0.0,0.08281652891739777,0.0,0.008548313241284328,0.5744200933868916,3.9389516949789685,0.448379811452176,0
4734,21.88043,79.94221,25.58630040099458,24.351270678816483,0.0,0.0,0.1981336892430289,0.13749089016961377,0.5924456939731942,0.890810644793941,0.0,0
4735,21.88043,79.96429,23.70817538334387,23.01845566342181,0.021128234558503867,0.10051097805730837,0.03792351732116388,0.22920488090616956,0.5204755413679308,8.101718392240036,0.19724901919545318,0
4736,21.88043,79.98636,21.906278443848276,21.68566677594355,0.0,0.15908618107072095,0.0,0.1958578046011018,0.551656482891513,5.987908505306397,0.0887011631426886,0
4737,21.88043,80.00844,19.834436950169934,20.352904028599315,0.14161535836849792,0.0,0.0,0.04541136922256474,0.566858761606162,5.281562988453846,0.0032762355237928157,0
4738,21.88043,80.03052,17.76374088247983,19.020167433615544,0.13959334723044622,0.023281468863343598,0.09197979118564654,0.2463409266450108,0.5780395079118896,3.718856341243595,0.0,0
4739,21.88043,80.0526,15.75057925479894,17.687457003215112,0.04671868230396057,0.0,0.0019173000095831227,0.31356738985780847,0.6020955154551453,2.2818899950431524,0.0,0
4740,21.88043,80.07468,13.820117969203178,16.354772749621052,0.03301323353955931,0.0,0.24527291535039863,0.36226388534034315,0.5696021337476629,7.140557951024553,0.0,0
4741,21.88043,80.09675,12.012295066994886,15.022114685061108,0.06834818807779697,0.2413458782255149,0.0,0.3218720662403625,0.7819503876807594,6.283511498770392,0.0,0
4742,21.88043,80.11883,10.39131676465168,13.689482821758014,0.08954827880753108,0.012348971440086773,0.24415996458797118,0.37809436541836594,0.41296783414026805,3.9278357974342546,0.0,0
4743,21.88043,80.14091,9.058054725471454,12.356877171940784,0.11811555992466188,0.0,0.48228369840567764,0.4723389244579133,0.4533100330203564,2.460385648232575,0.3162845098196939,0
4744,21.88043,80.16299,8.154870153997738,11.024297747833943,0.1366737101415495,0.44312187397018,0.23612963390938302,0.24915719810246822,0.7356378384725686,1.546678661031371,0.08362153592387501,0
4745,21.88043,80.18506,7.831993352891913,9.691744561668202,0.22912676709171806,0.05196019548687983,0.34965779688998005,0.13577799644278005,0.47413914455026823,6.140257985728263,0.40952606394382235,-1
4746,21.88043,80.20714,8.158614678318644,8.359217625671953,0.338664255994679,0.14606718052980608,0.2958728923485508,0.3979313463977403,0.6290852914992309,5.908037400231477,0.0,0
4747,21.88043,80.22922,9.064796075467259,7.026716952072823,0.16238846465512638,0.44419229746370525,0.5335435302349878,0.504627202478847,0.524823989041036,10.205199956872168,0.0,0
4748,21.88043,80.2513,10.40013090400538,5.69424255310376,0.26103264047332747,0.1557170487544007,0.19505683708015217,0.5449155372018435,0.4827682247460705,10.360163964464897,0.13039878294981452,0
4749,21.88043,80.27338,12.022461383877292,4.361794440994014,0.2735512842936929,0.15592528793275345,0.22989282365713637,0.7961350904505954,0.6611088324415846,8.644373971390035,0.0,0
4750,21.88043,80.29545,13.831163792723391,3.4165470358091015,0.6698186769243692,0.0,0.057450842278595426,0.47794538829203237,0.6026312674813583,8.946203270242338,0.1691480395870377,0
4751,21.88043,80.31753,15.245775739305863,3.8374797751736613,0.5575527483242104,0.0,0.0,0.6296789490473503,0.31948051920953435,5.8803479515986545,0.23909606658610771,0
4752,21.88043,80.33961,16.697637267360385,5.306737548652586,0.47357074619771505,0.11369810500482208,0.0,0.5417236684654062,0.5619177615448196,10.7492958773082,0.18179585498118914,0
4753,21.88043,80.36169,18.318735314766766,7.209606821973295,0.12917255598379287,0.16726359880598884,0.2819998567271123,0.2580595524874104,0.4012491107261209,6.892148636061589,0.22203982394681257,0
4754,21.88043,80.38377,20.06809897296338,9.283164971380517,0.42703811829184635,0.13219276580447004,0.0,0.23576288877111512,0.7209070864358241,7.782096644278618,0.1330782629319333,0
4755,21.88043,80.40584,21.915033367593683,11.43493011702629,0.07563829836371341,0.0,0.16405352756193037,0.5500159605014828,0.7903173882261408,8.585791158099592,0.0,0
4756,21.88043,80.42792,23.836869242483804,13.627907186926317,0.12336081515835556,0.05068953726600685,0.093695561517326,0.3014487942758138,0.8085920191506831,3.5092536227719884,0.18315174439444076,0
4757,21.88043,80.45,25.816884744792688,15.844993950667519,0.17382805777260973,0.0,0.1908772326209439,0.14067504539553427,0.5973458077538846,2.394964007175342,0.11205425079763551,0
4758,21.89928,78.75,82.19457461877872,98.06610259863324,0.0,0.07362791063980037,0.0,0.11920172055149174,0.4853803045380259,9.418801498035393,0.0,0
4759,21.89928,78.77208,80.8370552938409,96.73190954307185,0.0,0.025826338175661875,0.0,0.05719601917870179,0.5950458866753611,4.545812227818539,0.0,0
4760,21.89928,78.79416,79.52188509957648,95.39774196009425,0.021500737369521707,0.31578740096606495,0.07567478818439499,0.015654118024975835,0.4184382140772726,2.275868305662286,0.0,0
4761,21.89928,78.81623,78.25119938147584,94.0635998618776,0.3428969244552605,0.0011987025355834247,0.0,0.0,0.8783693985317633,6.223989100430686,0.1778367298315798,0
4762,21.89928,78.83831,77.02719972297506,92.7294832606053,0.03613516323806399,0.0,0.0,0.07467840464615516,0.7172094526766636,2.198833649778448,0.01870866982867786,0
4763,21.89928,78.86039,75.85214625300578,91.39539216845957,0.19276358050264775,0.0,0.3877059280734381,0.014480126298262501,0.5926330425039427,3.846611914352114,0.0,0
4764,21.89928,78.88247,74.72834797002189,90.06132659762248,0.14468108021462173,0.0,0.0,0.025911846386496615,0.6895861075210179,1.5229993340534034,0.0,0
4765,21.89928,78.90455,73.65815092705814,88.72728656027712,0.04416158256481486,0.0695570791266243,0.0,0.24652408805013482,0.4811576903920688,2.9563473544650885,0.0,0
4766,21.89928,78.92662,72.64392416009957,87.39327206860759,0.0,0.004307244011307301,0.0,0.0,0.39488476343918405,2.2879635236790543,0.0,0
4767,21.89928,78.9487,71.68804329503433,86.05928313479986,0.12717102325656177,0.0,0.2505734613160677,0.22440723037169724,0.2401432308822103,1.0457426901669007,0.12723597151785015,0
4768,21.89928,78.97078,70.79287183783302,84.72531977103755,0.0,0.0,0.0,0.0,0.5616264439001827,3.6321766977995193,0.0,0
4769,21.89928,78.99286,69.96074023820219,83.39138198950792,0.1921059351435225,0.04207275971291619,0.23397911516047812,0.0,0.5208566544287416,1.3405040508702326,0.0108200510803331,0
4770,21.89928,79.01494,69.19392291752783,82.0574698023987,0.02400178641552807,0.2213071257112169,0.0,0.05270186600084864,0.6226985377693378,4.498553868718387,0.0,0
4771,21.89928,79.03701,68.49461356423919,80.72358322189567,0.0,0.012706057344119061,0.05290817104296778,0.1853140948328536,0.551827973996554,2.2093302488805535,0.12261413244156448,0
4772,21.89928,79.05909,67.864899118827,79.38972226018836,0.0,0.13013985843685816,0.0,0.06342729097745038,0.6163414886111875,0.0,0.0,0
4773,21.89928,79.08117,67.30673298955881,78.05588692946517,0.07847597788409716,0.1620639738090481,0.3983872467054262,0.19399140997119507,0.6635489894495872,4.615745530954062,0.0,0
4774,21.89928,79.10325,66.82190814987892,76.72207724191803,0.0,0.04270383492596616,0.024928250405510236,0.0012900436700378215,0.34557173276256814,4.6595400721770295,0.15828942641838534,0
4775,21.89928,79.12532,66.41203085967784,75.38829320973218,0.08580419043819257,0.0,0.0,0.0,0.6716428407513314,8.861307191491502,0.0,0
4776,21.89928,79.1474,66.07849581501553,74.05453484510438,0.0,0.031273208479735935,0.0,0.0,0.4930754676056288,3.0484797270680346,0.024748845975832285,0
4777,21.89928,79.16948,65.82246355527165,72.72080216022333,0.0,0.19315990972134875,0.01793249160376128,0.1285141694380873,0.6224575989126045,3.4794231034848813,0.20380810681566336,0
4778,21.89928,79.19156,65.64484093603053,71.38709516728221,0.0,0.08481585293686862,0.03554056480163707,0.19424663179560092,0.6931082114412039,4.247565910839884,0.0,0
4779,21.89928,79.21364,65.54626540650622,70.05341387847572,0.003796379015880875,0.11975866390492906,0.08775783477448326,0.1573974441932028,0.6940695910014559,5.654973747490667,0.0,0
4780,21.89928,79.23571,65.52709371256759,68.71975830599517,0.0,0.0,0.0,0.0,0.5680777800141897,5.493065132455776,0.0,0
4781,21.89928,79.25779,65.58739548567021,67.38612846203772,0.14728819411230068,0.0,0.0,0.09768104293279674,0.574983037605239,3.8338831354802148,0.021031934663882913,0
4782,21.89928,79.27987,65.72695198406286,66.0525243587953,0.0,0.0,0.0,0.0,0.6748642166190066,2.9201105219642107,0.0,0
4783,21.89928,79.30195,65.945260039001,64.71894600846879,0.037600549829949814,0.0,0.12133663950361509,0.0757753232645782,0.33983196658775316,5.1977007938468045,0.14726392047138775,0
4784,21.89928,79.32403,66.2415410411285,63.38539342325281,0.008182219868960058,0.18696394141715025,0.0,0.19233896586393623,0.4167757237680598,2.8139047245939057,0.0,0
4785,21.89928,79.3461,66.61475459688438,62.05186661534284,0.0,0.0,0.13456065149309554,0.2553636286660017,0.5109010430355778,0.0,0.20386960707291735,0
4786,21.89928,79.36818,67.06361630654949,60.71836559694067,0.0,0.005012564056050685,0.006347677666341859,0.19393024941409154,0.3634060314155291,0.0,0.2567464972052047,0
4787,21.89928,79.39026,67.58661897611486,59.38489038024253,0.0014796231445161096,0.0,0.0,0.06288724524992603,0.5119570888612399,2.2497754229551568,0.04104715690781584,0
4788,21.89928,79.41234,68.18205648201585,58.05144097745029,0.23780681964775335,0.0,0.23883208414581586,0.25031364986947424,0.5043088254761064,3.3261419140576294,0.0,0
4789,21.89928,79.43442,68.84804946378298,56.71801740076153,0.0695908310506567,0.10769118075361579,0.0,0.08379043556639411,0.5621928441355161,9.443769715356146,0.0,0
4790,21.89928,79.45649,69.58257202301104,55.38461966238031,0.0,0.0,0.0,0.1930890149701997,0.5420344813748563,2.70706125595543,0.0,0
4791,21.89928,79.47857,68.63920639037352,54.051247774507424,0.0,0.0,0.24648878392390805,0.35913562669725296,0.6997066425317527,3.143343518518871,0.28357867631405037,0
4792,21.89928,79.50065,66.51325780360143,52.71790174934418,0.0881192408977114,0.2961487503669418,0.36601431005257984,0.19946902688480161,0.6302175907510158,1.974458870904698,0.0,0
4793,21.89928,79.52273,64.39781756961487,51.38458159909632,0.0,0.1620017752233451,0.4572050745538488,0.22589696647626298,0.5400512586867287,4.638727458575642,0.2212475955495577,0
4794,21.89928,79.54481,62.29395630243394,50.05128733596639,0.13719023992248164,0.09239756899323225,0.010080748690337104,0.21918530768085692,0.5033370752488895,3.763487563847381,0.017832285884063194,0
4795,21.89928,79.56688,60.202887981739,48.718018972158596,0.0,0.061491020114072266,0.09159357892075194,0.022166212267101568,0.5433330865301013,1.380444606801182,0.00733306312599986,0
4796,21.89928,79.58896,58.12599333832901,47.384776519877995,0.04239718514566506,0.0,0.1635061389623908,0.43639108619919964,0.5458070451780135,0.41672835683313325,0.0,0
4797,21.89928,79.61104,56.064847609839525,46.05155999133266,0.10200498542175904,0.3206915595115561,0.2550449813498771,0.06594163925197195,0.9,2.007800583442804,0.0,0
4798,21.89928,79.63312,54.0212535396812,44.71836939872906,0.0,0.12928179110964838,0.0626617809230547,0.0,0.34592159552918805,0.8698043439520595,0.14235457148937883,0
4799,21.89928,79.65519,51.99728065603345,43.38520475427394,0.0,0.0,0.1852924818383494,0.29904050695940565,0.42028703189954614,2.471540587929681,0.0,0
4800,21.89928,79.67727,49.995312047992435,42.05206607017667,0.00393554291317768,0.0,0.0920449854245531,0.15981676760056238,0.39974225767138694,3.4519913187879583,0.15355844861207935,0
4801,21.89928,79.69935,48.01810004193825,40.7189533586451,0.06625008342631011,0.0922383740713502,0.10457404547113822,0.31482408230833975,0.5876311453014693,1.7944748080734,0.23054051263967537,0
4802,21.89928,79.72143,46.06883235085858,39.38586663188964,0.0,0.0,0.0,0.018503010131734624,0.582061701416156,6.8948536706277785,0.0,0
4803,21.89928,79.74351,44.15121038126166,38.05280590211983,0.11864010120329395,0.0,0.0,0.31202395028298835,0.4696425226842735,6.145648437718405,0.1932778314552646,0
4804,21.89928,79.76558,42.269541363184736,36.71977118154952,0.0,0.07113138023246993,0.0,0.33163597050323823,0.6752821086965365,2.5553211752535203,0.1677220399885215,0
4805,21.89928,79.78766,40.428845695480206,35.3867624823885,0.0,0.0,0.0,0.3363888277911333,0.60151499146195,0.6696318673197101,0.13908050105582967,0
4806,21.89928,79.80974,38.613129948360005,34.05377981685008,0.24066555261375272,0.08849671504126826,0.0,0.03725939050526585,0.6810133296604804,3.1271709576155517,0.0,0
4807,21.89928,79.83182,36.552444909949436,32.72082319714805,0.0,0.0749434297512253,0.0,0.38256025727286525,0.7180314664109677,2.8896341164823216,0.0,0
4808,21.89928,79.8539,34.519210773715976,31.387892635495962,0.0,0.0,0.0,0.16204408974436618,0.2510191946723866,3.11194858762761,0.0,0
4809,21.89928,79.87597,32.518577121564554,30.054988144109743,0.0,0.10731532968182948,0.023171815147831506,0.2676924945384868,0.6451006950321279,2.2842449322183382,0.3345729849108522,0
4810,21.89928,79.89805,30.5569479555892,28.722109735203553,0.0163990128724635,0.0,0.11423952141036832,0.07979447531947237,0.3681634038399082,0.6416185771436993,0.0,0
4811,21.89928,79.92013,28.642338347773098,27.389257420993975,0.0,0.0,0.04200385799477768,0.2106483574648361,0.5832279942660163,3.5198294829219368,0.0,0
4812,21.89928,79.94221,26.784833270729784,26.056431213699113,0.010908808412388227,0.0,0.0,0.1148642986924568,0.5374916378885356,2.5853638248116164,0.0,0
4813,21.89928,79.96429,24.847611073938065,24.72363112553674,0.011463218666225062,0.1938302984823254,0.0,0.11854665947036236,0.5425895416117411,2.896007012490063,0.0,0
4814,21.89928,79.98636,22.77702976836433,23.390857168726136,0.04125109893109115,0.0,0.18813582980136195,0.06901132219856002,0.37686169735675695,3.913440602851419,0.0,0
4815,21.89928,80.00844,20.75007652974267,22.058109355483957,0.0,0.23964659261183047,0.0,0.2463789787219672,0.6879717576780736,3.595610948969,0.05967756714839831,0
4816,21.89928,80.03052,18.780882584714742,20.72538769803364,0.257316752229967,0.3109541007318259,0.0,0.10779360179447438,0.36058842977966216,4.087559716097316,0.0,0
4817,21.89928,80.0526,16.889662835077786,19.392692208593616,0.021799310936462434,0.0,0.0,0.2675826151516677,0.6430930885662297,3.010718791959178,0.0,0
4818,21.89928,80.07468,15.105732602009256,18.060022899384442,0.1189662049696091,0.0,0.0,0.2532585431133524,0.3334051137305163,5.1462978180120444,0.0,0
4819,21.89928,80.09675,13.471781326823022,16.727379782631868,0.0,0.22386007648580997,0.0,0.259059026112252,0.5263209337796443,2.5367417986424234,0.23921420186910192,0
4820,21.89928,80.11883,12.04897985998492,15.394762870556958,0.020338114969569325,0.01866317611146439,0.0,0.36811284689236196,0.7757677787266695,1.798282828762726,0.039413041111973274,0
4821,21.89928,80.14091,10.920175311608912,14.062172175383854,0.015294425625318409,0.0,0.052383560918516155,0.349560004279829,0.8482240733954135,2.572625640251068,0.08057434591778742,0
4822,21.89928,80.16299,10.183606048991473,12.729607709335802,0.2962064292247497,0.01552707046893749,0.2567440505795697,0.4709874763092437,0.28674268840711364,3.42824812875773,0.0,0
4823,21.89928,80.18506,9.926969626251559,11.397069484639838,0.07934405643461923,0.05647701226813105,0.21301466800841978,0.3848874906336395,0.4131269282395885,2.1884654097674536,0.22685741882391428,0
4824,21.89928,80.20714,10.18660445589415,10.064557513522256,0.2778238718900867,0.33735911164598376,0.43487209040565733,0.6393026569650082,0.4402090496828063,1.5405235665805552,0.2786053228600357,0
4825,21.89928,80.22922,10.925767030034539,8.732071808206447,0.15526933002839696,0.15835717697285204,0.3520852367654198,0.3425599144138203,0.8333334834545847,7.719960400886571,0.041566748079508886,0
4826,21.89928,80.2513,12.0565811986921,7.399612380924042,0.23702443917410115,0.3413292685991489,0.48062942387572133,0.2892704543863237,0.5136212628541286,10.268288708487473,0.0,0
4827,21.89928,80.27338,13.480845849734123,6.1293259618893225,0.33056887326497303,0.22105994013743485,0.18079322821085014,0.3064251036245284,0.6793057252111565,9.00486130284064,0.10323018927392316,0
4828,21.89928,80.29545,15.115837665085099,5.499209639024146,0.55396374396077,0.09337823813125282,0.15984860131239237,0.3447188103030513,0.5758559102326068,6.629104379165378,0.12688854483911172,0
4829,21.89928,80.31753,16.90050826801691,5.770126589923338,0.155464878722907,0.07004458060869481,0.0,0.16163957648010358,0.37015027062929273,3.277561297097895,0.1448513084512254,0
4830,21.89928,80.33961,18.293028098283553,6.83577349782516,0.162164760514852,0.20397759221763517,0.19395208399786149,0.02164975606992292,0.28014490823875826,7.710029179637594,0.10998283555772956,0
4831,21.89928,80.36169,19.783638792453143,8.398905983908989,0.012965311666068818,0.2240988336210228,0.0,0.4657021768824745,0.45677037903120266,2.360598994844352,0.15669497933084908,0
4832,21.89928,80.38377,21.413454658779447,10.234052355339436,0.05114940553624925,0.23259700611753115,0.0,0.0,0.8687249339708807,5.6613674249521475,0.0,0
4833,21.89928,80.40584,23.15309709921266,12.219264145793417,0.0330868582123089,0.014725699114902305,0.31714588309147645,0.3522637131528615,0.5818474060356257,3.2363683086218398,0.14684310592488795,0
4834,21.89928,80.42792,24.979630839217254,14.29214423262831,0.0,0.07137380261090226,0.0,0.42514314290828026,0.6945010390717654,0.0,0.0,0
4835,21.89928,80.45,26.87534545549227,16.41952307419431,0.0,0.126457703727959,0.09380903692997454,0.0,0.3491775996539441,8.301230711682237,0.0,0
4836,21.91812,78.75,83.87227516841918,99.77038017635844,0.0,0.0,0.0,0.18904167462526844,0.5044687619349596,0.0,0.0,0
4837,21.91812,78.77208,82.5425282343651,98.4362018651193,0.0,0.0,0.2253337673952315,0.14604558849705823,0.6590379372760877,2.0751033162023247,0.0,0
4838,21.91812,78.79416,81.25513716790834,97.10204903004596,0.14405054164171235,0.0,0.2525903040354252,0.2007197897559541,0.3972363630350044,2.6648619894006167,0.038565925168822957,0
4839,21.91812,78.81623,80.0121465325058,95.76792168331227,0.04843068540701511,0.0,0.1058359461828945,0.08962948037382026,0.5410442419491321,1.7770435224301813,0.13407856253621162,0
4840,21.91812,78.83831,78.81565708062328,94.4338198370992,0.022496266761367404,0.10595501257867453,0.2492734200826927,0.028002080076729257,0.42683234902515127,4.208158113635736,0.0308499489226381,0
4841,21.91812,78.86039,77.66781794886654,93.09974350358588,0.0,0.20143860931283522,0.0014680043280196297,0.16193015700720104,0.6657003359491834,1.0737665200103252,0.3213820579599507,0
4842,21.91812,78.88247,76.57081707819017,91.76569269495226,0.0,0.0,0.4468356553767612,0.2745892003104299,0.6057917427579198,3.9932972408112963,0.0,0
4843,21.91812,78.90455,75.52686974652958,90.43166742337873,0.0,0.0,0.1492339162384195,0.08106311268262442,0.6456732759496034,3.828502281212132,0.0,0
4844,21.91812,78.92662,74.538205138039,89.09766770104596,0.0,0.0,0.0,0.2709634643009973,0.6719497000511603,0.0,0.04447904939728095,0
4845,21.91812,78.9487,73.60705092234134,87.76369354013757,0.10418165763780972,0.12715903341211154,0.013922574522734536,0.0,0.5181245874513604,3.61370922840956,0.0,0
4846,21.91812,78.97078,72.73561587929134,86.42974495283407,0.10828464469018745,0.0,0.0,0.2647613765048391,0.6904513540158145,0.2602794365623544,0.0,0
4847,21.91812,78.99286,71.9260706791125,85.09582195132062,0.07567417622005589,0.0,0.0,0.22907680335766167,0.4674200148958664,0.0,0.0,0
4848,21.91812,79.01494,71.18052701290165,83.76192454778219,0.0,0.0,0.0,0.049519988734002256,0.6375994055233163,3.75627989893693,0.0,0
4849,21.91812,79.03701,70.5010153613577,82.42805275440118,0.0029470604726188616,0.07735356601214657,0.07737507731256388,0.33895910458450307,0.27406496318857027,1.9392279657344285,0.0,0
4850,21.91812,79.05909,69.88946178588233,81.09420658336471,0.0,0.0,0.0,0.12740241422360565,0.4455083866235721,3.970737075654984,0.24360061142665176,0
4851,21.91812,79.08117,69.34766422005883,79.76038604685843,0.0,0.0,0.0,0.2099543022237613,0.8742105365419729,3.993794178885715,0.019891918266073467,0
4852,21.91812,79.10325,68.8772688241587,78.42659115707119,0.24445745283845594,0.0,0.0,0.25289660163974376,0.6355362432541755,0.0,0.0,0
4853,21.91812,79.12532,68.47974703313659,77.09282192618609,0.0,0.18033563147439022,0.0,0.11513310178173071,0.6355863545805032,4.927320994558127,0.25561830920731027,0
4854,21.91812,79.1474,68.15637397205846,75.7590783663972,0.0,0.0,0.0,0.05395832031931394,0.434652237714353,3.743030970266485,0.0,0
4855,21.91812,79.16948,67.90820892539952,74.42536048988984,0.1454139700807468,0.0,0.0,0.06630799541601912,0.39680810580614645,1.4770477511428093,0.0,0
4856,21.91812,79.19156,67.7360785232844,73.09166830885468,0.0,0.2003873417510484,0.0,0.17034332989184467,0.5129870759175567,2.649401955197118,0.0,0
4857,21.91812,79.21364,67.64056324617663,71.75800183548344,0.0,0.012155806441582491,0.0,0.2913281607819799,0.5405994709291827,5.002872386663155,0.0,0
4858,21.91812,79.23571,67.62198775072076,70.42436108196556,0.0,0.10719825829349976,0.0,0.09869021707133341,0.8180228570933517,2.172608053772367,0.0,0
4859,21.91812,79.25779,67.68041538775454,69.09074606049454,0.0,0.0643247229620177,0.07747235656464005,0.004300496547668842,0.6926489946719885,8.503845955494622,0.0,0
4860,21.91812,79.27987,67.8156471266173,67.75715678325984,0.0,0.0,0.2785356630554223,0.22180012293113557,0.5652474338370086,6.880639333501101,0.0,0
4861,21.91812,79.30195,68.02722492809825,66.4235932624596,0.07144989047990473,0.0,0.10327688806879826,0.10789080274296144,0.5591974099284984,3.3092473261692423,0.1811101545451008,0
4862,21.91812,79.32403,68.31443943361101,65.09005551028541,0.07997391069762165,0.13312249501453097,0.20528208584274035,0.14843303135637387,0.6561374352503632,2.413738698218408,0.20669005230781948,0
4863,21.91812,79.3461,68.67634167269179,63.756543538930565,0.061029313345620104,0.18606033416200407,0.2218283594479184,0.0,0.3653664405190351,2.527394213022184,0.1055435483237646,0
4864,21.91812,79.36818,69.11175834593227,62.423057360594136,0.0,0.1735722979760251,0.0,0.05866210020818803,0.28100902395068045,1.4470514505212169,0.0,0
4865,21.91812,79.39026,69.61931012503997,61.08959698746893,0.010419155496994532,0.0,0.08782548399530457,0.12945460883367504,0.6540725039971123,3.3357241106705993,0.0,0
4866,21.91812,79.41234,70.1974323318562,59.756162431754404,0.0,0.20892833121931842,0.19903376215216462,0.12944808455921744,0.5600801134658743,4.799389425208139,0.062137364390615867,0
4867,21.91812,79.43442,70.84439731647888,58.42275370564541,0.0,0.0,0.0,0.2860407758451762,0.3663022148888293,0.0,0.28511453184800245,0
4868,21.91812,79.45649,71.5194260002692,57.08937082134319,0.2584898964245706,0.0,0.0,0.26526334013855646,0.25671534998729384,4.687052597460225,0.02262671841650846,0
4869,21.91812,79.47857,69.4071157523138,55.756013791045824,0.011575542240023528,0.0,0.10608393742617861,0.1728310680699821,0.6751394584493369,5.44558715147228,0.0,0
4870,21.91812,79.50065,67.30570850478787,54.42268262695183,0.0,0.13325824200024008,0.0,0.0,0.47697959002651313,4.508945107579011,0.0,0
4871,21.91812,79.52273,65.21625826525411,53.08937734126422,0.02178387669000032,0.08680234169512022,0.0,0.14716018768480943,0.6060326892438146,2.6868276135735094,0.0,0
4872,21.91812,79.54481,63.139952146732405,51.75609794618244,0.0,0.0,0.0,0.17374006963753513,0.5130682160047358,4.408264991714928,0.08780151115636584,0
4873,21.91812,79.56688,61.07813068277603,50.42284445390856,0.0,0.13448448106806946,0.09011487080742821,0.0,0.5451989571599313,6.411326979297453,0.0,0
4874,21.91812,79.58896,59.03231165384807,49.089616876644584,0.0,0.02291876597694895,0.04379995221349981,0.08709799379334822,0.46707422954564476,2.8871920103029134,0.06498923404248394,0
4875,21.91812,79.61104,57.0042180597848,47.75641522659612,0.0,0.0,0.20649940414338916,0.0,0.5392736367427455,3.1060301043512086,0.09090590730170887,0
4876,21.91812,79.63312,54.99581097458663,46.423239515966245,0.11287256807986282,0.0,0.0,0.0,0.6307693456743311,8.596388368729873,0.0550475770568758,0
4877,21.91812,79.65519,53.00932812475567,45.09008975695927,0.06995262562804201,0.06653043645782747,0.0,0.024029370691680874,0.5113688941896769,3.858871371574284,0.0,0
4878,21.91812,79.67727,51.04732913147768,43.75696596178149,0.06343984077575471,0.0,0.10485691128273254,0.2896777944426588,0.5033643275547603,0.45065865942900185,0.0,0
4879,21.91812,79.69935,49.11274843247053,42.42386814263888,0.0,0.0,0.0,0.06111818901226633,0.6349995694579633,5.350463845441415,0.0,0
4880,21.91812,79.72143,47.208956921401885,41.0907963117382,0.0,0.13702123273490785,0.0,0.3541406417744471,0.6443086382018501,4.138677536948993,0.0,0
4881,21.91812,79.74351,45.33983326236934,39.757750481286514,0.033965200498989004,0.0,0.0,0.1983896463738872,0.3906468442740541,1.404491908920677,0.0,0
4882,21.91812,79.76558,43.50984557650441,38.42473066349491,0.0,0.25680438927451793,0.05846258535696813,0.3095066181167425,0.5458109601411705,0.25563403989935596,0.19893750990314132,0
4883,21.91812,79.78766,41.56532341868251,37.09173687057011,0.0,0.0,0.3086759079949573,0.0,0.47647712740700937,3.7663645276534696,0.029906919578294694,0
4884,21.91812,79.80974,39.52743461602706,35.75876911472327,0.055543484392523566,0.0,0.0,0.08858841469358371,0.5516451325270243,3.013056272493367,0.0,0
4885,21.91812,79.83182,37.5172753417783,34.42582740816538,0.0,0.0,0.2052129445521111,0.2539691523376433,0.7503703835642026,0.0,0.0,0
4886,21.91812,79.8539,35.53955119751521,33.09291176310664,0.031151124746917048,0.0,0.0,0.1464265494201865,0.5997201300610133,2.9976592734122223,0.19278838894642905,0
4887,21.91812,79.87597,33.59999019408369,31.760022191760505,0.19615237850769018,0.0,0.0,0.20309874397454447,0.8522547133019034,2.870296669844954,0.0,0
4888,21.91812,79.89805,31.70559693478129,30.427158706338076,0.0,0.28913536950417834,0.0,0.0,0.5797290837699051,3.143905800339714,0.0,0
4889,21.91812,79.92013,29.86065616337564,29.094321319053744,0.14935632736588836,0.029952931815554543,0.0,0.016306049293445812,0.5253165567392016,4.63318985649484,0.1807045246683281,0
4890,21.91812,79.94221,27.79023752427562,27.761510042122854,0.07690927439297632,0.0,0.0,0.0,0.5452968289122107,0.0,0.0,0
4891,21.91812,79.96429,25.754955316427633,26.4287248877598,0.0,0.0,0.0913059114039683,0.0,0.5672340174475455,0.5859133809633219,0.0,0
4892,21.91812,79.98636,23.76383920661938,25.095965868181384,0.0,0.0,0.3804170498191387,0.04030647701067378,0.5913890158494222,2.287595726763622,0.0,0
4893,21.91812,80.00844,21.828978334921814,23.7632329956015,0.0,0.0,0.0,0.2160598081129686,0.4058644479089205,7.090086381465237,0.10177120205467162,0
4894,21.91812,80.03052,19.966733560930628,22.430526282239814,0.0,0.0,0.0,0.26639105831415644,0.5101831064344485,9.900722578217456,0.32704483568838966,0
4895,21.91812,80.0526,18.199409805841142,21.09784574031496,0.018874159919948907,0.0,0.0,0.19958047425098152,0.4389526263390482,3.8759024926815,0.13819275601242403,0
4896,21.91812,80.07468,16.557430389363866,19.76519138204174,0.11085505040245372,0.0,0.0,0.0,0.6814833110604557,4.119509751266667,0.0,0
4897,21.91812,80.09675,15.081790401724687,18.43256321964411,0.19694306669217523,0.02757515023112985,0.0706351973967238,0.0,0.2642116665378476,0.0,0.0,0
4898,21.91812,80.11883,13.825853323071978,17.099961265340074,0.09482570495307002,0.21758008043704669,0.06506455266400189,0.23725767679292586,0.5520008687230297,6.697725511762263,0.021231165685846026,0
4899,21.91812,80.14091,12.85418052677394,15.767385531351586,0.018748613505991975,0.32464698993928853,0.0,0.2520718969043395,0.3139808090718633,5.730021533616254,0.0,0
4900,21.91812,80.16299,12.234688919901894,14.434836029898815,0.0,0.0,0.09012823887025,0.27303158069336353,0.5844845486013329,5.546202138112629,0.024985876317032515,0
4901,21.91812,80.18506,12.0219461106261,13.102312773206316,0.12109268203369737,0.0,0.0,0.3834877775574717,0.467185078702393,1.8587427511647254,0.11601589753546343,0
4902,21.91812,80.20714,12.237184442559686,11.76981577349701,0.1437205934973454,0.0,0.08882443909213782,0.2534899236391873,0.26963081223999036,10.581541431465215,0.30488581896947275,0
4903,21.91812,80.22922,12.858930641485943,10.437345042991797,0.19754953474726258,0.12125561715920158,0.3311166614279439,0.12067655006028774,0.6584554349930467,9.775619684536817,0.19228024963598903,0
4904,21.91812,80.2513,13.832477379321253,9.104900593919536,0.4720118190874291,0.0,0.15730418804276472,0.41769029210084113,0.17776226919494836,7.037867721047344,0.32223736942072817,0
4905,21.91812,80.27338,15.08988675129054,8.056924838496355,0.40997967894900883,0.37772624880262884,0.08697325629007296,0.6034542696223444,0.5294283843456619,9.255868334326335,0.27828345630346474,0
4906,21.91812,80.29545,16.566648775348373,7.588654418908143,0.37650990940525225,0.11570837237886757,0.0,0.4385270061305238,0.6341223369849007,7.005929856498253,0.2293089454763393,0
4907,21.91812,80.31753,18.20947385081797,7.7871899111356315,0.15766501842145964,0.08265245339834883,0.042562716228258635,0.26350330695562696,0.7331266640680085,8.923342365360675,0.00804338333866161,0
4908,21.91812,80.33961,19.977435766983508,8.606508598591962,0.1766945938189676,0.34517129431463683,0.13381588265558536,0.43075237947233397,0.31741636727513295,3.060028782586522,0.05750087681439242,0
4909,21.91812,80.36169,21.353840570795104,9.893566912351625,0.18087457853229755,0.07362031719567343,0.10931240726966776,0.4121716079876253,0.4720630535883006,0.08633784563026303,0.0,0
4910,21.91812,80.38377,22.871845630139706,11.49227367388838,0.05423715373647628,0.12595092915633976,0.0,0.23528546861199337,0.6972905247557533,2.209378587338802,0.021872209228276922,0
4911,21.91812,80.40584,24.50797738584087,13.290637809808251,0.16919765466637698,0.0,0.05276226726313442,0.22677854949608967,0.707807936135907,2.958579313908309,0.09122252524567323,0
4912,21.91812,80.42792,26.240148714843354,15.218040705609724,0.12198463228737436,0.0,0.0,0.42980647186007526,0.7267823274293819,2.985930123526342,0.0,0
4913,21.91812,80.45,28.050573395543136,17.231235638818106,0.0,0.0,0.0,0.43345422613597234,0.9,5.491724495002162,0.0,0
4914,21.93696,78.75,85.5683742108955,101.47457562015582,0.14361805027976093,0.3499169094499539,0.14151209059233186,0.3215387802363251,0.47878286864626196,2.331034603520735,0.2532483866808275,0
4915,21.93696,78.77208,84.26556900707318,100.14041205999516,0.012277296498137486,0.10128426771193814,0.16840676779953884,0.0,0.6021333083092162,2.925605567302999,0.06497117785143919,0
4916,21.93696,78.79416,83.00507292840469,98.80627397957842,0.0,0.04392665625680735,0.018719941417565288,0.15972637505465154,0.5015787736615438,0.0,0.27529763875795493,0
4917,21.93696,78.81623,81.7888421769067,97.47216139107763,0.0,0.0,0.29579342537460346,0.22438329024125922,0.273483833887154,0.0,0.11874775004393019,0
4918,21.93696,78.83831,80.61888018631164,96.13807430667009,0.03374488468579095,0.14580163925106515,0.10160422780949176,0.011970362762465728,0.5373992999571098,3.107075359533352,0.21895091752754267,0
4919,21.93696,78.86039,79.49722982122856,94.80401273853248,0.11673522073116671,0.0,0.0,0.20297465195588357,0.27078861935866455,1.5907664962930197,0.18609418135676953,0
4920,21.93696,78.88247,78.4259639948622,93.46997669884203,0.0,0.0,0.0,0.28101183867484786,0.47708358550557933,3.0121478609828185,0.0,0
4921,21.93696,78.90455,77.40717462695903,92.13596619977602,0.09935280637107194,0.0,0.287747267759916,0.31744041846814,0.34445736446332054,4.415760624591686,0.0,0
4922,21.93696,78.92662,76.44295989864698,90.80198125351309,0.022457306041586893,0.3127214913192276,0.15406422755765478,0.02874194932138799,0.6114394128574617,7.263037681134308,0.0,0
4923,21.93696,78.9487,75.53540980578218,89.46802187223403,0.0,0.30366655731594544,0.3596631527768217,0.1046478732185179,0.44100563832155604,2.947257822679533,0.0,0
4924,21.93696,78.97078,74.68659006738535,88.13408806811604,0.0,0.0,0.4333705041724748,0.0,0.3000700899623004,7.715196873425688,0.2824191331967901,0
4925,21.93696,78.99286,73.89852450987013,86.80017985334182,0.13470770584487538,0.0,0.0,0.23753487382320662,0.6711913173255661,4.0568975916432,0.006763153467632036,0
4926,21.93696,79.01494,73.17317611950037,85.46629724009324,0.14351875264888989,0.0,0.0,0.43284096860312915,0.4654737763541552,4.793384803486514,0.0735213040696128,0
4927,21.93696,79.03701,72.51242703208307,84.1324402405507,0.03874992102373407,0.012491697216079827,0.0,0.0,0.48950457600885816,5.738805482385063,0.0,0
4928,21.93696,79.05909,71.91805780664677,82.7986088668984,0.1794858224085815,0.025930051565378007,0.18367410331627806,0.07942795372813355,0.41311273735791565,4.872250600962805,0.13097345931295143,0
4929,21.93696,79.08117,71.39172640395772,81.46480313131876,0.12679445064921,0.12633846492512052,0.13129838171141756,0.3510908067444537,0.7108693062226339,0.9166170461729042,0.0,0
4930,21.93696,79.10325,70.93494735584291,80.13102304599815,0.08203703215030796,0.14572438264700155,0.01955780394234133,0.24278521961172161,0.5878711925393417,5.817166383289286,0.20175542772852045,0
4931,21.93696,79.12532,70.54907166155299,78.7972686231169,0.0,0.0,0.0,0.3150824831616631,0.46416604995898997,2.028803941577901,0.0,0
4932,21.93696,79.1474,70.2352679772116,77.46353987486604,0.20777392185948831,0.08898006216970829,0.0,0.008687811534820636,0.28203337369858317,3.786035966429311,0.21310207000198736,0
4933,21.93696,79.16948,69.99450566893339,76.12983681342904,0.0643592588794303,0.0,0.036943476605519145,0.23746049507998537,0.9,3.347321244580514,0.1505375966357256,0
4934,21.93696,79.19156,69.82754027610159,74.79615945099292,0.0,0.0859485767945448,0.1565475842642872,0.22657281398382856,0.8271096733248788,5.976863432130474,0.0,0
4935,21.93696,79.21364,69.73490187716753,73.46250779974693,0.0,0.0,0.054599875412287474,0.09179985782502617,0.7520324895703554,4.0245402326344655,0.2268545226059388,0
4936,21.93696,79.23571,69.71688676728066,72.12888187187748,0.030820067421804362,0.07354374216155973,0.1327627596950322,0.0,0.4515541650552447,0.0,0.183808209015337,0
4937,21.93696,79.25779,69.77355274867543,70.79528167957591,0.0,0.06059609855663466,0.0,0.47605115763975114,0.4798656098946422,8.441759169433068,0.07834111215550227,0
4938,21.93696,79.27987,69.9047182070702,69.46170723502863,0.0839701728508913,0.011050972034363058,0.2362987955219501,0.17711190099416887,0.606091413442316,5.1748308879819716,0.0,0
4939,21.93696,79.30195,70.10996500830309,68.12815855043132,0.0,0.12717643193037745,0.12634834370080592,0.10845461328915912,0.4248588075796981,1.573361407421602,0.1280179769310303,0
4940,21.93696,79.32403,70.38864510813865,66.79463563797192,0.04448760301604765,0.0,0.0,0.16109655086207178,0.4114825024063181,0.04840567891430769,0.010561609292183203,0
4941,21.93696,79.3461,70.73989063394482,65.46113850984213,0.0,0.0,0.27784614979230987,0.1369927466140817,0.7541966826037583,5.474343933138395,0.007895763618526803,0
4942,21.93696,79.36818,71.16262707836758,64.1276671782371,0.0,0.0,0.24511622719897808,0.40803824492223306,0.5422789366750765,0.35766803703253913,0.011812744573828986,0
4943,21.93696,79.39026,71.65558914925576,62.79422165534814,0.0,0.0,0.09309670523703163,0.183918100318965,0.39321704035656024,5.090260613424295,0.0,0
4944,21.93696,79.41234,72.21733875170993,61.460801953370925,0.0,0.0,0.05614512815038801,0.0,0.6833722420354355,5.78935310079385,0.0,0
4945,21.93696,79.43442,72.8462845395837,60.127408084497915,0.2267699915624419,0.0,0.33172372942454653,0.04840835777307176,0.46965316815566727,1.3218967960059207,0.0,0
4946,21.93696,79.45649,72.31717400269956,58.79404006092729,0.16626266195399392,0.20971018423469015,0.0,0.3418323303642455,0.272889196813466,1.0917303514838772,0.0,0
4947,21.93696,79.47857,70.22914166662812,57.46069789485496,0.04260679419120564,0.022995335094135216,0.2482471831178705,0.007713027107928594,0.39112459949904355,1.7926220713865881,0.04789479359194758,0
4948,21.93696,79.50065,68.15336316558614,56.127381598476404,0.0,0.16493313138368623,0.0,0.26832189661859807,0.4776885866956597,0.4465240911164128,0.0,0
4949,21.93696,79.52273,66.09099315542797,54.79409118399212,0.10141225426696243,0.04853306467470929,0.21904032400004853,0.07543456780845828,0.5807910249508368,3.6173030007804488,0.1161956577829045,0
4950,21.93696,79.54481,64.04332706361315,53.46082666359827,0.13573146052386012,0.0,0.024082184960015077,0.3260849998494326,0.5740386383270151,3.9916122490604042,0.08098656315146213,0
4951,21.93696,79.56688,62.01182154685612,52.127588049494406,0.0,0.0217647409268467,0.0,0.18721182528351923,0.7218813358960535,4.91894766169585,0.0,0
4952,21.93696,79.58896,59.99811823770778,50.79437535387977,0.0,0.11714543688194594,0.0,0.0,0.5168063137035268,0.8652112764796951,0.1642443798308434,0
4953,21.93696,79.61104,58.00407130480067,49.46118858895691,0.0,0.19146082796415254,0.20436684930729862,0.1647948810662747,0.48479590628902147,5.220834257532874,0.0,0
4954,21.93696,79.63312,56.0317794111576,48.12802776692707,0.13510063359988977,0.0,0.0,0.27175443857697645,0.7242889376941295,0.47488008603658116,0.06697076323879912,0
4955,21.93696,79.65519,54.08362270428898,46.79489289999086,0.24821299481113954,0.0,0.0,0.0,0.6869937133248849,5.2320973147879055,0.0,0
4956,21.93696,79.67727,52.162305497806344,45.46178400035213,0.010122028597007698,0.0,0.0,0.12567656308879063,0.5200824049270627,0.0,0.0,0
4957,21.93696,79.69935,50.27090528569959,44.12870108021378,0.0,0.0,0.12853530018415768,0.0,0.5908381897482697,7.14292963954485,0.0,0
4958,21.93696,79.72143,48.41292863463354,42.795644151780394,0.07386549633353968,0.0,0.350247309363095,0.2581248399658129,0.4833922553104123,1.7215286129324612,0.0676576403135151,0
4959,21.93696,79.74351,46.577916196413,41.462613227255986,0.0,0.288626320123487,0.0,0.13382908743824012,0.3872123023031284,4.6474703646330635,0.1520429250120242,0
4960,21.93696,79.76558,44.536468828891294,40.129608318849165,0.0,0.09717768728667803,0.5603803189313393,0.2350860785387374,0.8574935576556327,4.868181391753379,0.0,0
4961,21.93696,79.78766,42.5191291220725,38.79662943876328,0.07674443865450026,0.0,0.041100537258006005,0.0,0.47396836325192004,0.0,0.039454497542659187,0
4962,21.93696,79.80974,40.529497128254675,37.463676599207034,0.03248867142108845,0.0,0.11654922601298259,0.32525183776038497,0.5910659524111073,5.31144520010861,0.12580483655903088,0
4963,21.93696,79.83182,38.57186082694477,36.13074981238832,0.0,0.16727994309267663,0.0,0.11548964487863123,0.33752842921244675,1.7305186790078537,0.0,0
4964,21.93696,79.8539,36.651347520046755,34.79784909051521,0.0,0.0,0.0003179217554739387,0.34651010963875173,0.652658474974215,2.392605726717143,0.09398113654923443,0
4965,21.93696,79.87597,34.77410850885471,33.46497444579833,0.018882351465923503,0.0,0.03993886821652554,0.15935587576820878,0.3805717843516437,1.4758922661675027,0.0,0
4966,21.93696,79.89805,32.80314961275253,32.13212589044546,0.0,0.0,0.0,0.3131043780775861,0.784069586284411,7.449206124030761,0.0,0
4967,21.93696,79.92013,30.762320780159264,30.79930343666848,0.0,0.02391721833064845,0.0,0.1468461346526293,0.800450604545038,0.2518467766815262,0.0,0
4968,21.93696,79.94221,28.75716723304542,29.466507096679695,0.0,0.10617844269033094,0.24120243209883985,0.0703220379986152,0.6275317262682709,4.459421379217719,0.12414922473686683,0
4969,21.93696,79.96429,26.795699084744342,28.133736882691295,0.049947395502493636,0.1991759260723882,0.0,0.34647766591488727,0.5637846617085922,1.7735295385931107,0.0,0
4970,21.93696,79.98636,24.88824719701208,26.80099280691734,0.0,0.17745426893821345,0.09687441474038587,0.1024742473104849,0.5206028179570451,6.294889533793417,0.10470049981647629,0
4971,21.93696,80.00844,23.048226539132465,25.46827488156832,0.0,0.012842005624094554,0.0,0.45854869582243835,0.5390510088107233,9.56673908324834,0.0,0
4972,21.93696,80.03052,21.293125309285216,24.135583118861433,0.13659415280418444,0.1791786579307553,0.0,0.03802874467768022,0.6015414032891359,1.9771032056998237,0.0,0
4973,21.93696,80.0526,19.645716241886,22.802917531012238,0.0,0.0,0.41686720880171674,0.05547921642902451,0.5549955342429101,4.078466694347147,0.04128135268636971,0
4974,21.93696,80.07468,18.135371285097868,21.470278130233357,0.0,0.0,0.0,0.23117383537766326,0.6777034033309495,2.8267890357338175,0.0,0
4975,21.93696,80.09675,16.799100023155678,20.13766492874568,0.0,0.0,0.0,0.1836545497152231,0.40927442547983695,6.659492338067967,0.0,0
4976,21.93696,80.11883,15.681466048735828,18.805077938764715,0.06131691855676083,0.0,0.008826544443164226,0.315140170538052,0.749277149924521,3.4671685690198504,0.0,0
4977,21.93696,80.14091,14.831976939892058,17.472517172509043,0.12176161825001451,0.0,0.0,0.2838987654378062,0.47394453688855936,6.645896235774693,0.144387856074879,0
4978,21.93696,80.16299,14.298505154235398,16.139982642196358,0.20309291274070584,0.0,0.06071114562612642,0.29564152506912794,0.42712382954918676,3.463543536700664,0.0,0
4979,21.93696,80.18506,14.116922712070219,14.80747436004813,0.0,0.0,0.09250987113194592,0.20766800331951793,0.5817454150719896,10.5703530449996,0.0,0
4980,21.93696,80.20714,14.30064025456249,13.474992338285402,0.17622931982527648,0.1666010978332584,0.10634355915597199,0.35815244431345916,0.5912708002290789,0.0,0.30498243813220266,0
4981,21.93696,80.22922,14.836093287441443,12.142536589125392,0.1556563392732215,0.34761467772846605,0.029122355698604815,0.2843308557896032,0.28999452927233105,6.314948528680497,0.0,0
4982,21.93696,80.2513,15.687305809691198,10.896803583411344,0.0,0.0,0.0,0.21119928711999408,0.4680044996844983,5.6543399611505025,0.0,0
4983,21.93696,80.27338,16.806368130986783,10.051730928577314,0.4153189817475931,0.0,0.16635228147589928,0.4583061772259397,0.2337638924516351,5.82424588088524,0.0,0
4984,21.93696,80.29545,18.143786866218633,9.680490760024675,0.026553121612148817,0.0,0.0072013318257849596,0.24890167674753502,0.4456793818334151,6.8118313715580605,0.1805274385288826,0
4985,21.93696,80.31753,19.655038511306028,9.836876972388989,0.2444207087543194,0.2011289934783882,0.0,0.17812679769500314,0.4538729166809382,6.168853653187692,0.23195464865809384,0
4986,21.93696,80.33961,21.303159851990685,10.497334720893575,0.2206463465785028,0.03816579726991896,0.3126304302316964,0.3100096370732326,0.5859026347008471,6.3729591330704105,0.21501408342323353,0
4987,21.93696,80.36169,23.007792012500794,11.575904461222297,0.17832372286440712,0.0,0.0,0.5950978210870983,0.43538673629158486,6.54790171648053,0.21287539571672706,0
4988,21.93696,80.38377,24.423030989306834,12.968682725589975,0.05580912647841074,0.16577078147485474,0.22782887205858346,0.39831508820032613,0.4694395615103114,9.677644297279164,0.0,0
4989,21.93696,80.40584,25.961391300942836,14.585936314195333,0.18722009141079016,0.19453628521691788,0.25249802831479573,0.5620542845231832,0.7299025895524964,0.0,0.26800903092374645,0
4990,21.93696,80.42792,27.60229480358115,16.361234145060674,0.0,0.03009387013194729,0.26282559570187064,0.1804698523650853,0.8369772997041971,9.263682401712694,0.0,0
4991,21.93696,80.45,29.328534933166758,18.248508549087145,0.039867648677297945,0.0,0.1420972927510475,0.05204823470710292,0.4195662183572797,10.840320501728087,0.0,0
4992,21.9558,78.75,87.28179916951804,103.17868886219779,0.0,0.0432453571864537,0.0,0.0,0.6926958470212656,0.0,0.0,0
4993,21.9558,78.77208,86.00512174791537,101.84454005987966,0.0,0.0,0.0,0.2946579044383086,0.6042929019271271,3.124536216236762,0.05215244940139492,0
4994,21.9558,78.79416,84.77065917410644,100.51041674088118,0.0514497875600695,0.0,0.0,0.0,0.3065694311435927,6.565487859240051,0.0,0
4995,21.9558,78.81623,83.58028200681419,99.17631891737078,0.12929749140577593,0.0,0.0,0.18073858200302764,0.43923598568769,5.388333817143517,0.023503591936371564,0
4996,21.9558,78.83831,82.43590007694655,97.84224660152272,0.0,0.14799854051545291,0.14376160874023225,0.04140639277535034,0.12610320536249664,7.358315704317855,0.08585438023117248,0
4997,21.9558,78.86039,81.33945478130582,96.50819980551158,0.09368183418705119,0.03998227882832014,0.04889341548954449,0.4546145910036743,0.5952990207326084,3.967250860356303,0.06569813784952122,0
4998,21.9558,78.88247,80.29290997238702,95.17417854151265,0.005969008994082686,0.16571384562842303,0.16510521879476425,0.12264808198455737,0.3992489518186449,0.0,0.10482126004804249,0
4999,21.9558,78.90455,79.29824139318004,93.8401828216989,0.0,0.21381419724777304,0.0,0.2421110223026826,0.5687494070837605,6.392303324416206,0.0,0
5000,21.9558,78.92662,78.35742463848302,92.50621265824691,0.0,0.07343930258822495,0.13296555212505,0.41989143010173147,0.9,4.652546111354602,0.0,0
5001,21.9558,78.9487,77.47242166474857,91.17226806333434,0.0,0.0,0.0,0.11842487107903898,0.7730388272587668,6.812851895178467,0.0,0
5002,21.9558,78.97078,76.64516591872828,89.8383490491367,0.0,0.16645551893166194,0.0,0.19105085256297877,0.4426185484507643,0.0,0.0,0
5003,21.9558,78.99286,75.87754621015894,88.50445562783271,0.051418343933477904,0.07451027696222408,0.0,0.1577571203952203,0.4087698454581826,0.0,0.0,0
5004,21.9558,79.01494,75.17138951396221,87.17058781160185,0.02815803273489675,0.4165434810137749,0.0,0.13120576454018895,0.7310166911340551,3.043345807046491,0.0,0
5005,21.9558,79.03701,74.52844295043909,85.83674561262247,0.0,0.04962194011392103,0.0,0.024152889583666445,0.4093269887522294,6.466693259159291,0.0,0
5006,21.9558,79.05909,73.95035525464561,84.50292904307463,0.0,0.11163655791457695,0.0,0.07077586437267201,0.6887562995657424,7.19088439033724,0.0,0
5007,21.9558,79.08117,73.43865810461439,83.1691381151397,0.05096308941475179,0.04647546810679202,0.06693174669439315,0.09927502429064974,0.9,1.1139332703817655,0.08159676234033447,0
5008,21.9558,79.10325,72.9947477281298,81.83537284100046,0.0,0.0,0.0,0.2573109954294365,0.6445575107885307,1.944271614925415,0.0,0
5009,21.9558,79.12532,72.61986724485666,80.5016332328349,0.03624642830746315,0.0,0.0,0.21687547969124218,0.7157608123326034,10.468272608457198,0.0,0
5010,21.9558,79.1474,72.3150902205762,79.16791930282947,0.09371364989556273,0.0470916197753206,0.5089549137440511,0.04039869736107307,0.699523032647034,1.564135268695947,0.0,0
5011,21.9558,79.16948,72.08130590959851,77.83423106316638,0.0,0.08340301028186903,0.0,0.20989334995269548,0.4720050218830667,4.757482620849363,0.0,0
5012,21.9558,79.19156,71.919206637803,76.50056852603069,0.0,0.1847196535461124,0.0,0.4662995931456414,0.5906254328810271,1.8270380052790207,0.013649178305175324,0
5013,21.9558,79.21364,71.8292777314014,75.16693170360746,0.20093542628689176,0.049436867928218164,0.0,0.0,0.41609774461620086,4.236498077929041,0.0045696430289219785,0
5014,21.9558,79.23571,71.81179032655695,73.83332060808178,0.04219302049220221,0.0,0.0,0.2813457275238425,0.7305886717066308,0.7499965815608975,0.0874046243461801,0
5015,21.9558,79.25779,71.866797305386,72.49973525164043,0.0,0.0,0.0,0.16942827134084526,0.39808096969774204,0.8244829661483712,0.0,0
5016,21.9558,79.27987,71.99413249938839,71.16617564646931,0.0,0.0,0.2604345074982877,0.23725911443109743,0.6481371590146526,2.0392765361364216,0.0,0
5017,21.9558,79.30195,72.19341318814232,69.83264180475803,0.0,0.26583467865928456,0.0,0.19705021054917835,0.708439332498318,1.5862762815037665,0.17971688259924423,0
5018,21.9558,79.32403,72.46404580615541,68.49913373869505,0.0,0.0,0.37104315190659126,0.2872073685952938,0.48116892991791105,2.213751332846415,0.0,0
5019,21.9558,79.3461,72.80523466123682,67.16565146046776,0.10602321359287983,0.15484694168248747,0.0,0.22238633923882697,0.44905954559547945,4.372379868621583,0.058542302951972894,0
5020,21.9558,79.36818,73.21599337028094,65.83219498226849,0.0,0.04431484474333462,0.08528853166907287,0.136148412645723,0.5262419844703058,7.920975212260309,0.0,0
5021,21.9558,79.39026,73.69515863843408,64.4987643162864,0.13124560041134709,0.04867589707473812,0.20439725204828707,0.14031639663068507,0.4250586512529106,1.4716348688602319,0.07283915307822067,0
5022,21.9558,79.41234,74.24140594909258,63.16535947471386,0.0,0.0,0.23903155942470328,0.0,0.5718948174531768,0.43804630402271316,0.0,0
5023,21.9558,79.43442,74.85326669710673,61.83198046974143,0.0,0.0,0.2623754263170073,0.2918234781677156,0.42162341627606237,3.034068333542526,0.18422433780264297,0
5024,21.9558,79.45649,73.1662254977804,60.49862731356501,0.0,0.0,0.0,0.17736514369198497,0.4317611523362821,0.797335595166897,0.0,0
5025,21.9558,79.47857,71.10340723501739,59.165300018374225,0.0,0.27670795395797737,0.0,0.07379706139104608,0.6265649787714365,0.0,0.0,0
5026,21.9558,79.50065,69.05418889534867,57.83199859636531,0.0,0.018415107938388468,0.0,0.024352134002085857,0.6364561359319486,5.781665137905104,0.0,0
5027,21.9558,79.52273,67.01981804049218,56.498723059734345,0.0,0.1802570717050932,0.0,0.02522381493750292,0.5089051759150367,3.226216992938843,0.0,0
5028,21.9558,79.54481,65.0016887831781,55.165473420676484,0.09907075208784265,0.2218382117901506,0.21825672925153708,0.10520019347905953,0.31949672742860874,3.4836820441068292,0.0,0
5029,21.9558,79.56688,63.00136199251738,53.83224969138647,0.0,0.0,0.17937577481345826,0.20020588179331592,0.7139149812408943,0.0,0.02259097265161716,0
5030,21.9558,79.58896,61.020588494163576,52.499051884062254,0.1395824496706713,0.06811422976160172,0.0,0.0,0.48721614903507204,1.5059756646926798,0.0,0
5031,21.9558,79.61104,59.0613356730873,51.165880010903805,0.0986698355938459,0.0076191789221799235,0.3398452446566459,0.05614649676876293,0.8387134849851656,0.0,0.13938742338812932,0
5032,21.9558,79.63312,57.12581790821792,49.83273408410635,0.15049239233426087,0.0,0.0,0.1854771157440558,0.531449778238061,2.9822242316344867,0.0,0
5033,21.9558,79.65519,55.21653126888546,48.49961411587159,0.0,0.0,0.0,0.33866536449987517,0.5689886819553523,3.390349956618853,0.0,0
5034,21.9558,79.67727,53.33629286839537,47.16652011839949,0.12205307486756888,0.09469000158190508,0.0,0.16005820534078322,0.4895272307484037,3.39502590084689,0.0,0
5035,21.9558,79.69935,51.4882851782368,45.83345210388962,0.0,0.0,0.0,0.169226256562226,0.584039770512617,1.3212184922145382,0.10605332806588859,0
5036,21.9558,79.72143,49.545900538351134,44.5004100845438,0.08616681638055919,0.0,0.12457691367415075,0.0,0.9,0.8463791468816497,0.0,0
5037,21.9558,79.74351,47.52296795633386,43.16739407256415,0.0,0.0,0.05783779550155559,0.0,0.501071696718832,2.571973958494626,0.0,0
5038,21.9558,79.76558,45.52418958881709,41.83440408015502,0.0,0.3391925681160352,0.122199302932006,0.06940980463193352,0.7285846295615868,4.0144359506272655,0.0,0
5039,21.9558,79.78766,43.5528911440139,40.50144011951909,0.0,0.0,0.0,0.1600161681469763,0.5625479321470239,1.5940069296997426,0.19506771955216837,0
5040,21.9558,79.80974,41.612978202042186,39.16850220286047,0.0021255410581091593,0.08215466820548051,0.0,0.27364122900772647,0.714136535570899,0.678665951743572,0.16886425036135988,0
5041,21.9558,79.83182,39.70905091590633,37.83559034238494,0.0,0.0,0.0,0.0,0.2792686688228917,0.8081744745168433,0.05854255243180823,0
5042,21.9558,79.8539,37.81566496599755,36.502704550297715,0.04740835814805686,0.0,0.07607127282242021,0.1603675075877222,0.8219180268487363,1.4439696352135447,0.023791689470869452,0
5043,21.9558,79.87597,35.7708975939191,35.16984483880613,0.0,0.0,0.020966481108212164,0.1925349893269887,0.5972285163826473,2.003880405209745,0.37020256909107857,0
5044,21.9558,79.89805,33.75601970866885,33.837011220116935,0.0,0.11058185502069243,0.0,0.2257840959014727,0.5117936773532891,0.35435179114198734,0.07420767110587964,0
5045,21.9558,79.92013,31.77671750515233,32.504203706437174,0.16912530951924998,0.12048904361762468,0.0,0.0,0.675461185617989,2.0847539502629293,0.02897750283657728,0
5046,21.9558,79.94221,29.840071109845525,31.17142230997784,0.11399891773322895,0.035273061326460534,0.0,0.0,0.568763422241872,6.4958309984452125,0.0,0
5047,21.9558,79.96429,27.954947224930585,29.838667042947478,0.0,0.18152947714016177,0.3578248096089097,0.11641778526523955,0.38740242912885653,2.5611569929022604,0.05732701965753206,0
5048,21.9558,79.98636,26.132498333942852,28.505937917557358,0.008283180046575005,0.2111908119859391,0.0,0.23819864131426238,0.20817341276273665,0.15803516047145072,0.0,0
5049,21.9558,80.00844,24.386779827362346,27.17323494601579,0.13313368546135815,0.14067914818463498,0.07577915734304176,0.27791204686755855,0.8022137806915708,0.0,0.1650937933165168,0
5050,21.9558,80.03052,22.73547359726753,25.840558140537592,0.06378122205273899,0.0,0.0,0.2901325644874972,0.5142785216902052,8.284297519768021,0.0,0
5051,21.9558,80.0526,21.20065232038629,24.50790751333378,0.03461577891360745,0.09453483665909644,0.0,0.14496240357313228,0.45834905461216086,6.553268987051766,0.0,0
5052,21.9558,80.07468,19.809410114705514,23.175283076615358,0.15243289359330672,0.09897054979000189,0.07718540149174309,0.38909849280600134,0.46770459514688884,4.4253349547651615,0.0,0
5053,21.9558,80.09675,18.594003649485146,21.842684842600942,0.0,0.0,0.0,0.20678060383569333,0.7460068860863297,6.81776828292711,0.0,0
5054,21.9558,80.11883,17.590917760196938,20.510112823501775,0.03650779882068737,0.0,0.03146548545974991,0.03148555067488781,0.4707244047061194,5.293318598076571,0.0,0
5055,21.9558,80.14091,16.8381405632596,19.177567031535748,0.03877305551548029,0.0,0.103999100016343,0.1954651060077053,0.6281262384403474,3.8718943134507073,0.14799457604687827,0
5056,21.9558,80.16299,16.37023952780972,17.84504747891598,0.018358141260393285,0.05056435886448363,0.0,0.42410855803995473,0.4900866895177515,1.0146798501186134,0.21276380108431153,0
5057,21.9558,80.18506,16.211899385200027,16.51255417786214,0.017017579386218395,0.09244841615907551,0.21880092620892916,0.22523760892434921,0.36091222344563567,9.39935911300443,0.3173916345377003,0
5058,21.9558,80.20714,16.37210420710903,15.18008714059102,0.08840205191136682,0.0,0.0,0.45754476757875395,0.6631188514711511,3.529897650618188,0.022868007272692885,0
5059,21.9558,80.22922,16.841766105963345,13.847646379318524,0.10359473425924394,0.2227737949838557,0.017918904461457257,0.1084297132169039,0.6923429904113114,3.937865753946822,0.0,0
5060,21.9558,80.2513,17.59612313984802,12.792149883565328,0.0,0.0840955199589381,0.10489501229278163,0.22094815060023376,0.444244631422615,5.269878975819831,0.12931964975338078,0
5061,21.9558,80.27338,18.600569550063337,12.080496975254183,0.22974723771089434,0.27830666257663955,0.07258571009851053,0.18386193442948756,0.5357050254327328,5.493265599306485,0.0,0
5062,21.9558,80.29545,19.817113788851238,11.773443975739797,0.023376933120921747,0.12196047010176324,0.15063665222500006,0.28128137523735197,0.5562256070776054,6.927090004082578,0.0,0
5063,21.9558,80.31753,21.209290006721798,11.902345417489498,0.11136797782503444,0.0,0.08031086400676596,0.37101682478200615,0.6064850270675448,6.593183527645852,0.0,0
5064,21.9558,80.33961,22.74487057372588,12.453671638039523,0.09004596131134938,0.1285764885659869,0.10660274771351627,0.4041097440358525,0.8214652267203879,3.755906253507008,0.0,0
5065,21.9558,80.36169,24.39679204336202,13.375287483454844,0.15058535174753374,0.15587313186214238,0.0,0.3920436913679482,0.501229444339501,5.10349761780868,0.0,0
5066,21.9558,80.38377,26.05043955388724,14.597224391515356,0.0,0.0,0.0,0.024176056249051822,0.5011910262902243,6.189686813441404,0.1711217906581869,0
5067,21.9558,80.40584,27.497719059822767,16.051039548124677,0.17580406855966635,0.0,0.0,0.09121556429549421,0.52341095404297,2.7913417483261647,0.03868296849041801,0
5068,21.9558,80.42792,29.05177754292694,17.679622345004457,0.0,0.043999607749014735,0.0,0.04417299706104948,0.4165116318851724,8.023459546281249,0.1278854850523133,0
5069,21.9558,80.45,30.69640164373917,19.43909683758244,0.18556538614231452,0.0,0.3555598851869244,0.43847148300687155,0.30769745146253835,3.98537523003008,0.0,0
5070,21.97464,78.75,89.01154950590971,104.88271983466817,0.0,0.17934253230022915,0.0,0.352855200827895,0.5687267623909912,7.156115273623118,0.0,0
5071,21.97464,78.77208,87.76020457863623,103.54858579696528,0.0,0.0,0.23874479383553607,0.0,0.6238186694924253,0.0,0.0,0
5072,21.97464,78.79416,86.55093812930734,102.21447724615413,0.22965436475385478,0.2759368837254677,0.0,0.37579628303461593,0.5503432353789037,4.702140320084585,0.0,0
5073,21.97464,78.81623,85.3855380016867,100.8803941943998,0.0,0.0,0.23728833924213918,0.0,0.5412209677606793,0.685160847074147,0.0,0
5074,21.97464,78.83831,84.26582425903273,99.5463366538741,0.1486620484762862,0.021568283218068304,0.0,0.3725496401050511,0.42417764290003446,1.3505152768765512,0.13913381803750913,0
5075,21.97464,78.86039,83.19364164135594,98.2123046367489,0.004685488099415633,0.22870398806185954,0.0,0.4498822871385405,0.5853361516398972,5.35277697484728,0.015801494314822487,0
5076,21.97464,78.88247,82.17085078026429,96.87829815519635,0.04985035684611544,0.0,0.29080514041947136,0.0,0.5737800607260127,2.4061494018069065,0.0,0
5077,21.97464,78.90455,81.19931814169604,95.54431722138771,0.00839515214418734,0.0,0.1426422227067722,0.19428781810961787,0.6164845921926206,9.75349146467943,0.3500341945925554,0
5078,21.97464,78.92662,80.28090469674694,94.2103618474958,0.1017423468004992,0.0,0.0,0.0,0.5953143306525,4.347128436058393,0.0,0
5079,21.97464,78.9487,79.4174533569493,92.87643204569589,0.0,0.0,0.0,0.2960333527856092,0.6051339292448566,1.191280048662707,0.0,0
5080,21.97464,78.97078,78.61077525242094,91.54252782816071,0.0,0.03914230633010273,0.0,0.1282376170752331,0.7346289772102339,4.351825998970274,0.0,0
5081,21.97464,78.99286,77.86263497823033,90.20864920706597,0.0,0.0,0.27782998797008246,0.17540599149910993,0.6301071224663441,2.3836792806487876,0.014465563061252835,0
5082,21.97464,79.01494,77.17473498475614,88.87479619458924,0.011965614160057142,0.0,0.0,0.15351118730608984,0.6172848451474859,5.163796061887971,0.11052278124531638,0
5083,21.97464,79.03701,76.5486993395914,87.54096880290528,0.0,0.08256350370632308,0.0,0.34180995918403023,0.30604782824367827,2.2304516076842775,0.0,0
5084,21.97464,79.05909,75.98605713908543,86.2071670441917,0.08523356077175676,0.0,0.05670782083157791,0.14805643202529697,0.6974889303420317,4.0579817711273005,0.09999846513707236,0
5085,21.97464,79.08117,75.48822589374087,84.87339093062708,0.15656852286306572,0.0,0.0,0.2586812222090173,0.5082995995565615,3.5166465926074637,0.013382572994475725,0
5086,21.97464,79.10325,75.05649525008813,83.53964047439115,0.0,0.16483696097425335,0.08145898314579723,0.18079790284213762,0.561088810126342,3.204752570920807,0.0,0
5087,21.97464,79.12532,74.69201143886244,82.20591568765975,0.0,0.11684973444378233,0.0,0.08255003440773404,0.371793001094072,5.709646880127097,0.10010974482970737,0
5088,21.97464,79.1474,74.39576285217403,80.87221658261663,0.0,0.0,0.05874162519727186,0.015699037466874816,0.8425814692351852,0.0,0.0,0
5089,21.97464,79.16948,74.1685671483535,79.53854317144057,0.24364650796542658,0.0,0.0,0.21436258888108908,0.2036089442516137,3.2548339436112674,0.0,0
5090,21.97464,79.19156,74.01106026070431,78.20489546631423,0.03656252433857477,0.0,0.0,0.24559805454820433,0.758334864191528,1.1784623878936538,0.15310420534064834,0
5091,21.97464,79.21364,73.92368764509563,76.87127347941984,0.05757900657779887,0.0872604955416412,0.0,0.011072136512755848,0.6095215875464496,0.0,0.1500584308067598,0
5092,21.97464,79.23571,73.90669804225503,75.53767722293982,0.0,0.04411149717017733,0.12815669082917758,0.028066708506328364,0.2832579748545382,0.8237383713830662,0.0,0
5093,21.97464,79.25779,73.96013995621243,74.20410670905815,0.0,0.1264366636236843,0.07881317393455362,0.0,0.8350947465115688,1.3910031777599616,0.04695263974224247,0
5094,21.97464,79.27987,74.08386096438598,72.87056194995802,0.06111507251246995,0.0,0.006187303869829749,0.0,0.6219262998312958,2.390863783119918,0.03252382841853027,0
5095,21.97464,79.30195,74.2775098820829,71.53704295782622,0.0,0.0,0.1796274618972273,0.16895136984769646,0.21983485358523774,3.880234841154039,0.0,0
5096,21.97464,79.32403,74.54054171012972,70.20354974484817,0.12909296389295566,0.1470540642837114,0.0,0.08910809308250306,0.49085526513441335,4.413648645195014,0.0,0
5097,21.97464,79.3461,74.87222520447708,68.8700823232091,0.27743008690909005,0.0,0.01125624225229975,0.0,0.6248313046349748,1.940697383106081,0.0,0
5098,21.97464,79.36818,75.27165282609998,67.53664070509834,0.0,0.029901594281470257,0.0,0.24566180414428412,0.7898525863606214,7.124978128009591,0.15016053513684213,0
5099,21.97464,79.39026,75.73775276265665,66.20322490270249,0.0,0.0,0.19132443218139386,0.20803919385026134,0.4927046001981553,2.040291167170077,0.06546414965939774,0
5100,21.97464,79.41234,76.26930266326981,64.86983492821061,0.0,0.0,0.05830646928441169,0.0,0.17943188253380166,0.0,0.0,0
5101,21.97464,79.43442,76.11535230060699,63.53647079381081,0.19276908042903973,0.1615922838976176,0.0,0.17026403317518915,0.754262267649848,2.111794484745563,0.0,0
5102,21.97464,79.45649,74.06481613406926,62.2031325116959,0.125114085616435,0.0,0.0,0.3741504905240173,0.6197474311744542,3.131583617943145,0.0,0
5103,21.97464,79.47857,72.02801025050493,60.869820094053665,0.0,0.1304446484604932,0.22099389771894828,0.0,0.23744122714708993,0.0,0.0,0
5104,21.97464,79.50065,70.00613313827381,59.53653355307665,0.004436205548230909,0.0,0.0,0.07197087459521007,0.5979757470177731,6.151132357539918,0.0,0
5105,21.97464,79.52273,68.00051649693174,58.20327290095852,0.0,0.0,0.014416287066579152,0.3081024114347011,0.6127969132759649,2.756385169106471,0.0,0
5106,21.97464,79.54481,66.0126424782097,56.87003814989133,0.10687974975933118,0.0,0.4705248407131442,0.0877210955142967,0.5045363828144047,0.019988256244860114,0.0,0
5107,21.97464,79.56688,64.04416329191267,55.53682931206764,0.0,0.2790480907154929,0.1603089228062982,0.25932371743101407,0.43417578593921075,0.5224701305074526,0.0,0
5108,21.97464,79.58896,62.096923462607826,54.203646399682356,0.0,0.0,0.3222399120889418,0.31264424777108285,0.46463121247407835,5.002294647237613,0.0,0
5109,21.97464,79.61104,60.172985028809016,52.870489424932984,0.07320374517219749,0.10769625554917346,0.0,0.010887123924236755,0.5044416464813026,5.323486884193907,0.18298086223516227,0
5110,21.97464,79.63312,58.27465596516995,51.53735840001138,0.0,0.16950767479746007,0.21421530423428042,0.5271450120607337,0.5996487531071221,1.3425383641130384,0.0,0
5111,21.97464,79.65519,56.40452206943621,50.20425333711676,0.0,0.0,0.00536193316849076,0.2692164499293762,0.6603538576039356,0.0,0.05343310366703704,0
5112,21.97464,79.67727,54.55546830075079,48.87117424844607,0.0015591505295991085,0.0,0.07324276151057055,0.0,0.24928109297387518,3.379732122650308,0.0526560177426415,0
5113,21.97464,79.69935,52.52806680725713,47.53812114619667,0.09580495609294612,0.023318608018074,0.4042252718656845,0.24575911579740756,0.5858045102739919,3.863205073888151,0.0,0
5114,21.97464,79.72143,50.522056900955086,46.205094042567595,0.19803161195061156,0.0,0.0,0.5302327628160247,0.6182684394338624,4.522742068863353,0.08540590490155703,0
5115,21.97464,79.74351,48.5400908400337,44.872092949757636,0.0708233493772484,0.0,0.003968444516932754,0.0,0.573618476279166,1.5973783790810927,0.0596121274229115,0
5116,21.97464,79.76558,46.585237600737905,43.53911787996864,0.09710326619818643,0.2052667713784047,0.0,0.2862624266874104,0.49323526593776934,2.753871764847151,0.0,0
5117,21.97464,79.78766,44.66105762303532,42.206168845400235,0.0,0.08491389081664832,0.17793168834372686,0.4297669593226374,0.7486564090951054,3.135086619181811,0.0,0
5118,21.97464,79.80974,42.771690864957144,40.87324585825437,0.0,0.0,0.0,0.3201652609476418,0.7380559976035267,5.60963007203928,0.15420897029960673,0
5119,21.97464,79.83182,40.780036488092136,39.540348930734005,0.07985230792669631,0.01990370085113218,0.2050240208952566,0.13584087331216027,0.49850673853594457,6.567420250569054,0.036275998137286145,0
5120,21.97464,79.8539,38.75804569264427,38.20747807504103,0.022264635163788522,0.0950988557742168,0.0,0.14698206709950518,0.538056020477808,7.2907813743558485,0.06458338577818933,0
5121,21.97464,79.87597,36.76599806106078,36.87463330338027,0.0,0.12615167427462065,0.11072749918083087,0.23234995633867547,0.657621300944041,6.5360244058070345,0.0,0
5122,21.97464,79.89805,34.80903476993179,35.541814627955425,0.0,0.0,0.0,0.18280565728403494,0.7289633194050548,7.88844904766939,0.0,0
5123,21.97464,79.92013,32.89341838985081,34.20902206097135,0.0,0.24923067806300633,0.14812533190661895,0.12120354257541532,0.4349947054477652,5.835354007467178,0.0,0
5124,21.97464,79.94221,31.026808269131948,32.87625561463597,0.0,0.21504047517652689,0.0001269439477076706,0.09539086401612157,0.40239650166765173,1.7009212477334033,0.20704640252149278,0
5125,21.97464,79.96429,29.218598153856963,31.54351530115536,0.1830178695290075,0.11371330778639502,0.0,0.0,0.5868476298238132,7.257587893748365,0.0,0
5126,21.97464,79.98636,27.480318697930674,30.210801132737387,0.06408601388164899,0.0,0.0,0.32931226536817015,0.3906480257891707,0.0,0.2369550238639851,0
5127,21.97464,80.00844,25.826094292278487,28.87811312158791,0.17290428973908686,0.0,0.0,0.15673300468240528,0.2749984155620907,9.51129810197458,0.15289291326603713,0
5128,21.97464,80.03052,24.273116237074266,27.545451279918648,0.04175466961523965,0.0,0.1772497164443213,0.22202877838260698,0.43164724578561336,0.8861218648667588,0.036097024166394466,0
5129,21.97464,80.0526,22.84204442996482,26.212815619938738,0.022432938565463877,0.02164473473225332,0.0,0.23787592192502865,0.6039599946451611,5.7969253021443885,0.18268739987827232,0
5130,21.97464,80.07468,21.55717081231477,24.880206153855525,0.0,0.0,0.0,0.18998782361925595,0.7620015499870687,7.322146728458142,0.0,0
5131,21.97464,80.09675,20.446076203241102,23.547622893885123,0.021181503930381464,0.0968419683087858,0.08848423295463793,0.0,0.44414935397810956,4.851741006025944,0.0,0
5132,21.97464,80.11883,19.538430099067032,22.21506585223601,0.026227995260988828,0.2272235727213992,0.3456225725745537,0.5481154414580175,0.524897367346226,0.0,0.1502123510133565,0
5133,21.97464,80.14091,18.863622930461844,20.882535041122978,0.0,0.11732748970092,0.02405632038953561,0.07010710653200293,0.5631537632290693,1.419558956754834,0.0,0
5134,21.97464,80.16299,18.44722446936746,19.550030472756973,0.0,0.0,0.0,0.0,0.449953887934566,4.9530293637102565,0.0,0
5135,21.97464,80.18506,18.306876105403948,18.217552159354582,0.009220277867718063,0.0,0.08340378351654956,0.3117289683255219,0.4387361232421085,5.841542305190753,0.0,0
5136,21.97464,80.20714,18.44887900429871,16.88510011313011,0.10957120506534133,0.0857138642907099,0.0,0.20766039309200238,0.5876582413084556,3.9137884803541603,0.0,0
5137,21.97464,80.22922,18.86685882295816,15.664895933257869,0.12883657830599024,0.017460945819856008,0.0,0.032260777880112904,0.3737416791882616,4.772096405332151,0.3016533670442723,0
5138,21.97464,80.2513,19.543116138609026,14.741632317218798,0.015938674210786485,0.11614865520518915,0.0,0.4732684917855303,0.43486276129207563,0.9302420713781574,0.1266883271121383,0
5139,21.97464,80.27338,20.452046735332218,14.128601324227823,0.15117998229293178,0.14353957605527307,0.0,0.0,0.5150206914389861,9.48601363396116,0.0,0
5140,21.97464,80.29545,21.56424918392091,13.867008364260315,0.07729590455781861,0.2222920566576858,0.0,0.07811576866401726,0.5896471594873481,3.945300508495706,0.0,0
5141,21.97464,80.31753,22.850060591790353,13.976600456263021,0.0,0.0,0.18410993005132498,0.28884071207361306,0.33342849923297224,6.9553668956074866,0.05520906514437922,0
5142,21.97464,80.33961,24.28191699664832,14.448933986094042,0.031816853138486555,0.07826430167593826,0.06162801488997312,0.4552665977367101,0.5281906479762783,8.45647728015518,0.19068646063219888,0
5143,21.97464,80.36169,25.835547476761523,15.250341627593139,0.20820921919976443,0.0,0.03534841623783083,0.4975906747615125,0.366582515699313,1.6501359028973979,0.04698135844699512,0
5144,21.97464,80.38377,27.490313359741506,16.33245355398938,0.0,0.017451858545126757,0.0,0.03453443231522604,0.452164431481244,4.798795793874946,0.0,0
5145,21.97464,80.40584,29.103833101184836,17.643697192838335,0.06635610702379076,0.16637429517474542,0.01990552861159203,0.21007404109522523,0.6588430569699228,4.989983613287406,0.0,0
5146,21.97464,80.42792,30.576178710178112,19.13703094670132,0.23142359526285822,0.17891801133451243,0.10597105299181647,0.4359693000748808,0.5384374275231913,3.402529150368208,0.0,0
5147,21.97464,80.45,32.14269754488532,20.77322185952002,0.0,0.2426244157532566,0.0,0.18472968648032081,0.782726914428738,6.306141685260258,0.05060879816710808,0
5148,21.99348,78.75,90.75669177873448,106.58666846976682,0.00025790892655693035,0.06809484913235493,0.08891450238650338,0.2609555698201048,0.5398922929309403,1.2652295675457688,0.0,0
5149,21.99348,78.77208,89.5299041802036,105.25254920345972,0.0,0.0,0.0,0.0,0.6855217290214317,3.1430167459133185,0.1612340526068082,0
5150,21.99348,78.79416,88.34502156093141,103.91845542761244,0.1952677670694864,0.0,0.019497147152002643,0.39630826782261463,0.6612683785691597,2.035760322114061,0.08434765061125625,0
5151,21.99348,78.81623,87.20375211615239,102.58438715438805,0.0,0.0,0.22849976063762095,0.14240119211867738,0.5481490635529414,9.046512627913625,0.03797591533851587,0
5152,21.99348,78.83831,86.10783002821648,101.25034439595558,0.0055952680442297766,0.21435840437907072,0.24640406771090304,0.10607297155948317,0.36580851132282705,1.2768379102375107,0.0811917234140636,0
5153,21.99348,78.86039,85.0590081387021,99.91632716448353,0.16251611444953856,0.0,0.2655179146661766,0.0876190433669426,0.5352821899889223,4.936995151407273,0.0,0
5154,21.99348,78.88247,84.05904952400472,98.58233547214161,0.07937748053412313,0.0809446424545054,0.057113867403884654,0.25193154178142224,0.47541193970825146,7.671422903771757,0.0,0
5155,21.99348,78.90455,83.10971796128497,97.24836933109775,0.0,0.10864075895291392,0.006323010013764299,0.0,0.47000115458484143,0.6124329353841573,0.0,0
5156,21.99348,78.92662,82.21276729878329,95.91442875352345,0.0,0.0,0.0,0.07413879659502587,0.5718147146318552,3.24807745385527,0.06150195854029803,0
5157,21.99348,78.9487,81.3699297765164,94.58051375159044,0.05939189911475921,0.0,0.0,0.21458953383233856,0.34705981101245864,0.435572005321085,0.0,0
5158,21.99348,78.97078,80.58290337984451,93.24662433746833,0.0,0.24752535356140318,0.0,0.440328499016433,0.42766154409184853,0.0,0.013109969957112888,0
5159,21.99348,78.99286,79.85333834831731,91.9127605233304,0.0,0.046472244404495294,0.0,0.15900976507271242,0.40831063326248374,0.9592850006494116,0.0,0
5160,21.99348,79.01494,79.18282300434832,90.5789223213512,0.0,0.0,0.0,0.10537505391144242,0.5144081886312102,1.5174384929387243,0.09599873018967232,0
5161,21.99348,79.03701,78.57286910875851,89.24510974370327,0.0,0.0,0.2824451055303445,0.02723072011101664,0.442457004560244,1.6720307300410178,0.0,0
5162,21.99348,79.05909,78.02489699095032,87.9113228025612,0.19395424370527833,0.17380212927193028,0.2629603780017309,0.48104711818002865,0.4516595221932294,2.221443093644542,0.07228179427515993,0
5163,21.99348,79.08117,77.54022073783138,86.57756151010113,0.021215057668454072,0.14949530754672072,0.0,0.0736440791902609,0.5689643899224494,3.01652891053894,0.0,0
5164,21.99348,79.10325,77.12003375502273,85.24382587849944,0.0,0.0,0.16366579388001742,0.381681012168939,0.4876035943980447,0.0,0.0,0
5165,21.99348,79.12532,76.76539503366511,83.91011591992948,0.0,0.26149238035277805,0.0,0.3778349122351781,0.5506723248152079,3.915016392056219,0.0,0
5166,21.99348,79.1474,76.47721646393346,82.57643164657196,0.0,0.15459191355725266,0.13652400015680785,0.4271995865563327,0.3938016811898791,6.155595700202648,0.19109278793810405,0
5167,21.99348,79.16948,76.25625153034036,81.24277307060383,0.0,0.0,0.16120430716636092,0.08258809427543898,0.43402027542010574,6.460758703482526,0.0,0
5168,21.99348,79.19156,76.10308570300204,79.90914020420406,0.1219604286143587,0.0,0.2484193454803787,0.1046932312553859,0.835715362405568,2.3248006904044285,0.0,0
5169,21.99348,79.21364,76.01812880308798,78.57553305955248,0.26781639104682864,0.16865494863081928,0.0,0.28106379086574595,0.45236270585605154,5.325562613477425,0.0,0
5170,21.99348,79.23571,76.00160957067281,77.24195164882839,0.0871701463106432,0.07624442639916199,0.2028615350685677,0.20463852375213565,0.2550993920102407,1.2310858556681457,0.0,0
5171,21.99348,79.25779,76.05357260115774,75.90839598421364,0.0,0.0,0.0,0.3367598594778935,0.5978973244958237,2.1092100302537298,0.2990473382067658,0
5172,21.99348,79.27987,76.17387774534603,74.57486607788833,0.0,0.0,0.25924390934432323,0.24012553703417375,0.4508837263672249,4.038432308025179,0.06213294013756295,0
5173,21.99348,79.30195,76.3622019919071,73.24136194203685,0.0,0.5002140926945724,0.0,0.09525147535909453,0.584137972080384,2.132378936343213,0.0,0
5174,21.99348,79.32403,76.61804377356917,71.90788358884123,0.24717814719142273,0.0026714945431197063,0.0,0.3523149329376175,0.537464531877003,0.0,0.0,0
5175,21.99348,79.3461,76.94072956425,70.5744310304842,0.0,0.0,0.0,0.20584132233001648,0.6269821342590213,5.17000075347204,0.25135496057941964,0
5176,21.99348,79.36818,77.32942256749737,69.24100427915238,0.25388531086549476,0.0,0.0,0.2874092497710574,0.536052301461838,0.8497321423175177,0.0,0
5177,21.99348,79.39026,77.78313324048476,67.9076033470296,0.16723449416066807,0.283587298031043,0.2710964568604883,0.11254715794492622,0.518282214423989,1.652819118755114,0.0,0
5178,21.99348,79.41234,78.30073135488415,66.57422824630217,0.0,0.1357023114481686,0.0,0.17735380735813797,0.7107084299353517,5.756896042166133,0.0,0
5179,21.99348,79.43442,77.03625204792374,65.2408789891554,0.0,0.22526207740021958,0.14269321304776375,0.0480912467743029,0.23945956510515776,4.402923848952702,0.11137055331448262,0
5180,21.99348,79.45649,75.01116558140299,63.90755558777936,0.0,0.03979449122715411,0.00691198055925089,0.23735234150674248,0.3644309755013201,3.465308667512553,0.0,0
5181,21.99348,79.47857,73.00103807402563,62.574258054358765,0.0,0.20074331317860636,0.21253520429185901,0.10032429378718632,0.4344856707799132,0.0,0.1395658568124346,0
5182,21.99348,79.50065,71.00713999111373,61.240986401084015,0.0,0.0,0.038302170826587795,0.0,0.31300040284351316,0.0,0.17004331992532098,0
5183,21.99348,79.52273,69.03087770901477,59.90774064014566,0.3595947948670458,0.026154455864957835,0.0,0.22277667879428276,0.482883828518386,4.044614858152234,0.09815838099990336,0
5184,21.99348,79.54481,67.07381015157137,58.57452078373334,0.0,0.04609384188811091,0.011294179543153452,0.10922188704301844,0.46906603051946755,4.651501830876997,0.0,0
5185,21.99348,79.56688,65.13766750587375,57.24132684403623,0.027548293225402407,0.22138677761843237,0.3202491304807971,0.21335921387473528,0.6864541674166253,3.67341234231347,0.0,0
5186,21.99348,79.58896,63.22437221599375,55.90815883324676,0.07407072003671164,0.05124559159041404,0.09953715753195697,0.09567018431169859,0.5376366149187111,1.7863230703288522,0.0,0
5187,21.99348,79.61104,61.3360624371726,54.575016763559375,0.0,0.0,0.0,0.060733018533305594,0.5201711513917939,1.703753998318752,0.0,0
5188,21.99348,79.63312,59.47511809579346,53.241900647164066,0.013361699860939923,0.010573891393529634,0.4511648620541339,0.020315634960501483,0.4968126961734236,3.5854300709768925,0.0,0
5189,21.99348,79.65519,57.53395262269647,51.908810496256386,0.0,0.0,0.23186605222715656,0.0,0.40270688484004946,0.0,0.0,0
5190,21.99348,79.67727,55.52209233061373,50.57574632303078,0.012996719604852687,0.0,0.16337981390178444,0.02700862500639229,0.6746919935717323,3.2710286364020953,0.07667777286363585,0
5191,21.99348,79.69935,53.53158078280995,49.24270813968186,0.06164058506174631,0.13354630580182855,0.06351592766778473,0.0,0.7193840901308474,0.0,0.0,0
5192,21.99348,79.72143,51.56489039915262,47.90969595840561,0.039652619865253994,0.0,0.14612259205399908,0.07230112074171052,0.38025972265402463,0.3070557682849011,0.0,0
5193,21.99348,79.74351,49.62485348431715,46.576709791398606,0.0688493790356571,0.0,0.152642926542005,0.15986532350544577,0.7767566438461233,3.514252945114062,0.0,0
5194,21.99348,79.76558,47.7147213084458,45.243749650861346,0.17004401370930203,0.1338310007665694,0.0,0.0,0.45599207900503014,4.575424423551546,0.27045615266771705,0
5195,21.99348,79.78766,45.78937202168907,43.91081554898591,0.11309916161650749,0.22456281643636425,0.07918108131806074,0.32147094307885016,0.4445506927437648,3.9571224156511047,0.08779989738136958,0
5196,21.99348,79.80974,43.761967711679226,42.577907497975914,0.009383502248473268,0.08675182055111043,0.0,0.0,0.6160551471534911,0.1815863539154532,0.0,0
5197,21.99348,79.83182,41.76038125361896,41.24502551002988,0.0,0.3099552942166815,0.0,0.1830269514543271,0.6284963723510798,0.0,0.20624529069767567,0
5198,21.99348,79.8539,39.7885092335203,39.91216959734754,0.0,0.08216924243754853,0.0,0.006766867114212247,0.5397593640449662,3.0851095307372938,0.0,0
5199,21.99348,79.87597,37.85099595856437,38.579339772130915,0.0,0.05042425107927819,0.0,0.35025160818693746,0.5011559832230918,0.0,0.3644982075063637,0
5200,21.99348,79.89805,35.95339663569275,37.24653604658033,0.03229525100085947,0.04093238950470619,0.0,0.0,0.7136297875800832,5.599027355553101,0.04195255541297908,0
5201,21.99348,79.92013,34.102374898003255,35.91375843289818,0.0,0.0,0.25092332710414034,0.31612152939905486,0.4620579313042145,0.3549561706376081,0.09052410304379166,0
5202,21.99348,79.94221,32.305937996842616,34.581006943289594,0.0,0.15650909950679345,0.09468128181607766,0.11089110475841127,0.5394547419780105,9.001882941500895,0.1340347693590933,0
5203,21.99348,79.96429,30.573709304301303,33.248281589957564,0.0,0.0,0.0,0.340737479065996,0.7859055418418672,0.7226157081216575,0.23786896644160146,0
5204,21.99348,79.98636,28.917229954449546,31.915582385108102,0.0,0.0,0.0,0.02404953589463309,0.3611942401801481,4.463191660906361,0.0,0
5205,21.99348,80.00844,27.35026681287423,30.582909340943377,0.0,0.009939663124254223,0.18164946834177514,0.11499245920788727,0.4836932573604496,1.3857507394904764,0.2242111547510393,0
5206,21.99348,80.03052,25.889079202172056,29.25026246967263,0.0,0.0,0.0,0.1047290818449314,0.6908452164638756,2.9117056543294977,0.0,0
5207,21.99348,80.0526,24.552559366560402,27.917641783501914,0.0,0.0,0.25821301878905356,0.16688271151158102,0.6205791595781075,3.8829800833414465,0.0,0
5208,21.99348,80.07468,23.362113446016007,26.585047294636386,0.0,0.30549052453900427,0.22138851532156584,0.09859895983963907,0.6710884362099677,5.705986933403891,0.0023108929456506174,0
5209,21.99348,80.09675,22.341104331769944,25.252479015289097,0.0,0.19010134244563767,0.0,0.1973329222672291,0.35996642082225977,6.194848325744479,0.14845169991231383,0
5210,21.99348,80.11883,21.513669299029893,23.919936957666017,0.06413194037143292,0.0,0.0,0.13531695990481368,0.5894121604992912,5.521968761787926,0.0,0
5211,21.99348,80.14091,20.90280883635455,22.587421133978577,0.11200433970292267,0.0,0.0,0.24412985805887805,0.5039329592975361,6.429464765843802,0.26589940073309853,0
5212,21.99348,80.16299,20.527866302219852,21.254931556435228,0.0,0.0,0.0,0.09693009195391034,0.8616044606754247,2.246476961122076,0.21421778060780586,0
5213,21.99348,80.18506,20.40185285818098,19.922468237249767,0.0,0.1380905456836901,0.0,0.5555358384536693,0.6566402997394873,5.670619835137474,0.008393982309739374,0
5214,21.99348,80.20714,20.529352954510838,18.608674444547244,0.10947569239971985,0.0,0.0,0.10625552536109874,0.5403430980307982,3.2520415548402726,0.0,0
5215,21.99348,80.22922,20.905728709281092,17.545361908232575,0.0,0.0,0.0,0.0,0.5838906719119977,6.845318293912869,0.16196147213546658,0
5216,21.99348,80.2513,21.517924624140353,16.726332608580595,0.0,0.05048035135298232,0.0726407254838857,0.06587035517887188,0.5520602739901268,4.703675826080701,0.0,0
5217,21.99348,80.27338,22.346567834606574,16.188705917709147,0.21091195335770052,0.10609239448316658,0.22260040464104855,0.09210152889305234,0.6430367215466231,6.102240561545328,0.11978805558597959,0
5218,21.99348,80.29545,23.368644241475547,15.960943428528346,0.17603975273018782,0.19027888193396947,0.11415357282486854,0.08161271366772006,0.4260483252576843,5.285571776569307,0.0,0
5219,21.99348,80.31753,24.560016251190014,16.056237112108978,0.14102123595773536,0.023476234285278546,0.15927399490657357,0.1048014921679516,0.7377937308131415,6.48862807780763,0.20162966546915928,0
5220,21.99348,80.33961,25.897329718123565,16.46898006683082,0.17533657793564592,0.0,0.0,0.15615477614045079,0.361868133213758,2.3439899849338097,0.0,0
5221,21.99348,80.36169,27.359192186576674,17.17630279120239,0.0,0.3478125167752159,0.1261301794144937,0.177874343598676,0.5766134420550267,0.2477756298346394,0.0,0
5222,21.99348,80.38377,28.926726886544927,18.14378596401355,0.21106840294430146,0.027476707769883126,0.0,0.08151865014120352,0.4329892783194644,6.7700291521784575,0.07028325863586683,0
5223,21.99348,80.40584,30.583689746441703,19.33241004978681,0.08691995694604601,0.1377955886376947,0.0,0.15181460663107166,0.5547731758083203,7.547393655636107,0.09637017897598868,0
5224,21.99348,80.42792,32.16484815389165,20.704122882377195,0.15301759603092957,0.0,0.3817283655843886,0.3356115524911054,0.6873832023180615,3.600581726806064,0.0,0
5225,21.99348,80.45,33.65731356021523,22.225049965251138,0.07107993455758348,0.12609043312007653,0.0,0.2898570952835689,0.3095390992863569,5.870544667951812,0.0,0
5226,22.01232,78.75,92.51635497467012,108.29053469970589,0.005870993471695937,0.0,0.0,0.47207366741941326,0.5262729960424055,0.0,0.1524218018307604,0
5227,22.01232,78.77208,91.31337071519353,106.9564302115831,0.0,0.0,0.07654000011524348,0.24353688554260636,0.34843397160878475,1.3840588098702244,0.16108729984965942,0
5228,22.01232,78.79416,90.1520853193473,105.62235121748535,0.04405734786232371,0.0,0.0,0.22258748718761362,0.5108863921846795,3.21315408465257,0.0,0
5229,22.01232,78.81623,89.0341304794506,104.28829772957285,0.0,0.0,0.0,0.28984177367725267,0.34806488310117245,0.0,0.0,0
5230,22.01232,78.83831,87.96115838162949,102.95426976001164,0.10414516731974383,0.20007585064115804,0.0,0.1761147844376023,0.5726499146639673,0.0,0.0,0
5231,22.01232,78.86039,86.93483462967038,101.62026732096805,0.0,0.0,0.0,0.28564348703400677,0.49033611203371463,3.410786887887073,0.04058185890917705,0
5232,22.01232,78.88247,85.95683020338446,100.28629042460906,0.0,0.11492187933655204,0.17846743795678555,0.15122234787975475,0.6545970352663659,1.4253581922186687,0.13002064574369573,0
5233,22.01232,78.90455,85.0288124510436,98.95233908309925,0.24537885861758135,0.2427634915899674,0.24248224073515398,0.05028889222869763,0.7219979954404568,2.098794134931286,0.024216987410820123,0
5234,22.01232,78.92662,84.15243513982561,97.61841330860766,0.0,0.0,0.327912694260283,0.1653425257869029,0.5514905730484762,1.9437890004360399,0.0,0
5235,22.01232,78.9487,83.32932761637075,96.28451311330296,0.0,0.15900421986618274,0.0,0.0048186269412107095,0.6751115119852561,0.0,0.28584318012447424,0
5236,22.01232,78.97078,82.56108316104772,94.95063850935261,0.0,0.08497550546615176,0.0,0.0,0.7435439987069928,2.4346763444337483,0.0,0
5237,22.01232,78.99286,81.84924665339227,93.61678950892717,0.04030164815993036,0.018631978974808668,0.0,0.0,0.4209053332783393,2.9646434393447842,0.14051623118885495,0
5238,22.01232,79.01494,81.19530170133989,92.2829661241978,0.0,0.12005293994906252,0.25777171139213007,0.055864490946865866,0.7508977137777112,1.4852701340042438,0.034673897616142285,0
5239,22.01232,79.03701,80.60065742172105,90.94916836733461,0.0,0.29439298374614203,0.0834452365444821,0.03188782492243809,0.5448282297246608,1.696531756667951,0.07498860766127695,0
5240,22.01232,79.05909,80.06663509228069,89.61539625050942,0.10186431047716459,0.0,0.01604022419980845,0.1484942638397481,0.41302694475467533,2.47009592857311,0.0,0
5241,22.01232,79.08117,79.59445492412107,88.28164978589533,0.0,0.0,0.04592615382123833,0.37137541193259926,0.5917843877298178,5.131873699150654,0.0,0
5242,22.01232,79.10325,79.18522322593624,86.94792898566656,0.09463384305551935,0.0,0.0,0.25346438258248527,0.5399063103778604,2.7549721754681884,0.04693608644320333,0
5243,22.01232,79.12532,78.83992024561633,85.61423386199372,0.09866815324953958,0.159114103439048,0.0,0.11071288258686984,0.3530179541653673,0.0,0.0,0
5244,22.01232,79.1474,78.55938897899709,84.28056442705412,0.12659552490722847,0.1807054687837927,0.10263505895242962,0.03390217129839576,0.3958526584127853,0.0,0.0,0
5245,22.01232,79.16948,78.34432522837447,82.946920693022,0.01686591045410666,0.0,0.0,0.0,0.7792235794306955,5.42361095879094,0.27400018734980386,0
5246,22.01232,79.19156,78.19526917420048,81.61330267207414,0.3889523269850243,0.0,0.0,0.0,0.5890000423160364,1.2184644673745535,0.10403160651498518,0
5247,22.01232,79.21364,78.11259869210912,80.27971037638734,0.12654558941171956,0.0,0.11485763246395912,0.05013581362326752,0.7574507509398835,2.771137800585333,0.00553486795573463,0
5248,22.01232,79.23571,78.09652460498612,78.94614381813842,0.03898724550774907,0.08766961902618134,0.0,0.32610345724814555,0.491679315302806,8.006112116039407,0.015854500209030432,0
5249,22.01232,79.25779,78.14708800783691,77.61260300950589,0.0,0.0,0.04549723736378811,0.4567803345499895,0.43777149742442734,4.644339398576043,0.2693980845697891,0
5250,22.01232,79.27987,78.26415974414402,76.27908796266738,0.0,0.02887371325987579,0.0,0.19863720801178691,0.31433552576502066,0.0,0.0,0
5251,22.01232,79.30195,78.44744204920627,74.9455986898042,0.17116299782395714,0.0,0.17827626574215052,0.2538885631461532,0.6855163480072596,6.758936858147553,0.0,0
5252,22.01232,79.32403,78.69647231193747,73.61213520309653,0.20514885039303185,0.1622794836578038,0.04403308350863392,0.0,0.6074881168853625,3.3916054936659377,0.1360123241815894,0
5253,22.01232,79.3461,79.01062884514432,72.27869751472349,0.1774053573958818,0.05494048640495107,0.0,0.10589604867264676,0.4929432869689151,3.963107927480717,0.0740304343180156,0
5254,22.01232,79.36818,79.38913849857532,70.94528563686917,0.09423040183048347,0.09386935771035161,0.0644010755462744,0.22017404014106046,0.43902730303286425,3.7942368918872655,0.0,0
5255,22.01232,79.39026,79.83108590175291,69.61189958171435,0.0,0.025492095448686337,0.07093814246794218,0.2771562716824464,0.707761409996821,5.378663038145236,0.17418923949814058,0
5256,22.01232,79.41234,80.01657172564893,68.2785393614432,0.05847084256854093,0.08394803422568776,0.10226697919663555,0.35092571053156824,0.5251803186793501,2.7972375247262637,0.04719326777493176,0
5257,22.01232,79.43442,78.00255712870745,66.94520498823793,0.0,0.07342950877590872,0.20717540532017306,0.28251697522063574,0.526685317960164,0.0,0.0,0
5258,22.01232,79.45649,76.00348986930236,65.6118964742862,0.0,0.0,0.0,0.5122461291643017,0.46589147208916504,3.8473070010574233,0.07845182059334756,0
5259,22.01232,79.47857,74.02058104435427,64.2786138317693,0.02872129362324772,0.05977109731806602,0.13358827691987976,0.06955950247757678,0.492954793526613,0.0,0.05451092323889626,0
5260,22.01232,79.50065,72.05516471583316,62.94535707287519,0.06281172204583367,0.12673700234378213,0.0,0.4340838802912047,0.6270159792269532,7.731386023475258,0.0,0
5261,22.01232,79.52273,70.10871208674956,61.612126209791676,0.10843995470379404,0.1849356882482688,0.0,0.0,0.3516966836589649,2.068008830230655,0.06148973051071498,0
5262,22.01232,79.54481,68.18284731913258,60.27892125470529,0.05969968657910493,0.06671070670825416,0.0,0.0,0.5613008933347264,2.876578835560048,0.1001905040292305,0
5263,22.01232,79.56688,66.27936512931983,58.94574221980335,0.06384443917587672,0.0,0.28957371597112147,0.2788753529441622,0.68377871986137,1.2552101880545663,0.14627068564576623,0
5264,22.01232,79.58896,64.40025027847668,57.61258911727466,0.0,0.0,0.0,0.08981309470119096,0.5381294178574756,3.8967682558479178,0.017167266203887695,0
5265,22.01232,79.61104,62.54030359077449,56.27946195931113,0.0,0.0,0.12160697588953366,0.07869652756380355,0.6975857306672306,4.198667562782122,0.0,0
5266,22.01232,79.63312,60.523621322252616,54.94636075809971,0.0,0.03057448884804525,0.0,0.015879095936420555,0.7376755592214814,1.2554549335198197,0.038249779911326456,0
5267,22.01232,79.65519,58.526121439342226,53.613285525833795,0.0,0.0,0.0,0.4879243257650111,0.6764899200425608,4.201254192228929,0.19054073048718193,0
5268,22.01232,79.67727,56.54983674999667,52.28023627470504,0.08904149811705617,0.0,0.0,0.214895877848529,0.4747680555558734,3.2030943293021186,0.10078924052896931,0
5269,22.01232,79.69935,54.597071165096985,50.947213016904705,0.0,0.0,0.4951413052831254,0.12310232746562493,0.5450162858170836,2.7820582610359,0.0,0
5270,22.01232,79.72143,52.670440716552676,49.61421576462627,0.10495615254372773,0.0,0.0,0.2993997444966059,0.5983770213241738,1.0823195221603972,0.008904641027145806,0
5271,22.01232,79.74351,50.772920707029286,48.281244530063574,0.1333218103131546,0.0,0.014734144235163383,0.23923181955590217,0.4841927735908268,9.059524277937072,0.2665059111827652,0
5272,22.01232,79.76558,48.7670320407024,46.94829932541263,0.0,0.0,0.025427962436865792,0.20621060431786603,0.47950610797618365,6.12409653077709,0.1198873817715091,0
5273,22.01232,79.78766,46.758054706486945,45.61538016286751,0.0713365015854343,0.37207803069675466,0.0,0.30158592268442963,0.4710536092320553,4.950377462575857,0.024291007994218183,0
5274,22.01232,79.80974,44.77480277764393,44.2824870546249,0.0,0.28848128976656584,0.0,0.0,0.9,5.994532245274075,0.18246248688758926,0
5275,22.01232,79.83182,42.820850871259225,42.94962001288133,0.0,0.0,0.08128584173299236,0.297039280257432,0.5118882420700629,3.8559191455387674,0.0,0
5276,22.01232,79.8539,40.90039853300957,41.616779049834044,0.015769152747729234,0.025387965860675606,0.017615960615604293,0.0640254789628398,0.6993955265693758,2.1800498101610173,0.05263081407116317,0
5277,22.01232,79.87597,39.018392580456194,40.283964177681995,0.0,0.0,0.0,0.24445058678977832,0.4279839130379205,0.0,0.30010955147374674,0
5278,22.01232,79.89805,37.18067173491318,38.951175408623634,0.0,0.0,0.0,0.3129054531400367,0.7878413094949743,0.0,0.1045849402943608,0
5279,22.01232,79.92013,35.39413477321899,37.61841275485768,0.2389339033626608,0.0,0.20544747780335273,0.23363557176535743,0.4964521300368627,8.766777136885981,0.2593644531234635,0
5280,22.01232,79.94221,33.66693094565812,36.28567622858678,0.0,0.0,0.11940113528291416,0.08104382055667264,0.5566853984708775,6.176213398618536,0.0,0
5281,22.01232,79.96429,32.00866666999236,34.952965842011146,0.04889588116586612,0.0,0.2459813300847404,0.20826704068891194,0.2924546157046856,3.7112064405464347,0.0,0
5282,22.01232,79.98636,30.43061429990439,33.62028160733371,0.0,0.04454419422985103,0.0,0.0,0.705069873949784,0.0,0.18575209239727847,0
5283,22.01232,80.00844,28.945895656785172,32.28762353675444,0.11359334010995162,0.1110717151762028,0.26033015613135224,0.34585987724191314,0.7350443666367158,4.899420052981533,0.0,0
5284,22.01232,80.03052,27.569593938350053,30.954991642479534,0.04155824277500167,0.0,0.0,0.23066759538617934,0.3817613954814385,2.5658277626105295,0.02909598444199635,0
5285,22.01232,80.0526,26.318723220055023,29.622385936712536,0.052696954725482664,0.012997144766662926,0.32512631296135225,0.17842807424047574,0.7119836347150015,5.149514115224534,0.1653198475165539,0
5286,22.01232,80.07468,25.21195991572696,28.289806431655226,0.0,0.0,0.008832113281731795,0.33770167223964914,0.35978659155491777,0.4972713796560613,0.09052273716704701,0
5287,22.01232,80.09675,24.269027662433057,26.95725313951817,0.0,0.0,0.0,0.19027732793405927,0.6349868966424117,2.1763490821085716,0.0,0
5288,22.01232,80.11883,23.509647712411677,25.62472607250426,0.1252408352176326,0.0,0.18098632653911695,0.09051207862465102,0.5057091599583229,5.823356367739718,0.0,0
5289,22.01232,80.14091,22.952046078459112,24.292225242823047,0.22994069166860512,0.11829583689141224,0.0,0.04315483646143753,0.7327133434078661,8.617684980470138,0.0,0
5290,22.01232,80.16299,22.611155545297343,22.959750662679273,0.0794199450259049,0.0,0.0,0.07955279277429009,0.5802695917182438,1.9900298787712771,0.07707350946284286,0
5291,22.01232,80.18506,22.496829634431524,21.62730234428428,0.0,0.0,0.0,0.30043595103377985,0.6756995182210006,1.214997240989724,0.08339216761726924,0
5292,22.01232,80.20714,22.61250505395941,20.43297042335001,0.07386300712721935,0.011975803018896261,0.33754822018517117,0.154069088171766,0.7186697583408892,6.589006531217295,0.0001083523923405892,0
5293,22.01232,80.22922,22.954704934497986,19.46967736714684,0.33026730515732083,0.0,0.0,0.13265951472543336,0.504895320935434,0.7587210199038728,0.11783101874167998,0
5294,22.01232,80.2513,23.513541305421928,18.735061678948455,0.05633719786892093,0.2917967001878485,0.3261346870019483,0.24494248766424365,0.5419810500873212,1.0336232561162406,0.0707493532152821,0
5295,22.01232,80.27338,24.274056573925463,18.256748859050308,0.22312244885071617,0.0,0.0,0.395967347558018,0.3909349807497002,4.875193728284859,0.0,0
5296,22.01232,80.29545,25.218010852871206,18.055120202107396,0.0,0.13658087831021798,0.0,0.4852207130848894,0.5050064685223237,9.63336279645971,0.08653596694875872,0
5297,22.01232,80.31753,26.325678912801376,18.13940451326911,0.04359331978938448,0.20116811795427214,0.2705792026231289,0.42292231845502287,0.8173041413284017,1.9924519629085147,0.0,0
5298,22.01232,80.33961,27.577340660527888,18.505695625661428,0.12011067693646732,0.0,0.0,0.14220153924451193,0.6537915734162696,3.19010089995722,0.1021563199277042,0
5299,22.01232,80.36169,28.954328053698067,19.137807834633918,0.08886631327052172,0.035562772258461134,0.0,0.5004280994490776,0.40215191114378546,4.362757692394331,0.0,0
5300,22.01232,80.38377,30.439637875859248,20.01056595852313,0.0,0.10942066597147265,0.0,0.1979968952515116,0.777149590864097,2.7451036375239735,0.07810838171575146,0
5301,22.01232,80.40584,32.01819855956321,21.094121306113937,0.0,0.03663596382685508,0.0,0.038620746790977656,0.6034977792748542,0.0,0.07413136625068621,0
5302,22.01232,80.42792,33.676899589494475,22.35784647238412,0.1426757156131399,0.07322439269142071,0.0874925337173499,0.0,0.6655292729063613,5.835614950337423,0.0,0
5303,22.01232,80.45,35.231439450578065,23.773026405153317,0.16200786939607945,0.0,0.0,0.08678854873297684,0.6181105348438454,4.125767606788994,0.10162177872058667,0
5304,22.03116,78.75,94.28972611572948,109.99431845670998,0.1814572378977262,0.08864606231338215,0.0,0.23939995836957523,0.6087661503743812,3.9538944683490795,0.2468317242776141,0
5305,22.03116,78.77208,93.10981309317128,108.66022875356855,0.2164716716333597,0.0,0.0,0.0,0.2703200256179358,2.6316213447030847,0.0,0
5306,22.03116,78.79416,91.9713642909519,107.32616454801368,0.016154349398851717,0.05591256866219405,0.013288204673747906,0.01823828175637228,0.7049742692685137,6.9343152284846035,0.15267165813233724,0
5307,22.03116,78.81623,90.87593807563397,105.99212585220344,0.0,0.14719865591012588,0.295911982496354,0.1535351763082171,0.23439298410006926,1.6882684325023587,0.1738389500797082,0
5308,22.03116,78.83831,89.82510847788286,104.65811267830095,0.16211893923575552,0.10700988179254939,0.0,0.0,0.6922382879058714,0.19974941784045264,0.0,0
5309,22.03116,78.86039,88.82045839329473,103.32412503846884,0.08556834702313511,0.05579577114638783,0.0,0.28529228317350014,0.5639392485075508,7.32573097728262,0.12814425901701187,0
5310,22.03116,78.88247,87.86357193487684,101.99016294487228,0.0,0.10274125407883876,0.5492742186941585,0.38688594366067314,0.6669649113887961,0.0,0.0,0
5311,22.03116,78.90455,86.9560259462638,100.65622640967325,0.0,0.11014662718478202,0.0,0.1447225430838661,0.5721760208544222,2.600250001446944,0.20099247450323782,0
5312,22.03116,78.92662,86.09938070650615,99.32231544503816,0.05903168884887361,0.23928120018208845,0.0,0.0,0.6961251529954744,2.803825293816876,0.0,0
5313,22.03116,78.9487,85.2951698819264,97.98843006313187,0.0,0.0,0.0,0.13238711817151613,0.5522605933604748,2.7023321745762052,0.2311822662461625,0
5314,22.03116,78.97078,84.544889807644,96.65457027612041,0.0,0.02623453482261471,0.0,0.0,0.589329583299562,0.0,0.0,0
5315,22.03116,78.99286,83.84998821004062,95.32073609616998,0.1287041297897429,0.14913236219994797,0.015551164061464154,0.0467482691224883,0.6066662430880851,0.0,0.014395192004099397,0
5316,22.03116,79.01494,83.2118525107339,93.98692753545188,0.09108461479624913,0.0,0.18415951053080884,0.3188792298226293,0.8130097294422873,5.49103732414923,0.0,0
5317,22.03116,79.03701,82.63179788118877,92.65314460612953,0.15958498639131188,0.0,0.08079778358191257,0.1322279532546279,0.6340383018325911,6.602188790703311,0.23944163261209972,0
5318,22.03116,79.05909,82.11105524349514,91.31938732037467,0.0,0.07891958625779949,0.21541937532779307,0.15030678175392798,0.3656403741580022,1.915346451862225,0.0,0
5319,22.03116,79.08117,81.65075943537406,89.98565569035699,0.03040805670106576,0.0,0.20880602050361738,0.2641360738490297,0.47104258582502967,0.5806835821681902,0.0,0
5320,22.03116,79.10325,81.25193777457208,88.65194972824762,0.08336300565162355,0.0,0.04171072818302847,0.05451004241624919,0.6337202987130566,0.0,0.17922858246591836,0
5321,22.03116,79.12532,80.91549926784444,87.31826944621504,0.0,0.08009125677053447,0.07526272044203604,0.23040845338717048,0.7263641540233994,5.446031824585485,0.1171419452803083,0
5322,22.03116,79.1474,80.64222471139391,85.98461485643317,0.0,0.2289866553938931,0.22174767831175263,0.2764178630439368,0.44889505548012965,5.59972002109661,0.0,0
5323,22.03116,79.16948,80.43275792195675,84.65098597107541,0.0,0.0,0.0,0.20484531478345425,0.8635825649073077,0.0,0.0,0
5324,22.03116,79.19156,80.28759832025823,83.31738280231193,0.0026047122500126216,0.16357949797618695,0.49964260635390406,0.19628055778390197,0.5745842239266149,0.0,0.0,0
5325,22.03116,79.21364,80.20709506137501,81.98380536232027,0.1953436398716216,0.0,0.0,0.24606328180602874,0.6088791234309616,3.3567213445058486,0.20401106959854817,0
5326,22.03116,79.23571,80.19144287043137,80.65025366327295,0.24271218180860582,0.0,0.0,0.11051420632557099,0.374429397084418,3.6932254134478484,0.0670287535645196,0
5327,22.03116,79.25779,80.24067969837739,79.31672771734603,0.0,0.29449490938944684,0.0,0.2896798860471636,0.7061664102693679,1.7602868795430844,0.027745715438325328,0
5328,22.03116,79.27987,80.35468626329352,77.98322753671434,0.06318913671602425,0.0,0.0,0.43775666783030565,0.4875899102554712,2.9158854424921925,0.07875678856067742,0
5329,22.03116,79.30195,80.53318749009703,76.64975313355615,0.06705857303540856,0.014407397874329307,0.1948071637049469,0.05744975851168112,0.44557610723121527,2.358979403313915,0.0,0
5330,22.03116,79.32403,80.77575580831453,75.3163045200495,0.046518627864010474,0.12207897592650802,0.45403899035787754,0.16875984808474187,0.5055927066767546,3.070801727534065,0.0,0
5331,22.03116,79.3461,81.0818162163881,73.98288170837009,0.04788197126777818,0.0,0.0,0.0,0.743588581152034,0.6600575109785316,0.0,0
5332,22.03116,79.36818,81.45065297431957,72.64948471070018,0.036454614144145206,0.01156361586583197,0.06946360178929602,0.1824532327735723,0.6152037269659432,2.970954886926024,0.15702180205941343,0
5333,22.03116,79.39026,81.8814177464908,71.31611353921693,0.20251530050551453,0.010307698391655355,0.0440335929955203,0.16929093406195603,0.4255278301765114,1.2499036130797243,0.0,0
5334,22.03116,79.41234,81.00124651537841,69.98276820610225,0.13230458132559786,0.298011057676992,0.20004923386293252,0.0,0.4757466698485566,1.0337294115972762,0.16858385636432324,0
5335,22.03116,79.43442,79.01260167165168,68.64944872353576,0.0,0.0,0.443743354270889,0.33473416586908633,0.7473389386348521,0.0,0.2871076549022375,0
5336,22.03116,79.45649,77.04001246281348,67.31615510370021,0.09549994172639298,0.0,0.30419534399736087,0.49676469381216604,0.5169061273671751,2.548673927200178,0.0,0
5337,22.03116,79.47857,75.08474435876985,65.98288735877716,0.1071015543451948,0.0,0.0,0.20863073926635248,0.6284570233974891,5.093622993375435,0.0026645305915755806,0
5338,22.03116,79.50065,73.14818640607545,64.64964550094989,0.03781699161332876,0.0,0.10575486717829113,0.0033684955744723855,0.662719850176228,2.160311744310218,0.07989466182419408,0
5339,22.03116,79.52273,71.23186466327037,63.31642954240461,0.13579704631482162,0.1804757969027558,0.1256134671524582,0.39670776652358264,0.0713683308382248,2.0888672439564506,0.13968936435429566,0
5340,22.03116,79.54481,69.3374570332723,61.98323949532391,0.022601505585281675,0.004372174025008841,0.0,0.32267509122174737,0.7270128175167903,6.274058252291404,0.0,0
5341,22.03116,79.56688,67.46680956796934,60.65007537189322,0.024096864665413092,0.0,0.0,0.3095080002818207,0.43066817585415695,5.675609819800304,0.05401873749463652,0
5342,22.03116,79.58896,65.52617496851443,59.31693718429899,0.014599739481970929,0.0,0.0,0.03921445724301216,0.49951404417796774,7.522271905500805,0.0,0
5343,22.03116,79.61104,63.52286236321292,57.983824944728596,0.0,0.0,0.22963824201703362,0.043786692147398484,0.7654996559918588,8.882751260669053,0.0,0
5344,22.03116,79.63312,61.53865522958545,56.65073866536763,0.0,0.0,0.2502726612173937,0.007845251025671303,0.7525624313870136,3.17128411859898,0.33104862820205405,0
5345,22.03116,79.65519,59.575462609011296,55.317678358406084,0.0,0.0,0.0,0.10651421726876603,0.6189794407693542,0.010634743604090335,0.0,0
5346,22.03116,79.67727,57.63543198901388,53.984644036033416,0.0,0.0,0.0522335716636634,0.034279840079138306,0.6519679867451736,1.6673867411737058,0.07197695639539341,0
5347,22.03116,79.69935,55.72098274983982,52.65163571043751,0.1722367009426687,0.0,0.2394846219698444,0.23547590428834364,0.6868961139467762,4.515719715254996,0.0,0
5348,22.03116,79.72143,53.77276526125169,51.31865339381029,0.0606978465458953,0.0,0.0,0.24030782371678897,0.7501894775700594,6.774324978745311,0.038596552018389275,0
5349,22.03116,79.74351,51.75790492160933,49.98569709834198,0.0,0.025292679179728404,0.0,0.14739173743405592,0.7680027402392939,0.3078055992875064,0.08842222608930178,0
5350,22.03116,79.76558,49.765698971206625,48.652766836225744,0.0,0.038956412407935494,0.40366834807605007,0.3219974713629218,0.5650283241015432,3.704135009935366,0.1429347980176209,0
5351,22.03116,79.78766,47.798980163619355,47.31986261965082,0.03591607864790495,0.0,0.05999605388561582,0.19867642445569467,0.44670371344248677,0.9854218683862106,0.0,0
5352,22.03116,79.80974,45.86102765544506,45.98698446081395,0.11944152370552973,0.0,0.0,0.08649492631734626,0.5141827907263684,2.673041834960188,0.02442164656457423,0
5353,22.03116,79.83182,43.955646470539634,44.65413237190932,0.0,0.3463339389961476,0.023727001778104297,0.12607285832081022,0.5676763612212202,2.642822472215575,0.030076440350368834,0
5354,22.03116,79.8539,42.08726060593938,43.321306365129296,0.00015223842950473296,0.340401680886835,0.20466710574395072,0.0,0.5423908247704919,4.064160166085848,0.0,0
5355,22.03116,79.87597,40.26102093772431,41.988506452671544,0.10508161029492297,0.0,0.0,0.23507830693248857,0.40804523906791823,8.368786735273716,0.0,0
5356,22.03116,79.89805,38.482928223590775,40.655732646730236,0.0,0.0,0.03598893688417529,0.0,0.6108234343172452,4.333495336285787,0.14255951386997903,0
5357,22.03116,79.92013,36.759969822514755,39.32298495950449,0.0,0.0,0.0,0.2441351589381824,0.33007295394918273,1.9963831031573285,0.0,0
5358,22.03116,79.94221,35.100265806700676,37.990263403188834,0.0,0.1714100922120737,0.0,0.13707603444628988,0.561378292256636,1.585472593332508,0.41795130350489795,0
5359,22.03116,79.96429,33.51321533629394,36.657567989985154,0.0,0.0,0.01819178587748508,0.18129536031423252,0.5701796764072082,2.6570362190477526,0.15413984866266842,0
5360,22.03116,79.98636,32.0096268493229,35.3248987320925,0.0,0.04162065875151648,0.0,0.4071031767731851,0.5651696609523371,0.911288448709417,0.07237038078357223,0
5361,22.03116,80.00844,30.601805311253788,33.99225564170717,0.019978797953791753,0.3234411575721015,0.0,0.10583672797867127,0.6679510894285424,3.569125394962804,0.24177517385117767,0
5362,22.03116,80.03052,29.30355670948495,32.659638731033766,0.23516056928381185,0.0030358413230937766,0.0,0.0,0.6490913992236103,0.0,0.12379752773316018,0
5363,22.03116,80.0526,28.130056082358493,31.327048012271575,0.0,0.1186425750417113,0.0,0.3299347150286062,0.859334582717471,2.7279458037789386,0.029703079005202818,0
5364,22.03116,80.07468,27.097515528446493,29.994483497623044,0.041749465922577375,0.09000782200480166,0.0,0.11555291190555324,0.475334369089246,2.978040304431977,0.0,0
5365,22.03116,80.09675,26.222591688455548,28.661945199290034,0.24779087190849391,0.0,0.0,0.09358528270599611,0.586577487609367,0.3548384274114533,0.10684419435131914,0
5366,22.03116,80.11883,25.521499902967296,27.329433129477376,0.0,0.1789461585687014,0.17957447420679573,0.16025288419679484,0.5772905057857448,2.438407399655919,0.223950930646398,0
5367,22.03116,80.14091,25.00886394617351,25.996947300390158,0.23089144944091144,0.0,0.05509266055808888,0.3603861828112494,0.570449897799009,6.4126922014509535,0.0,0
5368,22.03116,80.16299,24.696422233567937,24.66448772423065,0.01703426764872636,0.22739746477240946,0.0,0.28651188884585094,0.36965871217743274,6.6801717418971975,0.0,0
5369,22.03116,80.18506,24.591806428156204,23.373302205038,0.23415972830116938,0.0,0.0,0.09187565145221807,0.38099430821136643,2.284288288500035,0.0,0
5370,22.03116,80.20714,24.697657637286405,22.30487941426031,0.11431925182236097,0.0,0.0,0.2962976281747437,0.5476442823274065,5.116018212665628,0.282048580495903,0
5371,22.03116,80.22922,25.01130382720662,21.426030931312972,0.06498057040560955,0.0,0.1559063530856462,0.15860984752312735,0.32627991700782516,0.0,0.013383452521923226,0
5372,22.03116,80.2513,25.525086134662452,20.760845939399186,0.023549649225345706,0.0,0.10867576912340517,0.25423426126570625,0.5003703064284116,3.1262373272905384,0.23403914194187045,0
5373,22.03116,80.27338,26.227245401806456,20.330307774749823,0.0,0.0,0.0,0.2916347648947334,0.4568172614173437,4.540261008051761,0.0034368359622076075,0
5374,22.03116,80.29545,27.103144761057855,20.14946332104279,0.043891297577773304,0.0,0.0,0.08994916471885465,0.5060992272096108,7.9292609688653855,0.0,0
5375,22.03116,80.31753,28.136563132906954,20.22501169347568,0.14204429936578214,0.0,0.0,0.2863565621114753,0.7066873838040033,7.052518436327295,0.3417609657071705,0
5376,22.03116,80.33961,29.310844190587314,20.554125906453756,0.030953534415347903,0.0,0.0,0.1965255410063359,0.3975214021133883,4.460290749152509,0.0,0
5377,22.03116,80.36169,30.609780483390452,21.124958063371725,0.0,0.14458720108860154,0.0,0.09800498124342563,0.6705545177837775,1.4907574904846093,0.0,0
5378,22.03116,80.38377,32.018204283669526,21.91863092692186,0.0,0.08407272218128321,0.0,0.33913062298940944,0.4690570585008581,7.32020256750074,0.07377135379088887,0
5379,22.03116,80.40584,33.52231821142355,22.911998530560606,0.14105425646955952,0.0,0.1651133733557238,0.2498748253638935,0.4867054077601202,2.8209591386030155,0.0,0
5380,22.03116,80.42792,35.10982622219318,24.080359987287522,0.16509134151498558,0.0,0.0,0.30273911924914365,0.6146013545191117,4.785864121728154,0.12453818180684034,0
5381,22.03116,80.45,36.76992848171393,25.399577987270593,0.0,0.0,0.1989383801107273,0.0447735415184007,0.511183162461237,3.216716295327546,0.07136878386236226,0
5382,22.05,78.75,96.07604614137672,111.69801967301923,0.0,0.23775326462312152,0.0,0.13213519828538117,0.4250544902590757,8.179866215590684,0.07768426279652622,0
5383,22.05,78.77208,94.91849456844905,110.36394476166372,0.04552308063054665,0.0,0.0,0.0,0.4981611504336792,1.4139287186298184,0.0,0
5384,22.05,78.79416,93.80214774160171,109.02989535145294,0.1833038605986952,0.0,0.0,0.0,0.3012712534875699,5.382309792807714,0.0,0
5385,22.05,78.81623,92.72849387226556,107.69587145454285,0.1375188530193654,0.0,0.0,0.2130237250455249,0.6033657939464802,2.7754048517911487,0.0,0
5386,22.05,78.83831,91.6990326003703,106.36187308309349,0.0,0.0,0.0,0.23516339163047076,0.11574094965500681,4.479738201502274,0.0,0
5387,22.05,78.86039,90.71526848805573,105.02790024926514,0.0,0.04912107683347434,0.25625062163641416,0.25738507300407154,0.6743226873154721,7.212108702318691,0.04682107141330727,0
5388,22.05,78.88247,89.77870376934727,103.69395296521952,0.0,0.032465120224724246,0.0819424663206099,0.2306422087791819,0.6361366096756427,0.0,0.0,0
5389,22.05,78.90455,88.8908303718765,102.3600312431162,0.0,0.20524259027113895,0.20296597568460376,0.27044953831206037,0.7742007975794114,2.8300908098602315,0.0,0
5390,22.05,78.92662,88.05312124602763,101.02613509511846,0.19252924821925707,0.1666262609511102,0.0,0.411109202083117,0.8554907112895043,0.6755512911367672,0.0,0
5391,22.05,78.9487,87.26702105839134,99.69226453338945,0.0,0.38353964277611347,0.0,0.20316898480970758,0.68100783787338,4.1590420861351705,0.062018613077662446,0
5392,22.05,78.97078,86.53393632967861,98.35841957009143,0.0,0.0,0.0,0.0,0.4621631863107919,4.797621166545598,0.10998691828949307,0
5393,22.05,78.99286,85.85522512147423,97.02460021738823,0.0,0.0,0.05308798911856239,0.0,0.8541670118818083,1.7769467888183632,0.0,0
5394,22.05,79.01494,85.23218640060465,95.690806487448,0.034477390795507636,0.0,0.36203244775151794,0.10910301413295886,0.3828492081906095,1.642882534663337,0.0,0
5395,22.05,79.03701,84.66604923329062,94.35703839243179,0.07449072645920554,0.11145439351950014,0.08247662346180465,0.3794970668274541,0.2836213425698802,3.5301500122335567,0.09823623724113216,0
5396,22.05,79.05909,84.1579619825003,93.02329594450914,0.052493997003532036,0.01896770762346694,0.0,0.0,0.8093447898733603,0.0,0.026478029932291373,0
5397,22.05,79.08117,83.70898169962236,91.68957915584639,0.14108247921490633,0.10420524213666237,0.0,0.0,0.6342179710874634,3.866704807736851,0.1897715335292254,0
5398,22.05,79.10325,83.3200639145251,90.3558880386116,0.0,0.0,0.0,0.35925460415434446,0.2873853558128454,0.8743468157469247,0.0,0
5399,22.05,79.12532,82.99205303499126,89.0222226049708,0.14260074464796893,0.05626034555421506,0.40532873581443934,0.11318733197132258,0.36024951500028957,4.907940890093687,0.0,0
5400,22.05,79.1474,82.72567356643319,87.6885828670952,0.0,0.032836280822257355,0.24672194805073056,0.2913623440256881,0.6271796986959015,0.0,0.17382577195140095,0
5401,22.05,79.16948,82.52152235500061,86.35496883715535,0.0877798787660138,0.022250735869457246,0.051992044596166104,0.15126361038264252,0.4282047098295152,1.52571499322362,0.0,0
5402,22.05,79.19156,82.38006204141182,85.02138052731873,0.0,0.0,0.021946643678316002,0.10397490792327527,0.44833893672133607,1.0477535945834406,0.0,0
5403,22.05,79.21364,82.30161588919599,83.6878179497601,0.0005956795798474018,0.19029910269776185,0.05987093178403647,0.4034866772813872,0.8252989200154683,2.2256129610338684,0.14285043706628595,0
5404,22.05,79.23571,82.28636412022563,82.35428111664861,0.02835358642291264,0.3280576699727932,0.0988553882712034,0.07391840093211587,0.8507469548511368,6.579439685692127,0.23187961163863272,0
5405,22.05,79.25779,82.33434185355783,81.02077004015906,0.13869149072128875,0.0,0.0,0.049420617244102016,0.5705465170214381,5.2006236459682285,0.02931935661257458,0
5406,22.05,79.27987,82.44543870226674,79.68728473246232,0.0,0.1152828400056008,0.0,0.3036557550739785,0.5289306962221839,1.7541059815437783,0.0,0
5407,22.05,79.30195,82.61940003901898,78.3538252057342,0.0036924367140979703,0.0,0.20644429157739053,0.10255207143219973,0.6763435156795201,1.7520518054970495,0.24556518429258653,0
5408,22.05,79.32403,82.85582989670242,77.02039147215028,0.0,0.1069940647613954,0.004396775504930984,0.6410393768227975,0.471374871725223,5.3035433045915195,0.060275276399887015,0
5409,22.05,79.3461,83.15419542757887,75.68698354388289,0.06066284878789747,0.0,0.18974580444099867,0.0,0.2377262850849436,0.0,0.0351579437219601,0
5410,22.05,79.36818,83.5138328051928,74.35360143311182,0.09327013493634369,0.0,0.32923195328032945,0.0,0.1633856835969948,3.060517347037394,0.0,0
5411,22.05,79.39026,83.93395441937543,73.02024515201116,0.15446561254496577,0.0,0.10412313537746862,0.12190634269626704,0.5396960646209638,1.427710788933561,0.18077226833481844,0
5412,22.05,79.41234,82.02761495769668,71.68691471276097,0.0,0.0,0.07170996258362373,0.0185064410229343,0.6734627716886581,2.556735139918244,0.0,0
5413,22.05,79.43442,80.06473032808005,70.3536101275372,0.11127526246107473,0.13424489567871326,0.6400489771412156,0.09526739103528027,0.5522396731985623,5.107305804664589,0.0,0
5414,22.05,79.45649,78.11897404441571,69.02033140852014,0.16331828632242634,0.0,0.041404568418800095,0.13984373979046472,0.6633940643934984,1.2641502856399878,0.30312115876516155,0
5415,22.05,79.47857,76.19165841297118,67.68707856788824,0.0,0.0,0.0,0.1930335442020492,0.677376090780237,5.537660267399259,0.0,0
5416,22.05,79.50065,74.28421882562634,66.35385161782264,0.07349713560758506,0.0,0.0,0.0964545389690849,0.7440448537118397,8.724579797529769,0.15354924899086994,0
5417,22.05,79.52273,72.39822633260921,65.02065057050649,0.11504101339001684,0.25304162014181125,0.31033847815173465,0.0,0.5760758871751546,4.576980374906014,0.22054980927457532,0
5418,22.05,79.54481,70.52941718395988,63.687475438119904,0.0,0.0691689845065807,0.0,0.2731651435141864,0.5886209736682846,2.788979629318838,0.033626192684829685,0
5419,22.05,79.56688,68.5212007411838,62.35432623284497,0.0,0.0,0.0,0.08000993774180548,0.5448458721406874,6.017368743852719,0.0,0
5420,22.05,79.58896,66.53034972724437,61.02120296686558,0.11319298537794159,0.0,0.22128982472303715,0.3256908707942999,0.5138205399339963,0.12722707783010145,0.10076445463087196,0
5421,22.05,79.61104,64.55847074793368,59.688105652366104,0.0,0.2491205198468451,0.0,0.2213546514183931,0.3299115579536832,6.966647413536879,0.22268398221602348,0
5422,22.05,79.63312,62.607356499070356,58.35503430152998,0.0,0.11446840685385076,0.0,0.008316847576707309,0.7140718928364871,1.055777188402467,0.05479746934929406,0
5423,22.05,79.65519,60.67901010584847,57.02198892654437,0.0,0.0,0.21468749751151364,0.0,0.4962654582745045,8.652990421881453,0.0,0
5424,22.05,79.67727,58.775672595861444,55.68896953959538,0.0859576979989414,0.0,0.0,0.3816928196700543,0.48824209906796545,1.1539778884090763,0.04897087264048209,0
5425,22.05,79.69935,56.759210202050355,54.355976152868436,0.0,0.0,0.0,0.0,0.4741579044334071,4.741868415855284,0.0,0
5426,22.05,79.72143,54.75978760651548,53.02300877855237,0.0,0.0,0.0,0.30992774423325065,0.3623239574185429,0.0,0.0,0
5427,22.05,79.74351,52.78288537077853,51.69006742883524,0.012051220228873748,0.0,0.11641044053767433,0.016108479811773407,0.5379937184249469,2.4743824877873974,0.0,0
5428,22.05,79.76558,50.83113116217191,50.357152115907425,0.12099333623432923,0.0,0.05190392382107705,0.18369136784998852,0.6222576450151923,0.22623666896992534,0.009844120311827808,0
5429,22.05,79.78766,48.90753586495927,49.02426285195479,0.2747768170889178,0.2228207784079578,0.0,0.2453741008316785,0.45120207354100195,0.0,0.0,0
5430,22.05,79.80974,47.01555593107147,47.6913996491716,0.0,0.0,0.0,0.36487864055986385,0.6951850997183107,6.179317237645503,0.039958778264000225,0
5431,22.05,79.83182,45.15916523100093,46.358562519748965,0.03828205915550648,0.0,0.0,0.09012136036225579,0.49831468887161917,0.0,0.08346708155622698,0
5432,22.05,79.8539,43.34293693885527,45.025751475877044,0.0,0.023397609184221315,0.2236058821608553,0.0,0.33528261255066905,1.1492795701067968,0.0,0
5433,22.05,79.87597,41.57213534581804,43.692966529750464,0.12294504696584324,0.35598727384372897,0.0,0.12686991368943923,0.742121915874514,0.8559372737450937,0.0,0
5434,22.05,79.89805,39.8528163578358,42.3602076935609,0.0,0.002709410643314425,0.0,0.07193463610422007,0.5775239268696599,6.044435756617611,0.0167207709610898,0
5435,22.05,79.92013,38.191933555479046,41.027474979504085,0.0,0.17656622303299388,0.0,0.20892070401235838,0.6705156123178315,5.7397871340483615,0.29039038488954083,0
5436,22.05,79.94221,36.59744377767086,39.69476839977208,0.0,0.0,0.0,0.11881725397929499,0.6737115868678787,6.412105886099649,0.07325584123517015,0
5437,22.05,79.96429,35.07840191887688,38.36208796656365,0.0,0.0,0.06897475918748877,0.303473914469453,0.416966569807804,1.0819848666625242,0.002530864733872944,0
5438,22.05,79.98636,33.64502877586118,37.02943369207601,0.04087166219429963,0.004617111202583547,0.4247973901301364,0.07599453233532324,0.47619802892251195,6.655986246198756,0.0,0
5439,22.05,80.00844,32.30872844199448,35.69680558850176,0.060651395475296535,0.0,0.045804879325171875,0.0,0.6938828881212386,1.1035285726158426,0.09240740903599694,0
5440,22.05,80.03052,31.082023737810204,34.364203668043,0.002563531606315495,0.0,0.0,0.370704391483038,0.8058052304376191,1.2355083429341833,0.033448100544656904,0
5441,22.05,80.0526,29.978371557454064,33.031627942896236,0.0,0.14653014164386693,0.1760222586515611,0.10581189767593038,0.5575076539394245,1.412555402100481,0.11330334701120819,0
5442,22.05,80.07468,29.011818621572825,31.699078425260858,0.09241060195337653,0.0,0.14333798300267636,0.1104665179139355,0.46060456115273113,1.5438225464292674,0.0,0
5443,22.05,80.09675,28.196467443663476,30.366555127336195,0.0,0.006281499226344037,0.0,0.27277888926417576,0.7837069340185202,3.072206223282066,0.019635731911828262,0
5444,22.05,80.11883,27.54574798248154,29.034058061325243,0.14732306327039787,0.12079750022533059,0.46575772224084155,0.29935728609960505,0.4602436107873854,1.1768386706766751,0.0,0
5445,22.05,80.14091,27.071534631799164,27.701587239428765,0.0,0.0,0.0009504008275629233,0.0,0.5938604060936976,4.016150195347949,0.05976132090479952,0
5446,22.05,80.16299,26.78320449567091,26.369142673846852,0.0,0.18544970188332652,0.05341576063743432,0.06199822488461754,0.4878068521265938,0.0,0.0,0
5447,22.05,80.18506,26.68678323523972,25.20087284398019,0.01091027519068144,0.023322906892685603,0.11651901660597722,0.12461737571935022,0.5853293240256567,4.1404168488949935,0.0,0
5448,22.05,80.20714,26.784343497474367,24.213361201467517,0.1731900979595462,0.0,0.07531389853608624,0.2646501032827748,0.41533359466139774,0.7775330900032302,0.08712446983398375,0
5449,22.05,80.22922,27.073788327217525,23.406390549532123,0.03953341982745096,0.0,0.31090421783333794,0.2278148530559036,0.49535282025348915,1.9275323995732812,0.11290194601244671,0
5450,22.05,80.2513,27.549070265811956,22.799139601073964,0.0,0.0,0.0,0.009388764441879666,0.4601508824691134,2.036935409103843,0.0,0
5451,22.05,80.27338,28.200794854471727,22.40785141933348,0.0,0.07529281684936512,0.16142193876484678,0.35217782554145066,0.6408945324646754,6.198615701487463,0.0,0
5452,22.05,80.29545,29.017075789517836,22.243925799399452,0.23547516329534493,0.2952875826246233,0.0370046495049039,0.2587105512260725,0.571262558637007,5.072049503003952,0.10279006868155367,0
5453,22.05,80.31753,29.984476690366538,22.312374501964733,0.0,0.1066486378181485,0.1999757657282592,0.17717449971090954,0.6718770247394945,3.323918580718119,0.2535957457060662,0
5454,22.05,80.33961,31.088893423591507,22.611087280532466,0.0,0.1953171830932332,0.0,0.0,0.43326967238504077,1.870092981763884,0.0,0
5455,22.05,80.36169,32.31628137181887,23.13114504227103,0.08957366644727657,0.0,0.0,0.36606106231901936,0.5199008532861574,5.724214558923036,0.0,0
5456,22.05,80.38377,33.653188303350646,23.858077548255288,0.0,0.0,0.14817564181814932,0.09245146892107739,0.6367713710905641,8.301536475703973,0.12909317995345615,0
5457,22.05,80.40584,35.08709757605403,24.77368053590696,0.1690507067879072,0.2067351307669218,0.07295546560349178,0.30903475487860665,0.6696408012907759,3.501052772758984,0.1333505967182389,0
5458,22.05,80.42792,36.60661196632738,25.857919851228196,0.08834138140469207,0.0,0.0,0.0,0.3471421387288095,0.0,0.17554567319795705,0
5459,22.05,80.45,38.20151764982617,27.090555150676924,0.11885032123270782,0.16294724479269754,0.2698926467338662,0.1528768898943745,0.5941479527260422,1.616067938991317,0.1623541461136154,0
